2026-07-28 06:07:33,845 6884 INFO ? odoo: Odoo version 18.0 
2026-07-28 06:07:33,845 6884 INFO ? odoo: Using configuration file at D:\odoo-mcp\odoo.conf 
2026-07-28 06:07:33,846 6884 INFO ? odoo: addons paths: ['D:\\Odoo\\odoo\\odoo\\addons', 'd:\\odoo\\data\\addons\\18.0', 'd:\\odoo\\odoo\\addons', 'd:\\odoo\\addons', 'd:\\odoo-mcp\\custom_addons', 'd:\\odoo\\odoo\\odoo\\addons'] 
2026-07-28 06:07:33,846 6884 INFO ? odoo: database: odoo@localhost:5432 
2026-07-28 06:07:35,014 6884 INFO ? odoo.addons.base.models.ir_actions_report: You need Wkhtmltopdf to print a pdf version of the reports. 
2026-07-28 06:07:35,027 6884 INFO ? odoo.addons.base.models.ir_actions_report: You need Wkhtmltoimage to generate images from html. 
2026-07-28 06:07:37,135 6884 INFO ? odoo.service.server: Initiating shutdown 
2026-07-28 06:07:37,135 6884 INFO ? odoo.service.server: Hit CTRL-C again or send a second signal to force the shutdown. 
2026-07-28 06:07:50,733 16364 INFO ? odoo: Odoo version 18.0 
2026-07-28 06:07:50,733 16364 INFO ? odoo: Using configuration file at D:\odoo-mcp\odoo.conf 
2026-07-28 06:07:50,733 16364 INFO ? odoo: addons paths: ['D:\\Odoo\\odoo\\odoo\\addons', 'd:\\odoo\\data\\addons\\18.0', 'd:\\odoo\\odoo\\addons', 'd:\\odoo\\addons', 'd:\\odoo-mcp\\custom_addons', 'd:\\odoo\\odoo\\odoo\\addons'] 
2026-07-28 06:07:50,733 16364 INFO ? odoo: database: odoo@localhost:5432 
2026-07-28 06:07:50,998 16364 INFO ? odoo.addons.base.models.ir_actions_report: You need Wkhtmltopdf to print a pdf version of the reports. 
2026-07-28 06:07:51,011 16364 INFO ? odoo.addons.base.models.ir_actions_report: You need Wkhtmltoimage to generate images from html. 
2026-07-28 06:07:52,319 16364 INFO ? odoo.service.server: HTTP service (werkzeug) running on Annu:8069 
2026-07-28 06:07:52,363 16364 INFO ? odoo.sql_db: Connection to the database failed 
2026-07-28 06:07:52,403 16364 INFO ? odoo.sql_db: Connection to the database failed 
2026-07-28 06:10:27,317 6860 INFO ? odoo: Odoo version 18.0 
2026-07-28 06:10:27,318 6860 INFO ? odoo: Using configuration file at D:\odoo-mcp\odoo.conf 
2026-07-28 06:10:27,318 6860 INFO ? odoo: addons paths: ['D:\\Odoo\\odoo\\odoo\\addons', 'd:\\odoo\\data\\addons\\18.0', 'd:\\odoo\\odoo\\addons', 'd:\\odoo\\addons', 'd:\\odoo-mcp\\custom_addons', 'd:\\odoo\\odoo\\odoo\\addons'] 
2026-07-28 06:10:27,318 6860 INFO ? odoo: database: odoo@localhost:5432 
2026-07-28 06:10:27,360 6860 INFO ? odoo.sql_db: Connection to the database failed 
2026-07-28 06:10:58,731 17680 INFO ? odoo: Odoo version 18.0 
2026-07-28 06:10:58,732 17680 INFO ? odoo: Using configuration file at D:\odoo-mcp\odoo.conf 
2026-07-28 06:10:58,732 17680 INFO ? odoo: addons paths: ['D:\\Odoo\\odoo\\odoo\\addons', 'd:\\odoo\\data\\addons\\18.0', 'd:\\odoo\\odoo\\addons', 'd:\\odoo\\addons', 'd:\\odoo-mcp\\custom_addons', 'd:\\odoo\\odoo\\odoo\\addons'] 
2026-07-28 06:10:58,732 17680 INFO ? odoo: database: odoo@localhost:5432 
2026-07-28 06:10:58,774 17680 INFO ? odoo.sql_db: Connection to the database failed 
2026-07-28 06:15:03,599 18320 INFO ? odoo: Odoo version 18.0 
2026-07-28 06:15:03,599 18320 INFO ? odoo: Using configuration file at D:\odoo-mcp\odoo.conf 
2026-07-28 06:15:03,600 18320 INFO ? odoo: addons paths: ['D:\\Odoo\\odoo\\odoo\\addons', 'd:\\odoo\\data\\addons\\18.0', 'd:\\odoo\\odoo\\addons', 'd:\\odoo\\addons', 'd:\\odoo-mcp\\custom_addons', 'd:\\odoo\\odoo\\odoo\\addons'] 
2026-07-28 06:15:03,600 18320 INFO ? odoo: database: odoo@localhost:5432 
2026-07-28 06:15:03,921 18320 INFO ? odoo.addons.base.models.ir_actions_report: You need Wkhtmltopdf to print a pdf version of the reports. 
2026-07-28 06:15:03,933 18320 INFO ? odoo.addons.base.models.ir_actions_report: You need Wkhtmltoimage to generate images from html. 
2026-07-28 06:15:05,237 18320 INFO ? odoo.service.server: HTTP service (werkzeug) running on Annu:8069 
2026-07-28 06:15:05,347 18320 INFO odoo18 odoo.modules.loading: loading 1 modules... 
2026-07-28 06:15:05,356 18320 INFO odoo18 odoo.modules.loading: 1 modules loaded in 0.01s, 0 queries (+0 extra) 
2026-07-28 06:15:05,397 18320 INFO odoo18 odoo.modules.loading: updating modules list 
2026-07-28 06:15:05,403 18320 INFO odoo18 odoo.addons.base.models.ir_module: ALLOW access to module.update_list on [] to user __system__ #1 via n/a 
2026-07-28 06:15:05,520 18320 WARNING odoo18 odoo.modules.module: addons path does not exist: d:\odoo\addons 
2026-07-28 06:15:08,149 18320 WARNING odoo18 odoo.modules.graph: module muk_web_utils: not installable, skipped 
2026-07-28 06:15:08,151 18320 WARNING odoo18 odoo.modules.graph: module twilio_dialer: not installable, skipped 
2026-07-28 06:15:08,155 18320 WARNING odoo18 odoo.modules.graph: module mcp_server: not installable, skipped 
2026-07-28 06:15:08,157 18320 INFO odoo18 odoo.modules.loading: loading 35 modules... 
2026-07-28 06:15:12,140 18320 INFO odoo18 odoo.modules.loading: 35 modules loaded in 3.98s, 0 queries (+0 extra) 
2026-07-28 06:15:12,337 18320 ERROR odoo18 odoo.modules.loading: Some modules are not loaded, some dependencies or manifest may be missing: ['mcp_server', 'muk_web_utils', 'twilio_dialer'] 
2026-07-28 06:15:12,954 18320 INFO odoo18 odoo.modules.loading: Modules loaded. 
2026-07-28 06:15:12,964 18320 INFO odoo18 odoo.modules.registry: Registry changed, signaling through the database 
2026-07-28 06:15:12,965 18320 INFO odoo18 odoo.modules.registry: Registry loaded in 7.724s 
2026-07-28 06:15:41,193 18320 INFO odoo18 odoo.addons.base.models.ir_http: Generating routing map for key None 
2026-07-28 06:15:41,230 18320 INFO odoo18 werkzeug: 127.0.0.1 - - [28/Jul/2026 06:15:41] "GET / HTTP/1.1" 303 - 4 0.006 0.037
2026-07-28 06:15:41,447 18320 INFO odoo18 werkzeug: 127.0.0.1 - - [28/Jul/2026 06:15:41] "GET /odoo HTTP/1.1" 303 - 1 0.001 0.005
2026-07-28 06:15:42,246 18320 INFO odoo18 werkzeug: 127.0.0.1 - - [28/Jul/2026 06:15:42] "GET /web/login?redirect=/odoo? HTTP/1.1" 200 - 55 0.046 0.654
2026-07-28 06:15:42,301 18320 ERROR odoo18 odoo.http: Exception during request handling. 
Traceback (most recent call last):
  File "D:\Odoo\odoo\odoo\http.py", line 2577, in __call__
    response = request._serve_db()
               ^^^^^^^^^^^^^^^^^^^
  File "D:\Odoo\odoo\odoo\http.py", line 2104, in _serve_db
    return self._transactioning(
           ^^^^^^^^^^^^^^^^^^^^^
  File "D:\Odoo\odoo\odoo\http.py", line 2167, in _transactioning
    return service_model.retrying(func, env=self.env)
           ^^^^^^^^^^^^^^^^^^^^^^^^^^^^^^^^^^^^^^^^^^
  File "D:\Odoo\odoo\odoo\service\model.py", line 157, in retrying
    result = func()
             ^^^^^^
  File "D:\Odoo\odoo\odoo\http.py", line 2134, in _serve_ir_http
    response = self.dispatcher.dispatch(rule.endpoint, args)
               ^^^^^^^^^^^^^^^^^^^^^^^^^^^^^^^^^^^^^^^^^^^^^
  File "D:\Odoo\odoo\odoo\http.py", line 2295, in dispatch
    return self.request.registry['ir.http']._dispatch(endpoint)
           ^^^^^^^^^^^^^^^^^^^^^^^^^^^^^^^^^^^^^^^^^^^^^^^^^^^^
  File "D:\Odoo\odoo\odoo\addons\base\models\ir_http.py", line 333, in _dispatch
    result = endpoint(**request.params)
             ^^^^^^^^^^^^^^^^^^^^^^^^^^
  File "D:\Odoo\odoo\odoo\http.py", line 754, in route_wrapper
    result = endpoint(self, *args, **params_ok)
             ^^^^^^^^^^^^^^^^^^^^^^^^^^^^^^^^^^
  File "d:\odoo\odoo\addons\web\controllers\binary.py", line 113, in content_assets
    stream = env['ir.binary']._get_stream_from(attachment, 'raw', filename)
             ^^^^^^^^^^^^^^^^^^^^^^^^^^^^^^^^^^^^^^^^^^^^^^^^^^^^^^^^^^^^^^
  File "D:\Odoo\odoo\odoo\addons\base\models\ir_binary.py", line 127, in _get_stream_from
    stream = self._record_to_stream(record, field_name)
             ^^^^^^^^^^^^^^^^^^^^^^^^^^^^^^^^^^^^^^^^^^
  File "D:\Odoo\odoo\odoo\addons\base\models\ir_binary.py", line 74, in _record_to_stream
    return record._to_http_stream()
           ^^^^^^^^^^^^^^^^^^^^^^^^
  File "D:\Odoo\odoo\odoo\addons\base\models\ir_attachment.py", line 822, in _to_http_stream
    stat = os.stat(stream.path)
           ^^^^^^^^^^^^^^^^^^^^
FileNotFoundError: [WinError 3] The system cannot find the path specified: 'd:\\odoo\\data\\filestore\\odoo18/34/344da5dacb5156d66c17b86bcc392266b3add426'
2026-07-28 06:15:42,443 18320 INFO odoo18 werkzeug: 127.0.0.1 - - [28/Jul/2026 06:15:42] "GET /web/assets/6c42272/web.assets_frontend.min.css HTTP/1.1" 500 - 4 0.003 0.148
2026-07-28 06:15:42,615 18320 INFO odoo18 werkzeug: 127.0.0.1 - - [28/Jul/2026 06:15:42] "GET /web/binary/company_logo HTTP/1.1" 200 - 2 0.009 0.004
2026-07-28 06:15:42,765 18320 ERROR odoo18 odoo.http: Exception during request handling. 
Traceback (most recent call last):
  File "D:\Odoo\odoo\odoo\http.py", line 2577, in __call__
    response = request._serve_db()
               ^^^^^^^^^^^^^^^^^^^
  File "D:\Odoo\odoo\odoo\http.py", line 2104, in _serve_db
    return self._transactioning(
           ^^^^^^^^^^^^^^^^^^^^^
  File "D:\Odoo\odoo\odoo\http.py", line 2167, in _transactioning
    return service_model.retrying(func, env=self.env)
           ^^^^^^^^^^^^^^^^^^^^^^^^^^^^^^^^^^^^^^^^^^
  File "D:\Odoo\odoo\odoo\service\model.py", line 157, in retrying
    result = func()
             ^^^^^^
  File "D:\Odoo\odoo\odoo\http.py", line 2134, in _serve_ir_http
    response = self.dispatcher.dispatch(rule.endpoint, args)
               ^^^^^^^^^^^^^^^^^^^^^^^^^^^^^^^^^^^^^^^^^^^^^
  File "D:\Odoo\odoo\odoo\http.py", line 2295, in dispatch
    return self.request.registry['ir.http']._dispatch(endpoint)
           ^^^^^^^^^^^^^^^^^^^^^^^^^^^^^^^^^^^^^^^^^^^^^^^^^^^^
  File "D:\Odoo\odoo\odoo\addons\base\models\ir_http.py", line 333, in _dispatch
    result = endpoint(**request.params)
             ^^^^^^^^^^^^^^^^^^^^^^^^^^
  File "D:\Odoo\odoo\odoo\http.py", line 754, in route_wrapper
    result = endpoint(self, *args, **params_ok)
             ^^^^^^^^^^^^^^^^^^^^^^^^^^^^^^^^^^
  File "d:\odoo\odoo\addons\web\controllers\binary.py", line 113, in content_assets
    stream = env['ir.binary']._get_stream_from(attachment, 'raw', filename)
             ^^^^^^^^^^^^^^^^^^^^^^^^^^^^^^^^^^^^^^^^^^^^^^^^^^^^^^^^^^^^^^
  File "D:\Odoo\odoo\odoo\addons\base\models\ir_binary.py", line 127, in _get_stream_from
    stream = self._record_to_stream(record, field_name)
             ^^^^^^^^^^^^^^^^^^^^^^^^^^^^^^^^^^^^^^^^^^
  File "D:\Odoo\odoo\odoo\addons\base\models\ir_binary.py", line 74, in _record_to_stream
    return record._to_http_stream()
           ^^^^^^^^^^^^^^^^^^^^^^^^
  File "D:\Odoo\odoo\odoo\addons\base\models\ir_attachment.py", line 822, in _to_http_stream
    stat = os.stat(stream.path)
           ^^^^^^^^^^^^^^^^^^^^
FileNotFoundError: [WinError 3] The system cannot find the path specified: 'd:\\odoo\\data\\filestore\\odoo18/40/40ff09c4bd4b5fc4754fe64e2755df2d89b62747'
2026-07-28 06:15:42,767 18320 INFO odoo18 werkzeug: 127.0.0.1 - - [28/Jul/2026 06:15:42] "GET /web/assets/287b320/web.assets_frontend_minimal.min.js HTTP/1.1" 500 - 4 0.003 0.007
2026-07-28 06:15:48,075 18320 INFO odoo18 odoo.addons.base.models.res_users: Login failed for db:odoo18 login:admin from 127.0.0.1 
2026-07-28 06:15:48,080 18320 INFO odoo18 werkzeug: 127.0.0.1 - - [28/Jul/2026 06:15:48] "POST /web/login HTTP/1.1" 200 - 8 0.019 1.371
2026-07-28 06:15:48,119 18320 ERROR odoo18 odoo.http: Exception during request handling. 
Traceback (most recent call last):
  File "D:\Odoo\odoo\odoo\http.py", line 2577, in __call__
    response = request._serve_db()
               ^^^^^^^^^^^^^^^^^^^
  File "D:\Odoo\odoo\odoo\http.py", line 2104, in _serve_db
    return self._transactioning(
           ^^^^^^^^^^^^^^^^^^^^^
  File "D:\Odoo\odoo\odoo\http.py", line 2167, in _transactioning
    return service_model.retrying(func, env=self.env)
           ^^^^^^^^^^^^^^^^^^^^^^^^^^^^^^^^^^^^^^^^^^
  File "D:\Odoo\odoo\odoo\service\model.py", line 157, in retrying
    result = func()
             ^^^^^^
  File "D:\Odoo\odoo\odoo\http.py", line 2134, in _serve_ir_http
    response = self.dispatcher.dispatch(rule.endpoint, args)
               ^^^^^^^^^^^^^^^^^^^^^^^^^^^^^^^^^^^^^^^^^^^^^
  File "D:\Odoo\odoo\odoo\http.py", line 2295, in dispatch
    return self.request.registry['ir.http']._dispatch(endpoint)
           ^^^^^^^^^^^^^^^^^^^^^^^^^^^^^^^^^^^^^^^^^^^^^^^^^^^^
  File "D:\Odoo\odoo\odoo\addons\base\models\ir_http.py", line 333, in _dispatch
    result = endpoint(**request.params)
             ^^^^^^^^^^^^^^^^^^^^^^^^^^
  File "D:\Odoo\odoo\odoo\http.py", line 754, in route_wrapper
    result = endpoint(self, *args, **params_ok)
             ^^^^^^^^^^^^^^^^^^^^^^^^^^^^^^^^^^
  File "d:\odoo\odoo\addons\web\controllers\binary.py", line 113, in content_assets
    stream = env['ir.binary']._get_stream_from(attachment, 'raw', filename)
             ^^^^^^^^^^^^^^^^^^^^^^^^^^^^^^^^^^^^^^^^^^^^^^^^^^^^^^^^^^^^^^
  File "D:\Odoo\odoo\odoo\addons\base\models\ir_binary.py", line 127, in _get_stream_from
    stream = self._record_to_stream(record, field_name)
             ^^^^^^^^^^^^^^^^^^^^^^^^^^^^^^^^^^^^^^^^^^
  File "D:\Odoo\odoo\odoo\addons\base\models\ir_binary.py", line 74, in _record_to_stream
    return record._to_http_stream()
           ^^^^^^^^^^^^^^^^^^^^^^^^
  File "D:\Odoo\odoo\odoo\addons\base\models\ir_attachment.py", line 822, in _to_http_stream
    stat = os.stat(stream.path)
           ^^^^^^^^^^^^^^^^^^^^
FileNotFoundError: [WinError 3] The system cannot find the path specified: 'd:\\odoo\\data\\filestore\\odoo18/34/344da5dacb5156d66c17b86bcc392266b3add426'
2026-07-28 06:15:48,122 18320 INFO odoo18 werkzeug: 127.0.0.1 - - [28/Jul/2026 06:15:48] "GET /web/assets/6c42272/web.assets_frontend.min.css HTTP/1.1" 500 - 4 0.002 0.008
2026-07-28 06:15:48,435 18320 INFO odoo18 werkzeug: 127.0.0.1 - - [28/Jul/2026 06:15:48] "GET /web/binary/company_logo HTTP/1.1" 304 - 2 0.002 0.004
2026-07-28 06:15:48,444 18320 ERROR odoo18 odoo.http: Exception during request handling. 
Traceback (most recent call last):
  File "D:\Odoo\odoo\odoo\http.py", line 2577, in __call__
    response = request._serve_db()
               ^^^^^^^^^^^^^^^^^^^
  File "D:\Odoo\odoo\odoo\http.py", line 2104, in _serve_db
    return self._transactioning(
           ^^^^^^^^^^^^^^^^^^^^^
  File "D:\Odoo\odoo\odoo\http.py", line 2167, in _transactioning
    return service_model.retrying(func, env=self.env)
           ^^^^^^^^^^^^^^^^^^^^^^^^^^^^^^^^^^^^^^^^^^
  File "D:\Odoo\odoo\odoo\service\model.py", line 157, in retrying
    result = func()
             ^^^^^^
  File "D:\Odoo\odoo\odoo\http.py", line 2134, in _serve_ir_http
    response = self.dispatcher.dispatch(rule.endpoint, args)
               ^^^^^^^^^^^^^^^^^^^^^^^^^^^^^^^^^^^^^^^^^^^^^
  File "D:\Odoo\odoo\odoo\http.py", line 2295, in dispatch
    return self.request.registry['ir.http']._dispatch(endpoint)
           ^^^^^^^^^^^^^^^^^^^^^^^^^^^^^^^^^^^^^^^^^^^^^^^^^^^^
  File "D:\Odoo\odoo\odoo\addons\base\models\ir_http.py", line 333, in _dispatch
    result = endpoint(**request.params)
             ^^^^^^^^^^^^^^^^^^^^^^^^^^
  File "D:\Odoo\odoo\odoo\http.py", line 754, in route_wrapper
    result = endpoint(self, *args, **params_ok)
             ^^^^^^^^^^^^^^^^^^^^^^^^^^^^^^^^^^
  File "d:\odoo\odoo\addons\web\controllers\binary.py", line 113, in content_assets
    stream = env['ir.binary']._get_stream_from(attachment, 'raw', filename)
             ^^^^^^^^^^^^^^^^^^^^^^^^^^^^^^^^^^^^^^^^^^^^^^^^^^^^^^^^^^^^^^
  File "D:\Odoo\odoo\odoo\addons\base\models\ir_binary.py", line 127, in _get_stream_from
    stream = self._record_to_stream(record, field_name)
             ^^^^^^^^^^^^^^^^^^^^^^^^^^^^^^^^^^^^^^^^^^
  File "D:\Odoo\odoo\odoo\addons\base\models\ir_binary.py", line 74, in _record_to_stream
    return record._to_http_stream()
           ^^^^^^^^^^^^^^^^^^^^^^^^
  File "D:\Odoo\odoo\odoo\addons\base\models\ir_attachment.py", line 822, in _to_http_stream
    stat = os.stat(stream.path)
           ^^^^^^^^^^^^^^^^^^^^
FileNotFoundError: [WinError 3] The system cannot find the path specified: 'd:\\odoo\\data\\filestore\\odoo18/40/40ff09c4bd4b5fc4754fe64e2755df2d89b62747'
2026-07-28 06:15:48,447 18320 INFO odoo18 werkzeug: 127.0.0.1 - - [28/Jul/2026 06:15:48] "GET /web/assets/287b320/web.assets_frontend_minimal.min.js HTTP/1.1" 500 - 4 0.009 0.007
2026-07-28 06:15:56,885 18320 INFO odoo18 odoo.addons.base.models.res_users: Login successful for db:odoo18 login:admin from 127.0.0.1 
2026-07-28 06:15:56,900 18320 INFO odoo18 werkzeug: 127.0.0.1 - - [28/Jul/2026 06:15:56] "POST /web/login HTTP/1.1" 303 - 33 0.054 1.386
2026-07-28 06:15:56,926 18320 INFO odoo18 odoo.addons.base.models.res_device: User 2 inserts device log (-ZAq9YrXq32lfI6A9Ow6UMVTS7XsYciyaAYD6kVlH8) 
2026-07-28 06:15:56,955 18320 ERROR odoo18 odoo.addons.base.models.ir_model: Missing model twilio.dialer.dashboard 
2026-07-28 06:15:56,957 18320 ERROR odoo18 odoo.addons.base.models.ir_model: Missing model twilio.call.log 
2026-07-28 06:15:56,957 18320 ERROR odoo18 odoo.addons.base.models.ir_model: Missing model mcp.enabled.model 
2026-07-28 06:15:56,957 18320 ERROR odoo18 odoo.addons.base.models.ir_model: Missing model twilio.auto.dialer 
2026-07-28 06:15:56,957 18320 ERROR odoo18 odoo.addons.base.models.ir_model: Missing model mcp.log 
2026-07-28 06:15:56,958 18320 ERROR odoo18 odoo.addons.base.models.ir_model: Missing model mcp.oauth.client 
2026-07-28 06:15:56,958 18320 ERROR odoo18 odoo.addons.base.models.ir_model: Missing model twilio.contact.us 
2026-07-28 06:15:56,958 18320 ERROR odoo18 odoo.addons.base.models.ir_model: Missing model mcp.oauth.token 
2026-07-28 06:15:56,958 18320 ERROR odoo18 odoo.addons.base.models.ir_model: Missing model mcp.custom.tool 
2026-07-28 06:15:56,981 18320 INFO odoo18 odoo.addons.base.models.ir_attachment: _read_file reading d:\odoo\data\filestore\odoo18\1e/1edaad14fd7c39fec02631992022a1f404b58e57 
Traceback (most recent call last):
  File "D:\Odoo\odoo\odoo\tools\cache.py", line 103, in lookup
    r = d[key]
        ~^^^^^
  File "D:\Odoo\venv\Lib\site-packages\decorator.py", line 232, in fun
    return caller(func, *(extras + args), **kw)
           ^^^^^^^^^^^^^^^^^^^^^^^^^^^^^^^^^^^^
  File "D:\Odoo\odoo\odoo\tools\func.py", line 97, in locked
    return func(inst, *args, **kwargs)
           ^^^^^^^^^^^^^^^^^^^^^^^^^^^
  File "D:\Odoo\odoo\odoo\tools\lru.py", line 33, in __getitem__
    a = self.d[obj]
        ~~~~~~^^^^^
KeyError: ('ir.ui.menu', <function IrUiMenu.load_menus at 0x000002C0F2E32C00>, 2, '', ('en_US',))

During handling of the above exception, another exception occurred:

Traceback (most recent call last):
  File "D:\Odoo\odoo\odoo\addons\base\models\ir_attachment.py", line 127, in _file_read
    with open(full_path, 'rb') as f:
         ^^^^^^^^^^^^^^^^^^^^^
FileNotFoundError: [Errno 2] No such file or directory: 'd:\\odoo\\data\\filestore\\odoo18\\1e/1edaad14fd7c39fec02631992022a1f404b58e57'
2026-07-28 06:15:57,019 18320 INFO odoo18 odoo.addons.base.models.ir_attachment: _read_file reading d:\odoo\data\filestore\odoo18\ca/cad9804f210a8c1e26c8ebab07b8056b9d5ec66b 
Traceback (most recent call last):
  File "D:\Odoo\odoo\odoo\tools\cache.py", line 103, in lookup
    r = d[key]
        ~^^^^^
  File "D:\Odoo\venv\Lib\site-packages\decorator.py", line 232, in fun
    return caller(func, *(extras + args), **kw)
           ^^^^^^^^^^^^^^^^^^^^^^^^^^^^^^^^^^^^
  File "D:\Odoo\odoo\odoo\tools\func.py", line 97, in locked
    return func(inst, *args, **kwargs)
           ^^^^^^^^^^^^^^^^^^^^^^^^^^^
  File "D:\Odoo\odoo\odoo\tools\lru.py", line 33, in __getitem__
    a = self.d[obj]
        ~~~~~~^^^^^
KeyError: ('ir.ui.menu', <function IrUiMenu.load_menus at 0x000002C0F2E32C00>, 2, '', ('en_US',))

During handling of the above exception, another exception occurred:

Traceback (most recent call last):
  File "D:\Odoo\odoo\odoo\addons\base\models\ir_attachment.py", line 127, in _file_read
    with open(full_path, 'rb') as f:
         ^^^^^^^^^^^^^^^^^^^^^
FileNotFoundError: [Errno 2] No such file or directory: 'd:\\odoo\\data\\filestore\\odoo18\\ca/cad9804f210a8c1e26c8ebab07b8056b9d5ec66b'
2026-07-28 06:15:57,020 18320 INFO odoo18 odoo.addons.base.models.ir_attachment: _read_file reading d:\odoo\data\filestore\odoo18\b6/b6b80ab26f20f0e18980e06707a78cf44c0a7e7e 
Traceback (most recent call last):
  File "D:\Odoo\odoo\odoo\tools\cache.py", line 103, in lookup
    r = d[key]
        ~^^^^^
  File "D:\Odoo\venv\Lib\site-packages\decorator.py", line 232, in fun
    return caller(func, *(extras + args), **kw)
           ^^^^^^^^^^^^^^^^^^^^^^^^^^^^^^^^^^^^
  File "D:\Odoo\odoo\odoo\tools\func.py", line 97, in locked
    return func(inst, *args, **kwargs)
           ^^^^^^^^^^^^^^^^^^^^^^^^^^^
  File "D:\Odoo\odoo\odoo\tools\lru.py", line 33, in __getitem__
    a = self.d[obj]
        ~~~~~~^^^^^
KeyError: ('ir.ui.menu', <function IrUiMenu.load_menus at 0x000002C0F2E32C00>, 2, '', ('en_US',))

During handling of the above exception, another exception occurred:

Traceback (most recent call last):
  File "D:\Odoo\odoo\odoo\addons\base\models\ir_attachment.py", line 127, in _file_read
    with open(full_path, 'rb') as f:
         ^^^^^^^^^^^^^^^^^^^^^
FileNotFoundError: [Errno 2] No such file or directory: 'd:\\odoo\\data\\filestore\\odoo18\\b6/b6b80ab26f20f0e18980e06707a78cf44c0a7e7e'
2026-07-28 06:15:57,022 18320 INFO odoo18 odoo.addons.base.models.ir_attachment: _read_file reading d:\odoo\data\filestore\odoo18\f9/f9cf2c8b67d3ebc89ca4d180ef207a248c4e3130 
Traceback (most recent call last):
  File "D:\Odoo\odoo\odoo\tools\cache.py", line 103, in lookup
    r = d[key]
        ~^^^^^
  File "D:\Odoo\venv\Lib\site-packages\decorator.py", line 232, in fun
    return caller(func, *(extras + args), **kw)
           ^^^^^^^^^^^^^^^^^^^^^^^^^^^^^^^^^^^^
  File "D:\Odoo\odoo\odoo\tools\func.py", line 97, in locked
    return func(inst, *args, **kwargs)
           ^^^^^^^^^^^^^^^^^^^^^^^^^^^
  File "D:\Odoo\odoo\odoo\tools\lru.py", line 33, in __getitem__
    a = self.d[obj]
        ~~~~~~^^^^^
KeyError: ('ir.ui.menu', <function IrUiMenu.load_menus at 0x000002C0F2E32C00>, 2, '', ('en_US',))

During handling of the above exception, another exception occurred:

Traceback (most recent call last):
  File "D:\Odoo\odoo\odoo\addons\base\models\ir_attachment.py", line 127, in _file_read
    with open(full_path, 'rb') as f:
         ^^^^^^^^^^^^^^^^^^^^^
FileNotFoundError: [Errno 2] No such file or directory: 'd:\\odoo\\data\\filestore\\odoo18\\f9/f9cf2c8b67d3ebc89ca4d180ef207a248c4e3130'
2026-07-28 06:15:57,023 18320 INFO odoo18 odoo.addons.base.models.ir_attachment: _read_file reading d:\odoo\data\filestore\odoo18\74/744fc247b813c44f4cf02357706e88b283cb0f97 
Traceback (most recent call last):
  File "D:\Odoo\odoo\odoo\tools\cache.py", line 103, in lookup
    r = d[key]
        ~^^^^^
  File "D:\Odoo\venv\Lib\site-packages\decorator.py", line 232, in fun
    return caller(func, *(extras + args), **kw)
           ^^^^^^^^^^^^^^^^^^^^^^^^^^^^^^^^^^^^
  File "D:\Odoo\odoo\odoo\tools\func.py", line 97, in locked
    return func(inst, *args, **kwargs)
           ^^^^^^^^^^^^^^^^^^^^^^^^^^^
  File "D:\Odoo\odoo\odoo\tools\lru.py", line 33, in __getitem__
    a = self.d[obj]
        ~~~~~~^^^^^
KeyError: ('ir.ui.menu', <function IrUiMenu.load_menus at 0x000002C0F2E32C00>, 2, '', ('en_US',))

During handling of the above exception, another exception occurred:

Traceback (most recent call last):
  File "D:\Odoo\odoo\odoo\addons\base\models\ir_attachment.py", line 127, in _file_read
    with open(full_path, 'rb') as f:
         ^^^^^^^^^^^^^^^^^^^^^
FileNotFoundError: [Errno 2] No such file or directory: 'd:\\odoo\\data\\filestore\\odoo18\\74/744fc247b813c44f4cf02357706e88b283cb0f97'
2026-07-28 06:15:57,025 18320 INFO odoo18 odoo.addons.base.models.ir_attachment: _read_file reading d:\odoo\data\filestore\odoo18\3d/3d7a7360fe4a73a90dd3b4ba554a9254ed61e864 
Traceback (most recent call last):
  File "D:\Odoo\odoo\odoo\tools\cache.py", line 103, in lookup
    r = d[key]
        ~^^^^^
  File "D:\Odoo\venv\Lib\site-packages\decorator.py", line 232, in fun
    return caller(func, *(extras + args), **kw)
           ^^^^^^^^^^^^^^^^^^^^^^^^^^^^^^^^^^^^
  File "D:\Odoo\odoo\odoo\tools\func.py", line 97, in locked
    return func(inst, *args, **kwargs)
           ^^^^^^^^^^^^^^^^^^^^^^^^^^^
  File "D:\Odoo\odoo\odoo\tools\lru.py", line 33, in __getitem__
    a = self.d[obj]
        ~~~~~~^^^^^
KeyError: ('ir.ui.menu', <function IrUiMenu.load_menus at 0x000002C0F2E32C00>, 2, '', ('en_US',))

During handling of the above exception, another exception occurred:

Traceback (most recent call last):
  File "D:\Odoo\odoo\odoo\addons\base\models\ir_attachment.py", line 127, in _file_read
    with open(full_path, 'rb') as f:
         ^^^^^^^^^^^^^^^^^^^^^
FileNotFoundError: [Errno 2] No such file or directory: 'd:\\odoo\\data\\filestore\\odoo18\\3d/3d7a7360fe4a73a90dd3b4ba554a9254ed61e864'
2026-07-28 06:15:57,026 18320 INFO odoo18 odoo.addons.base.models.ir_attachment: _read_file reading d:\odoo\data\filestore\odoo18\b7/b73a9deb85def8a1a00e4d545c4f79747d78f487 
Traceback (most recent call last):
  File "D:\Odoo\odoo\odoo\tools\cache.py", line 103, in lookup
    r = d[key]
        ~^^^^^
  File "D:\Odoo\venv\Lib\site-packages\decorator.py", line 232, in fun
    return caller(func, *(extras + args), **kw)
           ^^^^^^^^^^^^^^^^^^^^^^^^^^^^^^^^^^^^
  File "D:\Odoo\odoo\odoo\tools\func.py", line 97, in locked
    return func(inst, *args, **kwargs)
           ^^^^^^^^^^^^^^^^^^^^^^^^^^^
  File "D:\Odoo\odoo\odoo\tools\lru.py", line 33, in __getitem__
    a = self.d[obj]
        ~~~~~~^^^^^
KeyError: ('ir.ui.menu', <function IrUiMenu.load_menus at 0x000002C0F2E32C00>, 2, '', ('en_US',))

During handling of the above exception, another exception occurred:

Traceback (most recent call last):
  File "D:\Odoo\odoo\odoo\addons\base\models\ir_attachment.py", line 127, in _file_read
    with open(full_path, 'rb') as f:
         ^^^^^^^^^^^^^^^^^^^^^
FileNotFoundError: [Errno 2] No such file or directory: 'd:\\odoo\\data\\filestore\\odoo18\\b7/b73a9deb85def8a1a00e4d545c4f79747d78f487'
2026-07-28 06:15:58,978 18320 INFO odoo18 werkzeug: 127.0.0.1 - - [28/Jul/2026 06:15:58] "GET /odoo HTTP/1.1" 200 - 88 0.086 1.987
2026-07-28 06:15:59,503 18320 INFO odoo18 werkzeug: 127.0.0.1 - - [28/Jul/2026 06:15:59] "GET /web/webclient/translations/4385049a5976cc5f836221b40576602d93b36aa0?lang=en_US HTTP/1.1" 200 - 1 0.000 0.181
2026-07-28 06:15:59,554 18320 INFO odoo18 werkzeug: 127.0.0.1 - - [28/Jul/2026 06:15:59] "GET /web/manifest.webmanifest HTTP/1.1" 200 - 9 0.051 0.180
2026-07-28 06:15:59,568 18320 INFO odoo18 werkzeug: 127.0.0.1 - - [28/Jul/2026 06:15:59] "GET /web/webclient/load_menus/7fb7716f931f0100b85c7654f71ce8ac5998052114017bb078f293dd1530814d HTTP/1.1" 200 - 43 0.049 0.198
2026-07-28 06:16:17,242 18320 INFO odoo18 odoo.addons.base.models.assetsbundle: Generating a new asset bundle attachment /web/assets/e126dd8/web.assets_web.min.css (id:354) 
2026-07-28 06:16:17,244 18320 INFO odoo18 odoo.addons.base.models.assetsbundle: Deleting attachments [350] (matching /web/assets/_______/web.assets_web.min.css) because it was replaced with /web/assets/e126dd8/web.assets_web.min.css 
2026-07-28 06:16:17,357 18320 INFO odoo18 werkzeug: 127.0.0.1 - - [28/Jul/2026 06:16:17] "GET /web/assets/e126dd8/web.assets_web.min.css HTTP/1.1" 200 - 17 0.186 17.852
2026-07-28 06:16:28,925 18320 INFO odoo18 werkzeug: 127.0.0.1 - - [28/Jul/2026 06:16:28] "GET /web/manifest.webmanifest HTTP/1.1" 200 - 7 0.084 0.046
2026-07-28 06:16:29,046 18320 INFO odoo18 odoo.addons.base.models.assetsbundle: Generating a new asset bundle attachment /web/assets/d437b6b/web.assets_web_print.min.css (id:355) 
2026-07-28 06:16:29,069 18320 INFO odoo18 odoo.addons.base.models.assetsbundle: Deleting attachments [351] (matching /web/assets/_______/web.assets_web_print.min.css) because it was replaced with /web/assets/d437b6b/web.assets_web_print.min.css 
2026-07-28 06:16:29,121 18320 INFO odoo18 werkzeug: 127.0.0.1 - - [28/Jul/2026 06:16:29] "GET /.well-known/appspecific/com.chrome.devtools.json HTTP/1.1" 404 - 38 0.168 0.134
2026-07-28 06:16:29,126 18320 INFO odoo18 werkzeug: 127.0.0.1 - - [28/Jul/2026 06:16:29] "GET /web/assets/d437b6b/web.assets_web_print.min.css HTTP/1.1" 200 - 10 0.170 11.582
2026-07-28 06:16:54,238 18320 INFO odoo18 odoo.service.server: Initiating shutdown 
2026-07-28 06:16:54,238 18320 INFO odoo18 odoo.service.server: Hit CTRL-C again or send a second signal to force the shutdown. 
2026-07-28 06:16:55,280 18320 INFO odoo18 odoo.sql_db: ConnectionPool(read/write;used=0/count=0/max=64): Closed 7 connections  
2026-07-28 06:17:03,244 18320 ERROR odoo18 odoo.sql_db: bad query: b"\n             SELECT max(id)\n               FROM ir_attachment\n              WHERE create_uid = 1\n                AND url like '/web/assets/9f20094/web.assets_web.min.js'\n                AND res_model = 'ir.ui.view'\n                AND res_id = 0\n                AND public = true\n           GROUP BY name\n           ORDER BY name\n        "
ERROR: cursor already closed 
2026-07-28 06:17:03,245 18320 ERROR odoo18 odoo.http: Exception during request handling. 
Traceback (most recent call last):
  File "D:\Odoo\odoo\odoo\http.py", line 2577, in __call__
    response = request._serve_db()
               ^^^^^^^^^^^^^^^^^^^
  File "D:\Odoo\odoo\odoo\http.py", line 2104, in _serve_db
    return self._transactioning(
           ^^^^^^^^^^^^^^^^^^^^^
  File "D:\Odoo\odoo\odoo\http.py", line 2167, in _transactioning
    return service_model.retrying(func, env=self.env)
           ^^^^^^^^^^^^^^^^^^^^^^^^^^^^^^^^^^^^^^^^^^
  File "D:\Odoo\odoo\odoo\service\model.py", line 157, in retrying
    result = func()
             ^^^^^^
  File "D:\Odoo\odoo\odoo\http.py", line 2134, in _serve_ir_http
    response = self.dispatcher.dispatch(rule.endpoint, args)
               ^^^^^^^^^^^^^^^^^^^^^^^^^^^^^^^^^^^^^^^^^^^^^
  File "D:\Odoo\odoo\odoo\http.py", line 2295, in dispatch
    return self.request.registry['ir.http']._dispatch(endpoint)
           ^^^^^^^^^^^^^^^^^^^^^^^^^^^^^^^^^^^^^^^^^^^^^^^^^^^^
  File "D:\Odoo\odoo\odoo\addons\base\models\ir_http.py", line 333, in _dispatch
    result = endpoint(**request.params)
             ^^^^^^^^^^^^^^^^^^^^^^^^^^
  File "D:\Odoo\odoo\odoo\http.py", line 754, in route_wrapper
    result = endpoint(self, *args, **params_ok)
             ^^^^^^^^^^^^^^^^^^^^^^^^^^^^^^^^^^
  File "d:\odoo\odoo\addons\web\controllers\binary.py", line 146, in content_assets
    attachment = bundle.js()
                 ^^^^^^^^^^^
  File "D:\Odoo\odoo\odoo\addons\base\models\assetsbundle.py", line 342, in js
    js_attachment = self.save_attachment(extension, content_bundle)
                    ^^^^^^^^^^^^^^^^^^^^^^^^^^^^^^^^^^^^^^^^^^^^^^^
  File "D:\Odoo\odoo\odoo\addons\base\models\assetsbundle.py", line 300, in save_attachment
    attachment = ira.with_user(SUPERUSER_ID).create(values)
                 ^^^^^^^^^^^^^^^^^^^^^^^^^^^^^^^^^^^^^^^^^^
  File "<decorator-gen-15>", line 2, in create
  File "D:\Odoo\odoo\odoo\api.py", line 497, in _model_create_multi
    return create(self, [arg])
           ^^^^^^^^^^^^^^^^^^^
  File "D:\Odoo\odoo\odoo\addons\base\models\ir_attachment.py", line 678, in create
    return super().create(vals_list)
           ^^^^^^^^^^^^^^^^^^^^^^^^^
  File "<decorator-gen-0>", line 2, in create
  File "D:\Odoo\odoo\odoo\api.py", line 498, in _model_create_multi
    return create(self, arg)
           ^^^^^^^^^^^^^^^^^
  File "D:\Odoo\odoo\odoo\models.py", line 4987, in create
    new_vals_list = self._prepare_create_values(vals_list)
                    ^^^^^^^^^^^^^^^^^^^^^^^^^^^^^^^^^^^^^^
  File "D:\Odoo\odoo\odoo\models.py", line 5130, in _prepare_create_values
    vals = self._add_missing_default_values(vals)
           ^^^^^^^^^^^^^^^^^^^^^^^^^^^^^^^^^^^^^^
  File "D:\Odoo\odoo\odoo\models.py", line 1934, in _add_missing_default_values
    defaults = self.default_get(missing_defaults)
               ^^^^^^^^^^^^^^^^^^^^^^^^^^^^^^^^^^
  File "D:\Odoo\odoo\odoo\models.py", line 1658, in default_get
    ir_defaults = self.env['ir.default']._get_model_defaults(self._name)
                  ^^^^^^^^^^^^^^^^^^^^^^^^^^^^^^^^^^^^^^^^^^^^^^^^^^^^^^
  File "D:\Odoo\venv\Lib\site-packages\decorator.py", line 232, in fun
    return caller(func, *(extras + args), **kw)
           ^^^^^^^^^^^^^^^^^^^^^^^^^^^^^^^^^^^^
  File "D:\Odoo\odoo\odoo\tools\cache.py", line 101, in lookup
    key = key0 + self.key(*args, **kwargs)
                 ^^^^^^^^^^^^^^^^^^^^^^^^^
  File "<string>", line 1, in <lambda>
  File "D:\Odoo\odoo\odoo\tools\func.py", line 42, in __get__
    value = self.fget(obj)
            ^^^^^^^^^^^^^^
  File "D:\Odoo\odoo\odoo\api.py", line 722, in company
    return self.user.company_id.with_env(self)
           ^^^^^^^^^^^^^^^^^^^^
  File "D:\Odoo\odoo\odoo\fields.py", line 3111, in __get__
    return super().__get__(records, owner)
           ^^^^^^^^^^^^^^^^^^^^^^^^^^^^^^^
  File "D:\Odoo\odoo\odoo\fields.py", line 1272, in __get__
    recs._fetch_field(self)
  File "D:\Odoo\odoo\odoo\models.py", line 4120, in _fetch_field
    self.fetch(fnames)
  File "D:\Odoo\odoo\odoo\models.py", line 4158, in fetch
    fetched = self._fetch_query(query, fields_to_fetch)
              ^^^^^^^^^^^^^^^^^^^^^^^^^^^^^^^^^^^^^^^^^
  File "D:\Odoo\odoo\odoo\addons\base\models\res_users.py", line 581, in _fetch_query
    records = super()._fetch_query(query, fields)
              ^^^^^^^^^^^^^^^^^^^^^^^^^^^^^^^^^^^
  File "D:\Odoo\odoo\odoo\models.py", line 4245, in _fetch_query
    rows = self.env.execute_query(query.select(*sql_terms))
           ^^^^^^^^^^^^^^^^^^^^^^^^^^^^^^^^^^^^^^^^^^^^^^^^
  File "D:\Odoo\odoo\odoo\api.py", line 993, in execute_query
    self.cr.execute(query)
  File "D:\Odoo\odoo\odoo\sql_db.py", line 371, in execute
    res = self._obj.execute(query, params)
          ^^^^^^^^^^^^^^^^^^^^^^^^^^^^^^^^
psycopg2.InterfaceError: cursor already closed
2026-07-28 06:17:03,408 18320 INFO odoo18 werkzeug: 127.0.0.1 - - [28/Jul/2026 06:17:03] "GET /web/assets/9f20094/web.assets_web.min.js HTTP/1.1" 500 - 4 0.019 64.069
2026-07-28 06:17:50,826 2396 INFO ? odoo: Odoo version 18.0 
2026-07-28 06:17:50,826 2396 INFO ? odoo: Using configuration file at D:\odoo-mcp\odoo.conf 
2026-07-28 06:17:50,827 2396 INFO ? odoo: addons paths: ['D:\\Odoo\\odoo\\odoo\\addons', 'd:\\odoo\\data\\addons\\18.0', 'd:\\odoo\\odoo\\addons', 'd:\\odoo\\addons', 'd:\\odoo-mcp\\custom_addons', 'd:\\odoo\\odoo\\odoo\\addons'] 
2026-07-28 06:17:50,827 2396 INFO ? odoo: database: odoo@localhost:5432 
2026-07-28 06:17:51,152 2396 INFO ? odoo.addons.base.models.ir_actions_report: You need Wkhtmltopdf to print a pdf version of the reports. 
2026-07-28 06:17:51,164 2396 INFO ? odoo.addons.base.models.ir_actions_report: You need Wkhtmltoimage to generate images from html. 
2026-07-28 06:17:52,480 2396 INFO ? odoo.service.server: HTTP service (werkzeug) running on Annu:8069 
2026-07-28 06:17:52,593 2396 INFO odoo18 odoo.modules.loading: loading 1 modules... 
2026-07-28 06:17:52,602 2396 INFO odoo18 odoo.modules.loading: 1 modules loaded in 0.01s, 0 queries (+0 extra) 
2026-07-28 06:17:52,643 2396 INFO odoo18 odoo.modules.loading: updating modules list 
2026-07-28 06:17:52,649 2396 INFO odoo18 odoo.addons.base.models.ir_module: ALLOW access to module.update_list on [] to user __system__ #1 via n/a 
2026-07-28 06:17:52,746 2396 WARNING odoo18 odoo.modules.module: addons path does not exist: d:\odoo\addons 
2026-07-28 06:17:55,276 2396 WARNING odoo18 odoo.modules.graph: module muk_web_utils: not installable, skipped 
2026-07-28 06:17:55,278 2396 WARNING odoo18 odoo.modules.graph: module twilio_dialer: not installable, skipped 
2026-07-28 06:17:55,282 2396 WARNING odoo18 odoo.modules.graph: module mcp_server: not installable, skipped 
2026-07-28 06:17:55,284 2396 INFO odoo18 odoo.modules.loading: loading 35 modules... 
2026-07-28 06:17:56,279 2396 INFO odoo18 odoo.modules.loading: 35 modules loaded in 0.99s, 0 queries (+0 extra) 
2026-07-28 06:17:56,475 2396 ERROR odoo18 odoo.modules.loading: Some modules are not loaded, some dependencies or manifest may be missing: ['mcp_server', 'muk_web_utils', 'twilio_dialer'] 
2026-07-28 06:17:57,084 2396 INFO odoo18 odoo.modules.loading: Modules loaded. 
2026-07-28 06:17:57,094 2396 INFO odoo18 odoo.modules.registry: Registry changed, signaling through the database 
2026-07-28 06:17:57,096 2396 INFO odoo18 odoo.modules.registry: Registry loaded in 4.614s 
2026-07-28 06:18:05,779 2396 INFO odoo18 odoo.addons.base.models.ir_http: Generating routing map for key None 
2026-07-28 06:18:05,880 2396 INFO odoo18 werkzeug: 127.0.0.1 - - [28/Jul/2026 06:18:05] "GET /web/service-worker.js HTTP/1.1" 200 - 6 0.008 0.098
2026-07-28 06:18:17,603 2396 ERROR odoo18 odoo.addons.base.models.ir_model: Missing model twilio.dialer.dashboard 
2026-07-28 06:18:17,605 2396 ERROR odoo18 odoo.addons.base.models.ir_model: Missing model twilio.call.log 
2026-07-28 06:18:17,605 2396 ERROR odoo18 odoo.addons.base.models.ir_model: Missing model mcp.enabled.model 
2026-07-28 06:18:17,606 2396 ERROR odoo18 odoo.addons.base.models.ir_model: Missing model twilio.auto.dialer 
2026-07-28 06:18:17,606 2396 ERROR odoo18 odoo.addons.base.models.ir_model: Missing model mcp.log 
2026-07-28 06:18:17,606 2396 ERROR odoo18 odoo.addons.base.models.ir_model: Missing model mcp.oauth.client 
2026-07-28 06:18:17,606 2396 ERROR odoo18 odoo.addons.base.models.ir_model: Missing model twilio.contact.us 
2026-07-28 06:18:17,607 2396 ERROR odoo18 odoo.addons.base.models.ir_model: Missing model mcp.oauth.token 
2026-07-28 06:18:17,607 2396 ERROR odoo18 odoo.addons.base.models.ir_model: Missing model mcp.custom.tool 
2026-07-28 06:18:17,631 2396 INFO odoo18 odoo.addons.base.models.ir_attachment: _read_file reading d:\odoo\data\filestore\odoo18\1e/1edaad14fd7c39fec02631992022a1f404b58e57 
Traceback (most recent call last):
  File "D:\Odoo\odoo\odoo\tools\cache.py", line 103, in lookup
    r = d[key]
        ~^^^^^
  File "D:\Odoo\venv\Lib\site-packages\decorator.py", line 232, in fun
    return caller(func, *(extras + args), **kw)
           ^^^^^^^^^^^^^^^^^^^^^^^^^^^^^^^^^^^^
  File "D:\Odoo\odoo\odoo\tools\func.py", line 97, in locked
    return func(inst, *args, **kwargs)
           ^^^^^^^^^^^^^^^^^^^^^^^^^^^
  File "D:\Odoo\odoo\odoo\tools\lru.py", line 33, in __getitem__
    a = self.d[obj]
        ~~~~~~^^^^^
KeyError: ('ir.ui.menu', <function IrUiMenu.load_menus at 0x000001A1B8132C00>, 2, '', ('en_US',))

During handling of the above exception, another exception occurred:

Traceback (most recent call last):
  File "D:\Odoo\odoo\odoo\addons\base\models\ir_attachment.py", line 127, in _file_read
    with open(full_path, 'rb') as f:
         ^^^^^^^^^^^^^^^^^^^^^
FileNotFoundError: [Errno 2] No such file or directory: 'd:\\odoo\\data\\filestore\\odoo18\\1e/1edaad14fd7c39fec02631992022a1f404b58e57'
2026-07-28 06:18:17,635 2396 INFO odoo18 odoo.addons.base.models.ir_attachment: _read_file reading d:\odoo\data\filestore\odoo18\ca/cad9804f210a8c1e26c8ebab07b8056b9d5ec66b 
Traceback (most recent call last):
  File "D:\Odoo\odoo\odoo\tools\cache.py", line 103, in lookup
    r = d[key]
        ~^^^^^
  File "D:\Odoo\venv\Lib\site-packages\decorator.py", line 232, in fun
    return caller(func, *(extras + args), **kw)
           ^^^^^^^^^^^^^^^^^^^^^^^^^^^^^^^^^^^^
  File "D:\Odoo\odoo\odoo\tools\func.py", line 97, in locked
    return func(inst, *args, **kwargs)
           ^^^^^^^^^^^^^^^^^^^^^^^^^^^
  File "D:\Odoo\odoo\odoo\tools\lru.py", line 33, in __getitem__
    a = self.d[obj]
        ~~~~~~^^^^^
KeyError: ('ir.ui.menu', <function IrUiMenu.load_menus at 0x000001A1B8132C00>, 2, '', ('en_US',))

During handling of the above exception, another exception occurred:

Traceback (most recent call last):
  File "D:\Odoo\odoo\odoo\addons\base\models\ir_attachment.py", line 127, in _file_read
    with open(full_path, 'rb') as f:
         ^^^^^^^^^^^^^^^^^^^^^
FileNotFoundError: [Errno 2] No such file or directory: 'd:\\odoo\\data\\filestore\\odoo18\\ca/cad9804f210a8c1e26c8ebab07b8056b9d5ec66b'
2026-07-28 06:18:17,636 2396 INFO odoo18 odoo.addons.base.models.ir_attachment: _read_file reading d:\odoo\data\filestore\odoo18\b6/b6b80ab26f20f0e18980e06707a78cf44c0a7e7e 
Traceback (most recent call last):
  File "D:\Odoo\odoo\odoo\tools\cache.py", line 103, in lookup
    r = d[key]
        ~^^^^^
  File "D:\Odoo\venv\Lib\site-packages\decorator.py", line 232, in fun
    return caller(func, *(extras + args), **kw)
           ^^^^^^^^^^^^^^^^^^^^^^^^^^^^^^^^^^^^
  File "D:\Odoo\odoo\odoo\tools\func.py", line 97, in locked
    return func(inst, *args, **kwargs)
           ^^^^^^^^^^^^^^^^^^^^^^^^^^^
  File "D:\Odoo\odoo\odoo\tools\lru.py", line 33, in __getitem__
    a = self.d[obj]
        ~~~~~~^^^^^
KeyError: ('ir.ui.menu', <function IrUiMenu.load_menus at 0x000001A1B8132C00>, 2, '', ('en_US',))

During handling of the above exception, another exception occurred:

Traceback (most recent call last):
  File "D:\Odoo\odoo\odoo\addons\base\models\ir_attachment.py", line 127, in _file_read
    with open(full_path, 'rb') as f:
         ^^^^^^^^^^^^^^^^^^^^^
FileNotFoundError: [Errno 2] No such file or directory: 'd:\\odoo\\data\\filestore\\odoo18\\b6/b6b80ab26f20f0e18980e06707a78cf44c0a7e7e'
2026-07-28 06:18:17,638 2396 INFO odoo18 odoo.addons.base.models.ir_attachment: _read_file reading d:\odoo\data\filestore\odoo18\f9/f9cf2c8b67d3ebc89ca4d180ef207a248c4e3130 
Traceback (most recent call last):
  File "D:\Odoo\odoo\odoo\tools\cache.py", line 103, in lookup
    r = d[key]
        ~^^^^^
  File "D:\Odoo\venv\Lib\site-packages\decorator.py", line 232, in fun
    return caller(func, *(extras + args), **kw)
           ^^^^^^^^^^^^^^^^^^^^^^^^^^^^^^^^^^^^
  File "D:\Odoo\odoo\odoo\tools\func.py", line 97, in locked
    return func(inst, *args, **kwargs)
           ^^^^^^^^^^^^^^^^^^^^^^^^^^^
  File "D:\Odoo\odoo\odoo\tools\lru.py", line 33, in __getitem__
    a = self.d[obj]
        ~~~~~~^^^^^
KeyError: ('ir.ui.menu', <function IrUiMenu.load_menus at 0x000001A1B8132C00>, 2, '', ('en_US',))

During handling of the above exception, another exception occurred:

Traceback (most recent call last):
  File "D:\Odoo\odoo\odoo\addons\base\models\ir_attachment.py", line 127, in _file_read
    with open(full_path, 'rb') as f:
         ^^^^^^^^^^^^^^^^^^^^^
FileNotFoundError: [Errno 2] No such file or directory: 'd:\\odoo\\data\\filestore\\odoo18\\f9/f9cf2c8b67d3ebc89ca4d180ef207a248c4e3130'
2026-07-28 06:18:17,639 2396 INFO odoo18 odoo.addons.base.models.ir_attachment: _read_file reading d:\odoo\data\filestore\odoo18\74/744fc247b813c44f4cf02357706e88b283cb0f97 
Traceback (most recent call last):
  File "D:\Odoo\odoo\odoo\tools\cache.py", line 103, in lookup
    r = d[key]
        ~^^^^^
  File "D:\Odoo\venv\Lib\site-packages\decorator.py", line 232, in fun
    return caller(func, *(extras + args), **kw)
           ^^^^^^^^^^^^^^^^^^^^^^^^^^^^^^^^^^^^
  File "D:\Odoo\odoo\odoo\tools\func.py", line 97, in locked
    return func(inst, *args, **kwargs)
           ^^^^^^^^^^^^^^^^^^^^^^^^^^^
  File "D:\Odoo\odoo\odoo\tools\lru.py", line 33, in __getitem__
    a = self.d[obj]
        ~~~~~~^^^^^
KeyError: ('ir.ui.menu', <function IrUiMenu.load_menus at 0x000001A1B8132C00>, 2, '', ('en_US',))

During handling of the above exception, another exception occurred:

Traceback (most recent call last):
  File "D:\Odoo\odoo\odoo\addons\base\models\ir_attachment.py", line 127, in _file_read
    with open(full_path, 'rb') as f:
         ^^^^^^^^^^^^^^^^^^^^^
FileNotFoundError: [Errno 2] No such file or directory: 'd:\\odoo\\data\\filestore\\odoo18\\74/744fc247b813c44f4cf02357706e88b283cb0f97'
2026-07-28 06:18:17,641 2396 INFO odoo18 odoo.addons.base.models.ir_attachment: _read_file reading d:\odoo\data\filestore\odoo18\3d/3d7a7360fe4a73a90dd3b4ba554a9254ed61e864 
Traceback (most recent call last):
  File "D:\Odoo\odoo\odoo\tools\cache.py", line 103, in lookup
    r = d[key]
        ~^^^^^
  File "D:\Odoo\venv\Lib\site-packages\decorator.py", line 232, in fun
    return caller(func, *(extras + args), **kw)
           ^^^^^^^^^^^^^^^^^^^^^^^^^^^^^^^^^^^^
  File "D:\Odoo\odoo\odoo\tools\func.py", line 97, in locked
    return func(inst, *args, **kwargs)
           ^^^^^^^^^^^^^^^^^^^^^^^^^^^
  File "D:\Odoo\odoo\odoo\tools\lru.py", line 33, in __getitem__
    a = self.d[obj]
        ~~~~~~^^^^^
KeyError: ('ir.ui.menu', <function IrUiMenu.load_menus at 0x000001A1B8132C00>, 2, '', ('en_US',))

During handling of the above exception, another exception occurred:

Traceback (most recent call last):
  File "D:\Odoo\odoo\odoo\addons\base\models\ir_attachment.py", line 127, in _file_read
    with open(full_path, 'rb') as f:
         ^^^^^^^^^^^^^^^^^^^^^
FileNotFoundError: [Errno 2] No such file or directory: 'd:\\odoo\\data\\filestore\\odoo18\\3d/3d7a7360fe4a73a90dd3b4ba554a9254ed61e864'
2026-07-28 06:18:17,643 2396 INFO odoo18 odoo.addons.base.models.ir_attachment: _read_file reading d:\odoo\data\filestore\odoo18\b7/b73a9deb85def8a1a00e4d545c4f79747d78f487 
Traceback (most recent call last):
  File "D:\Odoo\odoo\odoo\tools\cache.py", line 103, in lookup
    r = d[key]
        ~^^^^^
  File "D:\Odoo\venv\Lib\site-packages\decorator.py", line 232, in fun
    return caller(func, *(extras + args), **kw)
           ^^^^^^^^^^^^^^^^^^^^^^^^^^^^^^^^^^^^
  File "D:\Odoo\odoo\odoo\tools\func.py", line 97, in locked
    return func(inst, *args, **kwargs)
           ^^^^^^^^^^^^^^^^^^^^^^^^^^^
  File "D:\Odoo\odoo\odoo\tools\lru.py", line 33, in __getitem__
    a = self.d[obj]
        ~~~~~~^^^^^
KeyError: ('ir.ui.menu', <function IrUiMenu.load_menus at 0x000001A1B8132C00>, 2, '', ('en_US',))

During handling of the above exception, another exception occurred:

Traceback (most recent call last):
  File "D:\Odoo\odoo\odoo\addons\base\models\ir_attachment.py", line 127, in _file_read
    with open(full_path, 'rb') as f:
         ^^^^^^^^^^^^^^^^^^^^^
FileNotFoundError: [Errno 2] No such file or directory: 'd:\\odoo\\data\\filestore\\odoo18\\b7/b73a9deb85def8a1a00e4d545c4f79747d78f487'
2026-07-28 06:18:19,711 2396 INFO odoo18 werkzeug: 127.0.0.1 - - [28/Jul/2026 06:18:19] "GET /odoo HTTP/1.1" 200 - 97 0.110 2.043
2026-07-28 06:18:20,169 2396 INFO odoo18 werkzeug: 127.0.0.1 - - [28/Jul/2026 06:18:20] "GET /web/manifest.webmanifest HTTP/1.1" 200 - 9 0.045 0.067
2026-07-28 06:18:26,405 2396 INFO odoo18 odoo.addons.base.models.assetsbundle: Generating a new asset bundle attachment /web/assets/9f20094/web.assets_web.min.js (id:356) 
2026-07-28 06:18:26,406 2396 INFO odoo18 odoo.addons.base.models.assetsbundle: Deleting attachments [353] (matching /web/assets/_______/web.assets_web.min.js) because it was replaced with /web/assets/9f20094/web.assets_web.min.js 
2026-07-28 06:18:26,490 2396 INFO odoo18 werkzeug: 127.0.0.1 - - [28/Jul/2026 06:18:26] "GET /web/assets/9f20094/web.assets_web.min.js HTTP/1.1" 200 - 17 0.027 6.407
2026-07-28 06:18:26,826 2396 ERROR odoo18 odoo.http: Exception during request handling. 
Traceback (most recent call last):
  File "D:\Odoo\odoo\odoo\http.py", line 2577, in __call__
    response = request._serve_db()
               ^^^^^^^^^^^^^^^^^^^
  File "D:\Odoo\odoo\odoo\http.py", line 2104, in _serve_db
    return self._transactioning(
           ^^^^^^^^^^^^^^^^^^^^^
  File "D:\Odoo\odoo\odoo\http.py", line 2167, in _transactioning
    return service_model.retrying(func, env=self.env)
           ^^^^^^^^^^^^^^^^^^^^^^^^^^^^^^^^^^^^^^^^^^
  File "D:\Odoo\odoo\odoo\service\model.py", line 157, in retrying
    result = func()
             ^^^^^^
  File "D:\Odoo\odoo\odoo\http.py", line 2134, in _serve_ir_http
    response = self.dispatcher.dispatch(rule.endpoint, args)
               ^^^^^^^^^^^^^^^^^^^^^^^^^^^^^^^^^^^^^^^^^^^^^
  File "D:\Odoo\odoo\odoo\http.py", line 2295, in dispatch
    return self.request.registry['ir.http']._dispatch(endpoint)
           ^^^^^^^^^^^^^^^^^^^^^^^^^^^^^^^^^^^^^^^^^^^^^^^^^^^^
  File "D:\Odoo\odoo\odoo\addons\base\models\ir_http.py", line 333, in _dispatch
    result = endpoint(**request.params)
             ^^^^^^^^^^^^^^^^^^^^^^^^^^
  File "D:\Odoo\odoo\odoo\http.py", line 754, in route_wrapper
    result = endpoint(self, *args, **params_ok)
             ^^^^^^^^^^^^^^^^^^^^^^^^^^^^^^^^^^
  File "d:\odoo\odoo\addons\bus\controllers\websocket.py", line 64, in get_websocket_worker_bundle
    stream = request.env['ir.binary']._get_stream_from(bundle.js())
             ^^^^^^^^^^^^^^^^^^^^^^^^^^^^^^^^^^^^^^^^^^^^^^^^^^^^^^
  File "D:\Odoo\odoo\odoo\addons\base\models\ir_binary.py", line 127, in _get_stream_from
    stream = self._record_to_stream(record, field_name)
             ^^^^^^^^^^^^^^^^^^^^^^^^^^^^^^^^^^^^^^^^^^
  File "D:\Odoo\odoo\odoo\addons\base\models\ir_binary.py", line 74, in _record_to_stream
    return record._to_http_stream()
           ^^^^^^^^^^^^^^^^^^^^^^^^
  File "D:\Odoo\odoo\odoo\addons\base\models\ir_attachment.py", line 822, in _to_http_stream
    stat = os.stat(stream.path)
           ^^^^^^^^^^^^^^^^^^^^
FileNotFoundError: [WinError 3] The system cannot find the path specified: 'd:\\odoo\\data\\filestore\\odoo18/98/985c54ad8e118256b787b9c73701c7a135b7735c'
2026-07-28 06:18:26,853 2396 INFO odoo18 werkzeug: 127.0.0.1 - - [28/Jul/2026 06:18:26] "GET /bus/websocket_worker_bundle?v=18.0-7 HTTP/1.1" 500 - 4 0.001 0.035
2026-07-28 06:18:27,280 2396 INFO odoo18 werkzeug: 127.0.0.1 - - [28/Jul/2026 06:18:27] "POST /web/action/load HTTP/1.1" 200 - 7 0.005 0.010
2026-07-28 06:18:27,369 2396 INFO odoo18 werkzeug: 127.0.0.1 - - [28/Jul/2026 06:18:27] "GET /web/image?model=res.users&field=avatar_128&id=2 HTTP/1.1" 304 - 16 0.016 0.057
2026-07-28 06:18:27,381 2396 ERROR odoo18 odoo.http: Exception during request handling. 
Traceback (most recent call last):
  File "D:\Odoo\odoo\odoo\http.py", line 2577, in __call__
    response = request._serve_db()
               ^^^^^^^^^^^^^^^^^^^
  File "D:\Odoo\odoo\odoo\http.py", line 2104, in _serve_db
    return self._transactioning(
           ^^^^^^^^^^^^^^^^^^^^^
  File "D:\Odoo\odoo\odoo\http.py", line 2167, in _transactioning
    return service_model.retrying(func, env=self.env)
           ^^^^^^^^^^^^^^^^^^^^^^^^^^^^^^^^^^^^^^^^^^
  File "D:\Odoo\odoo\odoo\service\model.py", line 157, in retrying
    result = func()
             ^^^^^^
  File "D:\Odoo\odoo\odoo\http.py", line 2134, in _serve_ir_http
    response = self.dispatcher.dispatch(rule.endpoint, args)
               ^^^^^^^^^^^^^^^^^^^^^^^^^^^^^^^^^^^^^^^^^^^^^
  File "D:\Odoo\odoo\odoo\http.py", line 2295, in dispatch
    return self.request.registry['ir.http']._dispatch(endpoint)
           ^^^^^^^^^^^^^^^^^^^^^^^^^^^^^^^^^^^^^^^^^^^^^^^^^^^^
  File "D:\Odoo\odoo\odoo\addons\base\models\ir_http.py", line 333, in _dispatch
    result = endpoint(**request.params)
             ^^^^^^^^^^^^^^^^^^^^^^^^^^
  File "D:\Odoo\odoo\odoo\http.py", line 754, in route_wrapper
    result = endpoint(self, *args, **params_ok)
             ^^^^^^^^^^^^^^^^^^^^^^^^^^^^^^^^^^
  File "d:\odoo\odoo\addons\bus\controllers\websocket.py", line 64, in get_websocket_worker_bundle
    stream = request.env['ir.binary']._get_stream_from(bundle.js())
             ^^^^^^^^^^^^^^^^^^^^^^^^^^^^^^^^^^^^^^^^^^^^^^^^^^^^^^
  File "D:\Odoo\odoo\odoo\addons\base\models\ir_binary.py", line 127, in _get_stream_from
    stream = self._record_to_stream(record, field_name)
             ^^^^^^^^^^^^^^^^^^^^^^^^^^^^^^^^^^^^^^^^^^
  File "D:\Odoo\odoo\odoo\addons\base\models\ir_binary.py", line 74, in _record_to_stream
    return record._to_http_stream()
           ^^^^^^^^^^^^^^^^^^^^^^^^
  File "D:\Odoo\odoo\odoo\addons\base\models\ir_attachment.py", line 822, in _to_http_stream
    stat = os.stat(stream.path)
           ^^^^^^^^^^^^^^^^^^^^
FileNotFoundError: [WinError 3] The system cannot find the path specified: 'd:\\odoo\\data\\filestore\\odoo18/98/985c54ad8e118256b787b9c73701c7a135b7735c'
2026-07-28 06:18:27,383 2396 INFO odoo18 werkzeug: 127.0.0.1 - - [28/Jul/2026 06:18:27] "GET /bus/websocket_worker_bundle?v=18.0-7 HTTP/1.1" 500 - 3 0.010 0.060
2026-07-28 06:18:27,486 2396 ERROR odoo18 odoo.http: Exception during request handling. 
Traceback (most recent call last):
  File "D:\Odoo\odoo\odoo\http.py", line 2577, in __call__
    response = request._serve_db()
               ^^^^^^^^^^^^^^^^^^^
  File "D:\Odoo\odoo\odoo\http.py", line 2104, in _serve_db
    return self._transactioning(
           ^^^^^^^^^^^^^^^^^^^^^
  File "D:\Odoo\odoo\odoo\http.py", line 2167, in _transactioning
    return service_model.retrying(func, env=self.env)
           ^^^^^^^^^^^^^^^^^^^^^^^^^^^^^^^^^^^^^^^^^^
  File "D:\Odoo\odoo\odoo\service\model.py", line 157, in retrying
    result = func()
             ^^^^^^
  File "D:\Odoo\odoo\odoo\http.py", line 2134, in _serve_ir_http
    response = self.dispatcher.dispatch(rule.endpoint, args)
               ^^^^^^^^^^^^^^^^^^^^^^^^^^^^^^^^^^^^^^^^^^^^^
  File "D:\Odoo\odoo\odoo\http.py", line 2382, in dispatch
    result = self.request.registry['ir.http']._dispatch(endpoint)
             ^^^^^^^^^^^^^^^^^^^^^^^^^^^^^^^^^^^^^^^^^^^^^^^^^^^^
  File "D:\Odoo\odoo\odoo\addons\base\models\ir_http.py", line 333, in _dispatch
    result = endpoint(**request.params)
             ^^^^^^^^^^^^^^^^^^^^^^^^^^
  File "D:\Odoo\odoo\odoo\http.py", line 754, in route_wrapper
    result = endpoint(self, *args, **params_ok)
             ^^^^^^^^^^^^^^^^^^^^^^^^^^^^^^^^^^
  File "d:\odoo\odoo\addons\mail\models\discuss\mail_guest.py", line 38, in wrapper
    return func(self, *args, **kwargs)
           ^^^^^^^^^^^^^^^^^^^^^^^^^^^
  File "d:\odoo\odoo\addons\mail\controllers\webclient.py", line 30, in mail_data
    return self._process_request(**kwargs)
           ^^^^^^^^^^^^^^^^^^^^^^^^^^^^^^^
  File "d:\odoo\odoo\addons\mail\controllers\webclient.py", line 39, in _process_request
    self._process_request_for_internal_user(store, **kwargs)
  File "d:\odoo\odoo\addons\mail\controllers\webclient.py", line 98, in _process_request_for_internal_user
    groups = request.env["res.users"]._get_activity_groups()
             ^^^^^^^^^^^^^^^^^^^^^^^^^^^^^^^^^^^^^^^^^^^^^^^
  File "d:\odoo\odoo\addons\contacts\models\res_users.py", line 15, in _get_activity_groups
    activities = super()._get_activity_groups()
                 ^^^^^^^^^^^^^^^^^^^^^^^^^^^^^^
  File "d:\odoo\odoo\addons\calendar\models\res_users.py", line 162, in _get_activity_groups
    res = super()._get_activity_groups()
          ^^^^^^^^^^^^^^^^^^^^^^^^^^^^^^
  File "d:\odoo\odoo\addons\mail\models\res_users.py", line 330, in _get_activity_groups
    record = self.env[activity.res_model].browse(activity.res_id)
             ~~~~~~~~^^^^^^^^^^^^^^^^^^^^
  File "D:\Odoo\odoo\odoo\api.py", line 614, in __getitem__
    return self.registry[model_name](self, (), ())
           ~~~~~~~~~~~~~^^^^^^^^^^^^
  File "D:\Odoo\odoo\odoo\modules\registry.py", line 230, in __getitem__
    return self.models[model_name]
           ~~~~~~~~~~~^^^^^^^^^^^^
KeyError: 'twilio.call.log'
2026-07-28 06:18:27,489 2396 INFO odoo18 werkzeug: 127.0.0.1 - - [28/Jul/2026 06:18:27] "POST /mail/data HTTP/1.1" 200 - 28 0.078 0.146
2026-07-28 06:18:27,645 2396 INFO odoo18 werkzeug: 127.0.0.1 - - [28/Jul/2026 06:18:27] "POST /mail/data HTTP/1.1" 200 - 40 0.077 0.037
2026-07-28 06:18:27,743 2396 INFO odoo18 werkzeug: 127.0.0.1 - - [28/Jul/2026 06:18:27] "POST /mail/inbox/messages HTTP/1.1" 200 - 5 0.006 0.007
2026-07-28 06:18:29,643 2396 INFO odoo18 werkzeug: 127.0.0.1 - - [28/Jul/2026 06:18:29] "GET /web/service-worker.js HTTP/1.1" 200 - 1 0.001 0.005
2026-07-28 06:18:38,917 2396 INFO odoo18 werkzeug: 127.0.0.1 - - [28/Jul/2026 06:18:38] "POST /web/action/load HTTP/1.1" 200 - 12 0.016 0.013
2026-07-28 06:18:39,283 2396 ERROR odoo18 odoo.http: Exception during request handling. 
Traceback (most recent call last):
  File "D:\Odoo\odoo\odoo\http.py", line 2577, in __call__
    response = request._serve_db()
               ^^^^^^^^^^^^^^^^^^^
  File "D:\Odoo\odoo\odoo\http.py", line 2104, in _serve_db
    return self._transactioning(
           ^^^^^^^^^^^^^^^^^^^^^
  File "D:\Odoo\odoo\odoo\http.py", line 2167, in _transactioning
    return service_model.retrying(func, env=self.env)
           ^^^^^^^^^^^^^^^^^^^^^^^^^^^^^^^^^^^^^^^^^^
  File "D:\Odoo\odoo\odoo\service\model.py", line 157, in retrying
    result = func()
             ^^^^^^
  File "D:\Odoo\odoo\odoo\http.py", line 2134, in _serve_ir_http
    response = self.dispatcher.dispatch(rule.endpoint, args)
               ^^^^^^^^^^^^^^^^^^^^^^^^^^^^^^^^^^^^^^^^^^^^^
  File "D:\Odoo\odoo\odoo\http.py", line 2382, in dispatch
    result = self.request.registry['ir.http']._dispatch(endpoint)
             ^^^^^^^^^^^^^^^^^^^^^^^^^^^^^^^^^^^^^^^^^^^^^^^^^^^^
  File "D:\Odoo\odoo\odoo\addons\base\models\ir_http.py", line 333, in _dispatch
    result = endpoint(**request.params)
             ^^^^^^^^^^^^^^^^^^^^^^^^^^
  File "D:\Odoo\odoo\odoo\http.py", line 754, in route_wrapper
    result = endpoint(self, *args, **params_ok)
             ^^^^^^^^^^^^^^^^^^^^^^^^^^^^^^^^^^
  File "d:\odoo\odoo\addons\web\controllers\action.py", line 58, in run
    result = action.run()
             ^^^^^^^^^^^^
  File "D:\Odoo\odoo\odoo\addons\base\models\ir_actions.py", line 970, in run
    self.env[model_name].check_access("write")
    ~~~~~~~~^^^^^^^^^^^^
  File "D:\Odoo\odoo\odoo\api.py", line 614, in __getitem__
    return self.registry[model_name](self, (), ())
           ~~~~~~~~~~~~~^^^^^^^^^^^^
  File "D:\Odoo\odoo\odoo\modules\registry.py", line 230, in __getitem__
    return self.models[model_name]
           ~~~~~~~~~~~^^^^^^^^^^^^
KeyError: 'twilio.dialer.dashboard'
2026-07-28 06:18:39,285 2396 INFO odoo18 werkzeug: 127.0.0.1 - - [28/Jul/2026 06:18:39] "POST /web/action/run HTTP/1.1" 200 - 4 0.001 0.056
2026-07-28 06:18:43,524 2396 INFO odoo18 werkzeug: 127.0.0.1 - - [28/Jul/2026 06:18:43] "POST /web/action/load HTTP/1.1" 200 - 10 0.013 0.008
2026-07-28 06:18:43,954 2396 INFO odoo18 werkzeug: 127.0.0.1 - - [28/Jul/2026 06:18:43] "POST /web/dataset/call_kw/ir.module.module/get_views HTTP/1.1" 200 - 56 0.038 0.058
2026-07-28 06:18:44,129 2396 INFO odoo18 werkzeug: 127.0.0.1 - - [28/Jul/2026 06:18:44] "POST /web/dataset/call_kw/ir.module.module/search_panel_select_range HTTP/1.1" 200 - 1 0.001 0.003
2026-07-28 06:18:44,344 2396 INFO odoo18 werkzeug: 127.0.0.1 - - [28/Jul/2026 06:18:44] "POST /web/dataset/call_kw/ir.module.module/search_panel_select_range HTTP/1.1" 200 - 59 0.038 0.025
2026-07-28 06:18:45,060 2396 INFO odoo18 werkzeug: 127.0.0.1 - - [28/Jul/2026 06:18:45] "POST /web/dataset/call_kw/ir.module.module/web_search_read HTTP/1.1" 200 - 4 0.005 0.773
2026-07-28 06:18:45,427 2396 ERROR ? odoo.http: Exception during request handling. 
Traceback (most recent call last):
  File "D:\Odoo\odoo\odoo\http.py", line 2572, in __call__
    if self.get_static_file(httprequest.path):
       ^^^^^^^^^^^^^^^^^^^^^^^^^^^^^^^^^^^^^^
  File "D:\Odoo\odoo\odoo\http.py", line 2471, in get_static_file
    if (static != 'static' or not resource or module not in self.statics):
                                                            ^^^^^^^^^^^^
  File "D:\Odoo\odoo\odoo\tools\func.py", line 42, in __get__
    value = self.fget(obj)
            ^^^^^^^^^^^^^^
  File "D:\Odoo\odoo\odoo\http.py", line 2440, in statics
    for module in os.listdir(addons_path):
                  ^^^^^^^^^^^^^^^^^^^^^^^
FileNotFoundError: [WinError 3] The system cannot find the path specified: 'd:\\odoo\\addons'
2026-07-28 06:18:45,428 2396 INFO ? werkzeug: 127.0.0.1 - - [28/Jul/2026 06:18:45] "GET /sale_management/static/description/icon.png HTTP/1.1" 500 - 0 0.000 0.147
2026-07-28 06:18:46,098 2396 ERROR ? odoo.http: Exception during request handling. 
Traceback (most recent call last):
  File "D:\Odoo\odoo\odoo\http.py", line 2572, in __call__
    if self.get_static_file(httprequest.path):
       ^^^^^^^^^^^^^^^^^^^^^^^^^^^^^^^^^^^^^^
  File "D:\Odoo\odoo\odoo\http.py", line 2471, in get_static_file
    if (static != 'static' or not resource or module not in self.statics):
                                                            ^^^^^^^^^^^^
  File "D:\Odoo\odoo\odoo\tools\func.py", line 42, in __get__
    value = self.fget(obj)
            ^^^^^^^^^^^^^^
  File "D:\Odoo\odoo\odoo\http.py", line 2440, in statics
    for module in os.listdir(addons_path):
                  ^^^^^^^^^^^^^^^^^^^^^^^
FileNotFoundError: [WinError 3] The system cannot find the path specified: 'd:\\odoo\\addons'
2026-07-28 06:18:46,102 2396 INFO ? werkzeug: 127.0.0.1 - - [28/Jul/2026 06:18:46] "GET /purchase/static/description/icon.png HTTP/1.1" 500 - 0 0.000 0.501
2026-07-28 06:18:46,111 2396 ERROR ? odoo.http: Exception during request handling. 
Traceback (most recent call last):
  File "D:\Odoo\odoo\odoo\http.py", line 2572, in __call__
    if self.get_static_file(httprequest.path):
       ^^^^^^^^^^^^^^^^^^^^^^^^^^^^^^^^^^^^^^
  File "D:\Odoo\odoo\odoo\http.py", line 2471, in get_static_file
    if (static != 'static' or not resource or module not in self.statics):
                                                            ^^^^^^^^^^^^
  File "D:\Odoo\odoo\odoo\tools\func.py", line 42, in __get__
    value = self.fget(obj)
            ^^^^^^^^^^^^^^
  File "D:\Odoo\odoo\odoo\http.py", line 2440, in statics
    for module in os.listdir(addons_path):
                  ^^^^^^^^^^^^^^^^^^^^^^^
FileNotFoundError: [WinError 3] The system cannot find the path specified: 'd:\\odoo\\addons'
2026-07-28 06:18:46,114 2396 INFO ? werkzeug: 127.0.0.1 - - [28/Jul/2026 06:18:46] "GET /hr_expense/static/description/icon.png HTTP/1.1" 500 - 0 0.000 0.516
2026-07-28 06:18:46,116 2396 ERROR ? odoo.http: Exception during request handling. 
Traceback (most recent call last):
  File "D:\Odoo\odoo\odoo\http.py", line 2572, in __call__
    if self.get_static_file(httprequest.path):
       ^^^^^^^^^^^^^^^^^^^^^^^^^^^^^^^^^^^^^^
  File "D:\Odoo\odoo\odoo\http.py", line 2471, in get_static_file
    if (static != 'static' or not resource or module not in self.statics):
                                                            ^^^^^^^^^^^^
  File "D:\Odoo\odoo\odoo\tools\func.py", line 42, in __get__
    value = self.fget(obj)
            ^^^^^^^^^^^^^^
  File "D:\Odoo\odoo\odoo\http.py", line 2440, in statics
    for module in os.listdir(addons_path):
                  ^^^^^^^^^^^^^^^^^^^^^^^
FileNotFoundError: [WinError 3] The system cannot find the path specified: 'd:\\odoo\\addons'
2026-07-28 06:18:46,119 2396 INFO ? werkzeug: 127.0.0.1 - - [28/Jul/2026 06:18:46] "GET /point_of_sale/static/description/icon.png HTTP/1.1" 500 - 0 0.000 0.519
2026-07-28 06:18:46,124 2396 ERROR ? odoo.http: Exception during request handling. 
Traceback (most recent call last):
  File "D:\Odoo\odoo\odoo\http.py", line 2572, in __call__
    if self.get_static_file(httprequest.path):
       ^^^^^^^^^^^^^^^^^^^^^^^^^^^^^^^^^^^^^^
  File "D:\Odoo\odoo\odoo\http.py", line 2471, in get_static_file
    if (static != 'static' or not resource or module not in self.statics):
                                                            ^^^^^^^^^^^^
  File "D:\Odoo\odoo\odoo\tools\func.py", line 42, in __get__
    value = self.fget(obj)
            ^^^^^^^^^^^^^^
  File "D:\Odoo\odoo\odoo\http.py", line 2440, in statics
    for module in os.listdir(addons_path):
                  ^^^^^^^^^^^^^^^^^^^^^^^
FileNotFoundError: [WinError 3] The system cannot find the path specified: 'd:\\odoo\\addons'
2026-07-28 06:18:46,125 2396 ERROR ? odoo.http: Exception during request handling. 
Traceback (most recent call last):
  File "D:\Odoo\odoo\odoo\http.py", line 2572, in __call__
    if self.get_static_file(httprequest.path):
       ^^^^^^^^^^^^^^^^^^^^^^^^^^^^^^^^^^^^^^
  File "D:\Odoo\odoo\odoo\http.py", line 2471, in get_static_file
    if (static != 'static' or not resource or module not in self.statics):
                                                            ^^^^^^^^^^^^
  File "D:\Odoo\odoo\odoo\tools\func.py", line 42, in __get__
    value = self.fget(obj)
            ^^^^^^^^^^^^^^
  File "D:\Odoo\odoo\odoo\http.py", line 2440, in statics
    for module in os.listdir(addons_path):
                  ^^^^^^^^^^^^^^^^^^^^^^^
FileNotFoundError: [WinError 3] The system cannot find the path specified: 'd:\\odoo\\addons'
2026-07-28 06:18:46,127 2396 INFO ? werkzeug: 127.0.0.1 - - [28/Jul/2026 06:18:46] "GET /project/static/description/icon.png HTTP/1.1" 500 - 0 0.000 0.524
2026-07-28 06:18:46,128 2396 INFO ? werkzeug: 127.0.0.1 - - [28/Jul/2026 06:18:46] "GET /base/static/img/icons/account_accountant.png HTTP/1.1" 500 - 0 0.000 0.527
2026-07-28 06:18:46,181 2396 ERROR ? odoo.http: Exception during request handling. 
Traceback (most recent call last):
  File "D:\Odoo\odoo\odoo\http.py", line 2572, in __call__
    if self.get_static_file(httprequest.path):
       ^^^^^^^^^^^^^^^^^^^^^^^^^^^^^^^^^^^^^^
  File "D:\Odoo\odoo\odoo\http.py", line 2471, in get_static_file
    if (static != 'static' or not resource or module not in self.statics):
                                                            ^^^^^^^^^^^^
  File "D:\Odoo\odoo\odoo\tools\func.py", line 42, in __get__
    value = self.fget(obj)
            ^^^^^^^^^^^^^^
  File "D:\Odoo\odoo\odoo\http.py", line 2440, in statics
    for module in os.listdir(addons_path):
                  ^^^^^^^^^^^^^^^^^^^^^^^
FileNotFoundError: [WinError 3] The system cannot find the path specified: 'd:\\odoo\\addons'
2026-07-28 06:18:46,182 2396 INFO ? werkzeug: 127.0.0.1 - - [28/Jul/2026 06:18:46] "GET /mass_mailing/static/description/icon.png HTTP/1.1" 500 - 0 0.000 0.443
2026-07-28 06:18:46,837 2396 ERROR ? odoo.http: Exception during request handling. 
Traceback (most recent call last):
  File "D:\Odoo\odoo\odoo\http.py", line 2572, in __call__
    if self.get_static_file(httprequest.path):
       ^^^^^^^^^^^^^^^^^^^^^^^^^^^^^^^^^^^^^^
  File "D:\Odoo\odoo\odoo\http.py", line 2471, in get_static_file
    if (static != 'static' or not resource or module not in self.statics):
                                                            ^^^^^^^^^^^^
  File "D:\Odoo\odoo\odoo\tools\func.py", line 42, in __get__
    value = self.fget(obj)
            ^^^^^^^^^^^^^^
  File "D:\Odoo\odoo\odoo\http.py", line 2440, in statics
    for module in os.listdir(addons_path):
                  ^^^^^^^^^^^^^^^^^^^^^^^
FileNotFoundError: [WinError 3] The system cannot find the path specified: 'd:\\odoo\\addons'
2026-07-28 06:18:46,840 2396 INFO ? werkzeug: 127.0.0.1 - - [28/Jul/2026 06:18:46] "GET /mrp/static/description/icon.png HTTP/1.1" 500 - 0 0.000 0.428
2026-07-28 06:18:46,898 2396 ERROR ? odoo.http: Exception during request handling. 
Traceback (most recent call last):
  File "D:\Odoo\odoo\odoo\http.py", line 2572, in __call__
    if self.get_static_file(httprequest.path):
       ^^^^^^^^^^^^^^^^^^^^^^^^^^^^^^^^^^^^^^
  File "D:\Odoo\odoo\odoo\http.py", line 2471, in get_static_file
    if (static != 'static' or not resource or module not in self.statics):
                                                            ^^^^^^^^^^^^
  File "D:\Odoo\odoo\odoo\tools\func.py", line 42, in __get__
    value = self.fget(obj)
            ^^^^^^^^^^^^^^
  File "D:\Odoo\odoo\odoo\http.py", line 2440, in statics
    for module in os.listdir(addons_path):
                  ^^^^^^^^^^^^^^^^^^^^^^^
FileNotFoundError: [WinError 3] The system cannot find the path specified: 'd:\\odoo\\addons'
2026-07-28 06:18:46,901 2396 INFO ? werkzeug: 127.0.0.1 - - [28/Jul/2026 06:18:46] "GET /base/static/img/icons/timesheet_grid.png HTTP/1.1" 500 - 0 0.000 0.475
2026-07-28 06:18:46,916 2396 ERROR ? odoo.http: Exception during request handling. 
Traceback (most recent call last):
  File "D:\Odoo\odoo\odoo\http.py", line 2572, in __call__
    if self.get_static_file(httprequest.path):
       ^^^^^^^^^^^^^^^^^^^^^^^^^^^^^^^^^^^^^^
  File "D:\Odoo\odoo\odoo\http.py", line 2471, in get_static_file
    if (static != 'static' or not resource or module not in self.statics):
                                                            ^^^^^^^^^^^^
  File "D:\Odoo\odoo\odoo\tools\func.py", line 42, in __get__
    value = self.fget(obj)
            ^^^^^^^^^^^^^^
  File "D:\Odoo\odoo\odoo\http.py", line 2440, in statics
    for module in os.listdir(addons_path):
                  ^^^^^^^^^^^^^^^^^^^^^^^
FileNotFoundError: [WinError 3] The system cannot find the path specified: 'd:\\odoo\\addons'
2026-07-28 06:18:46,919 2396 INFO ? werkzeug: 127.0.0.1 - - [28/Jul/2026 06:18:46] "GET /website_sale/static/description/icon.png HTTP/1.1" 500 - 0 0.000 0.492
2026-07-28 06:18:46,942 2396 ERROR ? odoo.http: Exception during request handling. 
Traceback (most recent call last):
  File "D:\Odoo\odoo\odoo\http.py", line 2572, in __call__
    if self.get_static_file(httprequest.path):
       ^^^^^^^^^^^^^^^^^^^^^^^^^^^^^^^^^^^^^^
  File "D:\Odoo\odoo\odoo\http.py", line 2471, in get_static_file
    if (static != 'static' or not resource or module not in self.statics):
                                                            ^^^^^^^^^^^^
  File "D:\Odoo\odoo\odoo\tools\func.py", line 42, in __get__
    value = self.fget(obj)
            ^^^^^^^^^^^^^^
  File "D:\Odoo\odoo\odoo\http.py", line 2440, in statics
    for module in os.listdir(addons_path):
                  ^^^^^^^^^^^^^^^^^^^^^^^
FileNotFoundError: [WinError 3] The system cannot find the path specified: 'd:\\odoo\\addons'
2026-07-28 06:18:46,944 2396 INFO ? werkzeug: 127.0.0.1 - - [28/Jul/2026 06:18:46] "GET /base/static/img/icons/web_studio.png HTTP/1.1" 500 - 0 0.000 0.502
2026-07-28 06:18:46,951 2396 ERROR ? odoo.http: Exception during request handling. 
Traceback (most recent call last):
  File "D:\Odoo\odoo\odoo\http.py", line 2572, in __call__
    if self.get_static_file(httprequest.path):
       ^^^^^^^^^^^^^^^^^^^^^^^^^^^^^^^^^^^^^^
  File "D:\Odoo\odoo\odoo\http.py", line 2471, in get_static_file
    if (static != 'static' or not resource or module not in self.statics):
                                                            ^^^^^^^^^^^^
  File "D:\Odoo\odoo\odoo\tools\func.py", line 42, in __get__
    value = self.fget(obj)
            ^^^^^^^^^^^^^^
  File "D:\Odoo\odoo\odoo\http.py", line 2440, in statics
    for module in os.listdir(addons_path):
                  ^^^^^^^^^^^^^^^^^^^^^^^
FileNotFoundError: [WinError 3] The system cannot find the path specified: 'd:\\odoo\\addons'
2026-07-28 06:18:46,952 2396 INFO ? werkzeug: 127.0.0.1 - - [28/Jul/2026 06:18:46] "GET /base/static/img/icons/knowledge.png HTTP/1.1" 500 - 0 0.000 0.508
2026-07-28 06:18:46,973 2396 ERROR ? odoo.http: Exception during request handling. 
Traceback (most recent call last):
  File "D:\Odoo\odoo\odoo\http.py", line 2572, in __call__
    if self.get_static_file(httprequest.path):
       ^^^^^^^^^^^^^^^^^^^^^^^^^^^^^^^^^^^^^^
  File "D:\Odoo\odoo\odoo\http.py", line 2471, in get_static_file
    if (static != 'static' or not resource or module not in self.statics):
                                                            ^^^^^^^^^^^^
  File "D:\Odoo\odoo\odoo\tools\func.py", line 42, in __get__
    value = self.fget(obj)
            ^^^^^^^^^^^^^^
  File "D:\Odoo\odoo\odoo\http.py", line 2440, in statics
    for module in os.listdir(addons_path):
                  ^^^^^^^^^^^^^^^^^^^^^^^
FileNotFoundError: [WinError 3] The system cannot find the path specified: 'd:\\odoo\\addons'
2026-07-28 06:18:46,974 2396 INFO ? werkzeug: 127.0.0.1 - - [28/Jul/2026 06:18:46] "GET /pos_restaurant/static/description/icon.png HTTP/1.1" 500 - 0 0.000 0.484
2026-07-28 06:18:47,412 2396 ERROR ? odoo.http: Exception during request handling. 
Traceback (most recent call last):
  File "D:\Odoo\odoo\odoo\http.py", line 2572, in __call__
    if self.get_static_file(httprequest.path):
       ^^^^^^^^^^^^^^^^^^^^^^^^^^^^^^^^^^^^^^
  File "D:\Odoo\odoo\odoo\http.py", line 2471, in get_static_file
    if (static != 'static' or not resource or module not in self.statics):
                                                            ^^^^^^^^^^^^
  File "D:\Odoo\odoo\odoo\tools\func.py", line 42, in __get__
    value = self.fget(obj)
            ^^^^^^^^^^^^^^
  File "D:\Odoo\odoo\odoo\http.py", line 2440, in statics
    for module in os.listdir(addons_path):
                  ^^^^^^^^^^^^^^^^^^^^^^^
FileNotFoundError: [WinError 3] The system cannot find the path specified: 'd:\\odoo\\addons'
2026-07-28 06:18:47,415 2396 INFO ? werkzeug: 127.0.0.1 - - [28/Jul/2026 06:18:47] "GET /account/static/description/icon.png HTTP/1.1" 500 - 0 0.000 0.255
2026-07-28 06:18:47,589 2396 ERROR ? odoo.http: Exception during request handling. 
Traceback (most recent call last):
  File "D:\Odoo\odoo\odoo\http.py", line 2572, in __call__
    if self.get_static_file(httprequest.path):
       ^^^^^^^^^^^^^^^^^^^^^^^^^^^^^^^^^^^^^^
  File "D:\Odoo\odoo\odoo\http.py", line 2471, in get_static_file
    if (static != 'static' or not resource or module not in self.statics):
                                                            ^^^^^^^^^^^^
  File "D:\Odoo\odoo\odoo\tools\func.py", line 42, in __get__
    value = self.fget(obj)
            ^^^^^^^^^^^^^^
  File "D:\Odoo\odoo\odoo\http.py", line 2440, in statics
    for module in os.listdir(addons_path):
                  ^^^^^^^^^^^^^^^^^^^^^^^
FileNotFoundError: [WinError 3] The system cannot find the path specified: 'd:\\odoo\\addons'
2026-07-28 06:18:47,592 2396 INFO ? werkzeug: 127.0.0.1 - - [28/Jul/2026 06:18:47] "GET /base/static/img/icons/mrp_workorder.png HTTP/1.1" 500 - 0 0.000 0.384
2026-07-28 06:18:47,636 2396 ERROR ? odoo.http: Exception during request handling. 
Traceback (most recent call last):
  File "D:\Odoo\odoo\odoo\http.py", line 2572, in __call__
    if self.get_static_file(httprequest.path):
       ^^^^^^^^^^^^^^^^^^^^^^^^^^^^^^^^^^^^^^
  File "D:\Odoo\odoo\odoo\http.py", line 2471, in get_static_file
    if (static != 'static' or not resource or module not in self.statics):
                                                            ^^^^^^^^^^^^
  File "D:\Odoo\odoo\odoo\tools\func.py", line 42, in __get__
    value = self.fget(obj)
            ^^^^^^^^^^^^^^
  File "D:\Odoo\odoo\odoo\http.py", line 2440, in statics
    for module in os.listdir(addons_path):
                  ^^^^^^^^^^^^^^^^^^^^^^^
FileNotFoundError: [WinError 3] The system cannot find the path specified: 'd:\\odoo\\addons'
2026-07-28 06:18:47,638 2396 INFO ? werkzeug: 127.0.0.1 - - [28/Jul/2026 06:18:47] "GET /website/static/description/icon.png HTTP/1.1" 500 - 0 0.000 0.413
2026-07-28 06:18:47,691 2396 ERROR ? odoo.http: Exception during request handling. 
Traceback (most recent call last):
  File "D:\Odoo\odoo\odoo\http.py", line 2572, in __call__
    if self.get_static_file(httprequest.path):
       ^^^^^^^^^^^^^^^^^^^^^^^^^^^^^^^^^^^^^^
  File "D:\Odoo\odoo\odoo\http.py", line 2471, in get_static_file
    if (static != 'static' or not resource or module not in self.statics):
                                                            ^^^^^^^^^^^^
  File "D:\Odoo\odoo\odoo\tools\func.py", line 42, in __get__
    value = self.fget(obj)
            ^^^^^^^^^^^^^^
  File "D:\Odoo\odoo\odoo\http.py", line 2440, in statics
    for module in os.listdir(addons_path):
                  ^^^^^^^^^^^^^^^^^^^^^^^
FileNotFoundError: [WinError 3] The system cannot find the path specified: 'd:\\odoo\\addons'
2026-07-28 06:18:47,693 2396 INFO ? werkzeug: 127.0.0.1 - - [28/Jul/2026 06:18:47] "GET /stock/static/description/icon.png HTTP/1.1" 500 - 0 0.000 0.436
2026-07-28 06:18:47,703 2396 ERROR ? odoo.http: Exception during request handling. 
Traceback (most recent call last):
  File "D:\Odoo\odoo\odoo\http.py", line 2572, in __call__
    if self.get_static_file(httprequest.path):
       ^^^^^^^^^^^^^^^^^^^^^^^^^^^^^^^^^^^^^^
  File "D:\Odoo\odoo\odoo\http.py", line 2471, in get_static_file
    if (static != 'static' or not resource or module not in self.statics):
                                                            ^^^^^^^^^^^^
  File "D:\Odoo\odoo\odoo\tools\func.py", line 42, in __get__
    value = self.fget(obj)
            ^^^^^^^^^^^^^^
  File "D:\Odoo\odoo\odoo\http.py", line 2440, in statics
    for module in os.listdir(addons_path):
                  ^^^^^^^^^^^^^^^^^^^^^^^
FileNotFoundError: [WinError 3] The system cannot find the path specified: 'd:\\odoo\\addons'
2026-07-28 06:18:47,705 2396 INFO ? werkzeug: 127.0.0.1 - - [28/Jul/2026 06:18:47] "GET /hr_holidays/static/description/icon.png HTTP/1.1" 500 - 0 0.000 0.432
2026-07-28 06:18:47,716 2396 ERROR ? odoo.http: Exception during request handling. 
Traceback (most recent call last):
  File "D:\Odoo\odoo\odoo\http.py", line 2572, in __call__
    if self.get_static_file(httprequest.path):
       ^^^^^^^^^^^^^^^^^^^^^^^^^^^^^^^^^^^^^^
  File "D:\Odoo\odoo\odoo\http.py", line 2471, in get_static_file
    if (static != 'static' or not resource or module not in self.statics):
                                                            ^^^^^^^^^^^^
  File "D:\Odoo\odoo\odoo\tools\func.py", line 42, in __get__
    value = self.fget(obj)
            ^^^^^^^^^^^^^^
  File "D:\Odoo\odoo\odoo\http.py", line 2440, in statics
    for module in os.listdir(addons_path):
                  ^^^^^^^^^^^^^^^^^^^^^^^
FileNotFoundError: [WinError 3] The system cannot find the path specified: 'd:\\odoo\\addons'
2026-07-28 06:18:47,717 2396 INFO ? werkzeug: 127.0.0.1 - - [28/Jul/2026 06:18:47] "GET /hr_recruitment/static/description/icon.png HTTP/1.1" 500 - 0 0.000 0.429
2026-07-28 06:18:47,856 2396 ERROR ? odoo.http: Exception during request handling. 
Traceback (most recent call last):
  File "D:\Odoo\odoo\odoo\http.py", line 2572, in __call__
    if self.get_static_file(httprequest.path):
       ^^^^^^^^^^^^^^^^^^^^^^^^^^^^^^^^^^^^^^
  File "D:\Odoo\odoo\odoo\http.py", line 2471, in get_static_file
    if (static != 'static' or not resource or module not in self.statics):
                                                            ^^^^^^^^^^^^
  File "D:\Odoo\odoo\odoo\tools\func.py", line 42, in __get__
    value = self.fget(obj)
            ^^^^^^^^^^^^^^
  File "D:\Odoo\odoo\odoo\http.py", line 2440, in statics
    for module in os.listdir(addons_path):
                  ^^^^^^^^^^^^^^^^^^^^^^^
FileNotFoundError: [WinError 3] The system cannot find the path specified: 'd:\\odoo\\addons'
2026-07-28 06:18:47,857 2396 INFO ? werkzeug: 127.0.0.1 - - [28/Jul/2026 06:18:47] "GET /base/static/img/icons/industry_fsm.png HTTP/1.1" 500 - 0 0.000 0.126
2026-07-28 06:18:48,105 2396 ERROR ? odoo.http: Exception during request handling. 
Traceback (most recent call last):
  File "D:\Odoo\odoo\odoo\http.py", line 2572, in __call__
    if self.get_static_file(httprequest.path):
       ^^^^^^^^^^^^^^^^^^^^^^^^^^^^^^^^^^^^^^
  File "D:\Odoo\odoo\odoo\http.py", line 2471, in get_static_file
    if (static != 'static' or not resource or module not in self.statics):
                                                            ^^^^^^^^^^^^
  File "D:\Odoo\odoo\odoo\tools\func.py", line 42, in __get__
    value = self.fget(obj)
            ^^^^^^^^^^^^^^
  File "D:\Odoo\odoo\odoo\http.py", line 2440, in statics
    for module in os.listdir(addons_path):
                  ^^^^^^^^^^^^^^^^^^^^^^^
FileNotFoundError: [WinError 3] The system cannot find the path specified: 'd:\\odoo\\addons'
2026-07-28 06:18:48,109 2396 INFO ? werkzeug: 127.0.0.1 - - [28/Jul/2026 06:18:48] "GET /hr/static/description/icon.png HTTP/1.1" 500 - 0 0.000 0.206
2026-07-28 06:18:48,243 2396 ERROR ? odoo.http: Exception during request handling. 
Traceback (most recent call last):
  File "D:\Odoo\odoo\odoo\http.py", line 2572, in __call__
    if self.get_static_file(httprequest.path):
       ^^^^^^^^^^^^^^^^^^^^^^^^^^^^^^^^^^^^^^
  File "D:\Odoo\odoo\odoo\http.py", line 2471, in get_static_file
    if (static != 'static' or not resource or module not in self.statics):
                                                            ^^^^^^^^^^^^
  File "D:\Odoo\odoo\odoo\tools\func.py", line 42, in __get__
    value = self.fget(obj)
            ^^^^^^^^^^^^^^
  File "D:\Odoo\odoo\odoo\http.py", line 2440, in statics
    for module in os.listdir(addons_path):
                  ^^^^^^^^^^^^^^^^^^^^^^^
FileNotFoundError: [WinError 3] The system cannot find the path specified: 'd:\\odoo\\addons'
2026-07-28 06:18:48,246 2396 INFO ? werkzeug: 127.0.0.1 - - [28/Jul/2026 06:18:48] "GET /data_recycle/static/description/icon.png HTTP/1.1" 500 - 0 0.000 0.294
2026-07-28 06:18:48,356 2396 ERROR ? odoo.http: Exception during request handling. 
Traceback (most recent call last):
  File "D:\Odoo\odoo\odoo\http.py", line 2572, in __call__
    if self.get_static_file(httprequest.path):
       ^^^^^^^^^^^^^^^^^^^^^^^^^^^^^^^^^^^^^^
  File "D:\Odoo\odoo\odoo\http.py", line 2471, in get_static_file
    if (static != 'static' or not resource or module not in self.statics):
                                                            ^^^^^^^^^^^^
  File "D:\Odoo\odoo\odoo\tools\func.py", line 42, in __get__
    value = self.fget(obj)
            ^^^^^^^^^^^^^^
  File "D:\Odoo\odoo\odoo\http.py", line 2440, in statics
    for module in os.listdir(addons_path):
                  ^^^^^^^^^^^^^^^^^^^^^^^
FileNotFoundError: [WinError 3] The system cannot find the path specified: 'd:\\odoo\\addons'
2026-07-28 06:18:48,358 2396 INFO ? werkzeug: 127.0.0.1 - - [28/Jul/2026 06:18:48] "GET /maintenance/static/description/icon.png HTTP/1.1" 500 - 0 0.000 0.359
2026-07-28 06:18:48,376 2396 ERROR ? odoo.http: Exception during request handling. 
Traceback (most recent call last):
  File "D:\Odoo\odoo\odoo\http.py", line 2572, in __call__
    if self.get_static_file(httprequest.path):
       ^^^^^^^^^^^^^^^^^^^^^^^^^^^^^^^^^^^^^^
  File "D:\Odoo\odoo\odoo\http.py", line 2471, in get_static_file
    if (static != 'static' or not resource or module not in self.statics):
                                                            ^^^^^^^^^^^^
  File "D:\Odoo\odoo\odoo\tools\func.py", line 42, in __get__
    value = self.fget(obj)
            ^^^^^^^^^^^^^^
  File "D:\Odoo\odoo\odoo\http.py", line 2440, in statics
    for module in os.listdir(addons_path):
                  ^^^^^^^^^^^^^^^^^^^^^^^
FileNotFoundError: [WinError 3] The system cannot find the path specified: 'd:\\odoo\\addons'
2026-07-28 06:18:48,378 2396 INFO ? werkzeug: 127.0.0.1 - - [28/Jul/2026 06:18:48] "GET /marketing_card/static/description/icon.png HTTP/1.1" 500 - 0 0.000 0.363
2026-07-28 06:18:48,396 2396 ERROR ? odoo.http: Exception during request handling. 
Traceback (most recent call last):
  File "D:\Odoo\odoo\odoo\http.py", line 2572, in __call__
    if self.get_static_file(httprequest.path):
       ^^^^^^^^^^^^^^^^^^^^^^^^^^^^^^^^^^^^^^
  File "D:\Odoo\odoo\odoo\http.py", line 2471, in get_static_file
    if (static != 'static' or not resource or module not in self.statics):
                                                            ^^^^^^^^^^^^
  File "D:\Odoo\odoo\odoo\tools\func.py", line 42, in __get__
    value = self.fget(obj)
            ^^^^^^^^^^^^^^
  File "D:\Odoo\odoo\odoo\http.py", line 2440, in statics
    for module in os.listdir(addons_path):
                  ^^^^^^^^^^^^^^^^^^^^^^^
FileNotFoundError: [WinError 3] The system cannot find the path specified: 'd:\\odoo\\addons'
2026-07-28 06:18:48,397 2396 INFO ? werkzeug: 127.0.0.1 - - [28/Jul/2026 06:18:48] "GET /mcp_connector/static/description/icon.png HTTP/1.1" 500 - 0 0.000 0.366
2026-07-28 06:18:48,456 2396 ERROR ? odoo.http: Exception during request handling. 
Traceback (most recent call last):
  File "D:\Odoo\odoo\odoo\http.py", line 2572, in __call__
    if self.get_static_file(httprequest.path):
       ^^^^^^^^^^^^^^^^^^^^^^^^^^^^^^^^^^^^^^
  File "D:\Odoo\odoo\odoo\http.py", line 2471, in get_static_file
    if (static != 'static' or not resource or module not in self.statics):
                                                            ^^^^^^^^^^^^
  File "D:\Odoo\odoo\odoo\tools\func.py", line 42, in __get__
    value = self.fget(obj)
            ^^^^^^^^^^^^^^
  File "D:\Odoo\odoo\odoo\http.py", line 2440, in statics
    for module in os.listdir(addons_path):
                  ^^^^^^^^^^^^^^^^^^^^^^^
FileNotFoundError: [WinError 3] The system cannot find the path specified: 'd:\\odoo\\addons'
2026-07-28 06:18:48,457 2396 INFO ? werkzeug: 127.0.0.1 - - [28/Jul/2026 06:18:48] "GET /base/static/description/icon.png HTTP/1.1" 500 - 0 0.000 0.284
2026-07-28 06:18:48,567 2396 ERROR ? odoo.http: Exception during request handling. 
Traceback (most recent call last):
  File "D:\Odoo\odoo\odoo\http.py", line 2572, in __call__
    if self.get_static_file(httprequest.path):
       ^^^^^^^^^^^^^^^^^^^^^^^^^^^^^^^^^^^^^^
  File "D:\Odoo\odoo\odoo\http.py", line 2471, in get_static_file
    if (static != 'static' or not resource or module not in self.statics):
                                                            ^^^^^^^^^^^^
  File "D:\Odoo\odoo\odoo\tools\func.py", line 42, in __get__
    value = self.fget(obj)
            ^^^^^^^^^^^^^^
  File "D:\Odoo\odoo\odoo\http.py", line 2440, in statics
    for module in os.listdir(addons_path):
                  ^^^^^^^^^^^^^^^^^^^^^^^
FileNotFoundError: [WinError 3] The system cannot find the path specified: 'd:\\odoo\\addons'
2026-07-28 06:18:48,568 2396 INFO ? werkzeug: 127.0.0.1 - - [28/Jul/2026 06:18:48] "GET /base/static/img/icons/sign.png HTTP/1.1" 500 - 0 0.000 0.145
2026-07-28 06:18:48,695 2396 ERROR ? odoo.http: Exception during request handling. 
Traceback (most recent call last):
  File "D:\Odoo\odoo\odoo\http.py", line 2572, in __call__
    if self.get_static_file(httprequest.path):
       ^^^^^^^^^^^^^^^^^^^^^^^^^^^^^^^^^^^^^^
  File "D:\Odoo\odoo\odoo\http.py", line 2471, in get_static_file
    if (static != 'static' or not resource or module not in self.statics):
                                                            ^^^^^^^^^^^^
  File "D:\Odoo\odoo\odoo\tools\func.py", line 42, in __get__
    value = self.fget(obj)
            ^^^^^^^^^^^^^^
  File "D:\Odoo\odoo\odoo\http.py", line 2440, in statics
    for module in os.listdir(addons_path):
                  ^^^^^^^^^^^^^^^^^^^^^^^
FileNotFoundError: [WinError 3] The system cannot find the path specified: 'd:\\odoo\\addons'
2026-07-28 06:18:48,697 2396 INFO ? werkzeug: 127.0.0.1 - - [28/Jul/2026 06:18:48] "GET /base/static/img/icons/helpdesk.png HTTP/1.1" 500 - 0 0.000 0.147
2026-07-28 06:18:48,964 2396 ERROR ? odoo.http: Exception during request handling. 
Traceback (most recent call last):
  File "D:\Odoo\odoo\odoo\http.py", line 2572, in __call__
    if self.get_static_file(httprequest.path):
       ^^^^^^^^^^^^^^^^^^^^^^^^^^^^^^^^^^^^^^
  File "D:\Odoo\odoo\odoo\http.py", line 2471, in get_static_file
    if (static != 'static' or not resource or module not in self.statics):
                                                            ^^^^^^^^^^^^
  File "D:\Odoo\odoo\odoo\tools\func.py", line 42, in __get__
    value = self.fget(obj)
            ^^^^^^^^^^^^^^
  File "D:\Odoo\odoo\odoo\http.py", line 2440, in statics
    for module in os.listdir(addons_path):
                  ^^^^^^^^^^^^^^^^^^^^^^^
FileNotFoundError: [WinError 3] The system cannot find the path specified: 'd:\\odoo\\addons'
2026-07-28 06:18:48,966 2396 INFO ? werkzeug: 127.0.0.1 - - [28/Jul/2026 06:18:48] "GET /base/static/img/icons/sale_subscription.png HTTP/1.1" 500 - 0 0.000 0.288
2026-07-28 06:18:48,995 2396 ERROR ? odoo.http: Exception during request handling. 
Traceback (most recent call last):
  File "D:\Odoo\odoo\odoo\http.py", line 2572, in __call__
    if self.get_static_file(httprequest.path):
       ^^^^^^^^^^^^^^^^^^^^^^^^^^^^^^^^^^^^^^
  File "D:\Odoo\odoo\odoo\http.py", line 2471, in get_static_file
    if (static != 'static' or not resource or module not in self.statics):
                                                            ^^^^^^^^^^^^
  File "D:\Odoo\odoo\odoo\tools\func.py", line 42, in __get__
    value = self.fget(obj)
            ^^^^^^^^^^^^^^
  File "D:\Odoo\odoo\odoo\http.py", line 2440, in statics
    for module in os.listdir(addons_path):
                  ^^^^^^^^^^^^^^^^^^^^^^^
FileNotFoundError: [WinError 3] The system cannot find the path specified: 'd:\\odoo\\addons'
2026-07-28 06:18:48,997 2396 INFO ? werkzeug: 127.0.0.1 - - [28/Jul/2026 06:18:48] "GET /base/static/img/icons/quality_control.png HTTP/1.1" 500 - 0 0.000 0.303
2026-07-28 06:18:49,004 2396 ERROR ? odoo.http: Exception during request handling. 
Traceback (most recent call last):
  File "D:\Odoo\odoo\odoo\http.py", line 2572, in __call__
    if self.get_static_file(httprequest.path):
       ^^^^^^^^^^^^^^^^^^^^^^^^^^^^^^^^^^^^^^
  File "D:\Odoo\odoo\odoo\http.py", line 2471, in get_static_file
    if (static != 'static' or not resource or module not in self.statics):
                                                            ^^^^^^^^^^^^
  File "D:\Odoo\odoo\odoo\tools\func.py", line 42, in __get__
    value = self.fget(obj)
            ^^^^^^^^^^^^^^
  File "D:\Odoo\odoo\odoo\http.py", line 2440, in statics
    for module in os.listdir(addons_path):
                  ^^^^^^^^^^^^^^^^^^^^^^^
FileNotFoundError: [WinError 3] The system cannot find the path specified: 'd:\\odoo\\addons'
2026-07-28 06:18:49,006 2396 INFO ? werkzeug: 127.0.0.1 - - [28/Jul/2026 06:18:49] "GET /website_slides/static/description/icon.png HTTP/1.1" 500 - 0 0.000 0.303
2026-07-28 06:18:49,087 2396 ERROR ? odoo.http: Exception during request handling. 
Traceback (most recent call last):
  File "D:\Odoo\odoo\odoo\http.py", line 2572, in __call__
    if self.get_static_file(httprequest.path):
       ^^^^^^^^^^^^^^^^^^^^^^^^^^^^^^^^^^^^^^
  File "D:\Odoo\odoo\odoo\http.py", line 2471, in get_static_file
    if (static != 'static' or not resource or module not in self.statics):
                                                            ^^^^^^^^^^^^
  File "D:\Odoo\odoo\odoo\tools\func.py", line 42, in __get__
    value = self.fget(obj)
            ^^^^^^^^^^^^^^
  File "D:\Odoo\odoo\odoo\http.py", line 2440, in statics
    for module in os.listdir(addons_path):
                  ^^^^^^^^^^^^^^^^^^^^^^^
FileNotFoundError: [WinError 3] The system cannot find the path specified: 'd:\\odoo\\addons'
2026-07-28 06:18:49,088 2396 INFO ? werkzeug: 127.0.0.1 - - [28/Jul/2026 06:18:49] "GET /base/static/img/icons/planning.png HTTP/1.1" 500 - 0 0.000 0.315
2026-07-28 06:18:49,152 2396 ERROR ? odoo.http: Exception during request handling. 
Traceback (most recent call last):
  File "D:\Odoo\odoo\odoo\http.py", line 2572, in __call__
    if self.get_static_file(httprequest.path):
       ^^^^^^^^^^^^^^^^^^^^^^^^^^^^^^^^^^^^^^
  File "D:\Odoo\odoo\odoo\http.py", line 2471, in get_static_file
    if (static != 'static' or not resource or module not in self.statics):
                                                            ^^^^^^^^^^^^
  File "D:\Odoo\odoo\odoo\tools\func.py", line 42, in __get__
    value = self.fget(obj)
            ^^^^^^^^^^^^^^
  File "D:\Odoo\odoo\odoo\http.py", line 2440, in statics
    for module in os.listdir(addons_path):
                  ^^^^^^^^^^^^^^^^^^^^^^^
FileNotFoundError: [WinError 3] The system cannot find the path specified: 'd:\\odoo\\addons'
2026-07-28 06:18:49,153 2396 INFO ? werkzeug: 127.0.0.1 - - [28/Jul/2026 06:18:49] "GET /website_event/static/description/icon.png HTTP/1.1" 500 - 0 0.000 0.266
2026-07-28 06:18:49,192 2396 ERROR ? odoo.http: Exception during request handling. 
Traceback (most recent call last):
  File "D:\Odoo\odoo\odoo\http.py", line 2572, in __call__
    if self.get_static_file(httprequest.path):
       ^^^^^^^^^^^^^^^^^^^^^^^^^^^^^^^^^^^^^^
  File "D:\Odoo\odoo\odoo\http.py", line 2471, in get_static_file
    if (static != 'static' or not resource or module not in self.statics):
                                                            ^^^^^^^^^^^^
  File "D:\Odoo\odoo\odoo\tools\func.py", line 42, in __get__
    value = self.fget(obj)
            ^^^^^^^^^^^^^^
  File "D:\Odoo\odoo\odoo\http.py", line 2440, in statics
    for module in os.listdir(addons_path):
                  ^^^^^^^^^^^^^^^^^^^^^^^
FileNotFoundError: [WinError 3] The system cannot find the path specified: 'd:\\odoo\\addons'
2026-07-28 06:18:49,193 2396 INFO ? werkzeug: 127.0.0.1 - - [28/Jul/2026 06:18:49] "GET /mail/static/description/icon.png HTTP/1.1" 500 - 0 0.000 0.185
2026-07-28 06:18:49,509 2396 ERROR ? odoo.http: Exception during request handling. 
Traceback (most recent call last):
  File "D:\Odoo\odoo\odoo\http.py", line 2572, in __call__
    if self.get_static_file(httprequest.path):
       ^^^^^^^^^^^^^^^^^^^^^^^^^^^^^^^^^^^^^^
  File "D:\Odoo\odoo\odoo\http.py", line 2471, in get_static_file
    if (static != 'static' or not resource or module not in self.statics):
                                                            ^^^^^^^^^^^^
  File "D:\Odoo\odoo\odoo\tools\func.py", line 42, in __get__
    value = self.fget(obj)
            ^^^^^^^^^^^^^^
  File "D:\Odoo\odoo\odoo\http.py", line 2440, in statics
    for module in os.listdir(addons_path):
                  ^^^^^^^^^^^^^^^^^^^^^^^
FileNotFoundError: [WinError 3] The system cannot find the path specified: 'd:\\odoo\\addons'
2026-07-28 06:18:49,511 2396 INFO ? werkzeug: 127.0.0.1 - - [28/Jul/2026 06:18:49] "GET /contacts/static/description/icon.png HTTP/1.1" 500 - 0 0.000 0.234
2026-07-28 06:18:49,618 2396 ERROR ? odoo.http: Exception during request handling. 
Traceback (most recent call last):
  File "D:\Odoo\odoo\odoo\http.py", line 2572, in __call__
    if self.get_static_file(httprequest.path):
       ^^^^^^^^^^^^^^^^^^^^^^^^^^^^^^^^^^^^^^
  File "D:\Odoo\odoo\odoo\http.py", line 2471, in get_static_file
    if (static != 'static' or not resource or module not in self.statics):
                                                            ^^^^^^^^^^^^
  File "D:\Odoo\odoo\odoo\tools\func.py", line 42, in __get__
    value = self.fget(obj)
            ^^^^^^^^^^^^^^
  File "D:\Odoo\odoo\odoo\http.py", line 2440, in statics
    for module in os.listdir(addons_path):
                  ^^^^^^^^^^^^^^^^^^^^^^^
FileNotFoundError: [WinError 3] The system cannot find the path specified: 'd:\\odoo\\addons'
2026-07-28 06:18:49,620 2396 INFO ? werkzeug: 127.0.0.1 - - [28/Jul/2026 06:18:49] "GET /base/static/img/icons/mrp_plm.png HTTP/1.1" 500 - 0 0.000 0.311
2026-07-28 06:18:49,655 2396 ERROR ? odoo.http: Exception during request handling. 
Traceback (most recent call last):
  File "D:\Odoo\odoo\odoo\http.py", line 2572, in __call__
    if self.get_static_file(httprequest.path):
       ^^^^^^^^^^^^^^^^^^^^^^^^^^^^^^^^^^^^^^
  File "D:\Odoo\odoo\odoo\http.py", line 2471, in get_static_file
    if (static != 'static' or not resource or module not in self.statics):
                                                            ^^^^^^^^^^^^
  File "D:\Odoo\odoo\odoo\tools\func.py", line 42, in __get__
    value = self.fget(obj)
            ^^^^^^^^^^^^^^
  File "D:\Odoo\odoo\odoo\http.py", line 2440, in statics
    for module in os.listdir(addons_path):
                  ^^^^^^^^^^^^^^^^^^^^^^^
FileNotFoundError: [WinError 3] The system cannot find the path specified: 'd:\\odoo\\addons'
2026-07-28 06:18:49,658 2396 INFO ? werkzeug: 127.0.0.1 - - [28/Jul/2026 06:18:49] "GET /base/static/img/icons/social.png HTTP/1.1" 500 - 0 0.000 0.333
2026-07-28 06:18:49,751 2396 ERROR ? odoo.http: Exception during request handling. 
Traceback (most recent call last):
  File "D:\Odoo\odoo\odoo\http.py", line 2572, in __call__
    if self.get_static_file(httprequest.path):
       ^^^^^^^^^^^^^^^^^^^^^^^^^^^^^^^^^^^^^^
  File "D:\Odoo\odoo\odoo\http.py", line 2471, in get_static_file
    if (static != 'static' or not resource or module not in self.statics):
                                                            ^^^^^^^^^^^^
  File "D:\Odoo\odoo\odoo\tools\func.py", line 42, in __get__
    value = self.fget(obj)
            ^^^^^^^^^^^^^^
  File "D:\Odoo\odoo\odoo\http.py", line 2440, in statics
    for module in os.listdir(addons_path):
                  ^^^^^^^^^^^^^^^^^^^^^^^
FileNotFoundError: [WinError 3] The system cannot find the path specified: 'd:\\odoo\\addons'
2026-07-28 06:18:49,752 2396 INFO ? werkzeug: 127.0.0.1 - - [28/Jul/2026 06:18:49] "GET /base/static/img/icons/hr_appraisal.png HTTP/1.1" 500 - 0 0.000 0.347
2026-07-28 06:18:49,791 2396 ERROR ? odoo.http: Exception during request handling. 
Traceback (most recent call last):
  File "D:\Odoo\odoo\odoo\http.py", line 2572, in __call__
    if self.get_static_file(httprequest.path):
       ^^^^^^^^^^^^^^^^^^^^^^^^^^^^^^^^^^^^^^
  File "D:\Odoo\odoo\odoo\http.py", line 2471, in get_static_file
    if (static != 'static' or not resource or module not in self.statics):
                                                            ^^^^^^^^^^^^
  File "D:\Odoo\odoo\odoo\tools\func.py", line 42, in __get__
    value = self.fget(obj)
            ^^^^^^^^^^^^^^
  File "D:\Odoo\odoo\odoo\http.py", line 2440, in statics
    for module in os.listdir(addons_path):
                  ^^^^^^^^^^^^^^^^^^^^^^^
FileNotFoundError: [WinError 3] The system cannot find the path specified: 'd:\\odoo\\addons'
2026-07-28 06:18:49,793 2396 INFO ? werkzeug: 127.0.0.1 - - [28/Jul/2026 06:18:49] "GET /fleet/static/description/icon.png HTTP/1.1" 500 - 0 0.000 0.323
2026-07-28 06:18:49,811 2396 ERROR ? odoo.http: Exception during request handling. 
Traceback (most recent call last):
  File "D:\Odoo\odoo\odoo\http.py", line 2572, in __call__
    if self.get_static_file(httprequest.path):
       ^^^^^^^^^^^^^^^^^^^^^^^^^^^^^^^^^^^^^^
  File "D:\Odoo\odoo\odoo\http.py", line 2471, in get_static_file
    if (static != 'static' or not resource or module not in self.statics):
                                                            ^^^^^^^^^^^^
  File "D:\Odoo\odoo\odoo\tools\func.py", line 42, in __get__
    value = self.fget(obj)
            ^^^^^^^^^^^^^^
  File "D:\Odoo\odoo\odoo\http.py", line 2440, in statics
    for module in os.listdir(addons_path):
                  ^^^^^^^^^^^^^^^^^^^^^^^
FileNotFoundError: [WinError 3] The system cannot find the path specified: 'd:\\odoo\\addons'
2026-07-28 06:18:49,812 2396 INFO ? werkzeug: 127.0.0.1 - - [28/Jul/2026 06:18:49] "GET /base/static/img/icons/marketing_automation.png HTTP/1.1" 500 - 0 0.000 0.295
2026-07-28 06:18:49,950 2396 ERROR ? odoo.http: Exception during request handling. 
Traceback (most recent call last):
  File "D:\Odoo\odoo\odoo\http.py", line 2572, in __call__
    if self.get_static_file(httprequest.path):
       ^^^^^^^^^^^^^^^^^^^^^^^^^^^^^^^^^^^^^^
  File "D:\Odoo\odoo\odoo\http.py", line 2471, in get_static_file
    if (static != 'static' or not resource or module not in self.statics):
                                                            ^^^^^^^^^^^^
  File "D:\Odoo\odoo\odoo\tools\func.py", line 42, in __get__
    value = self.fget(obj)
            ^^^^^^^^^^^^^^
  File "D:\Odoo\odoo\odoo\http.py", line 2440, in statics
    for module in os.listdir(addons_path):
                  ^^^^^^^^^^^^^^^^^^^^^^^
FileNotFoundError: [WinError 3] The system cannot find the path specified: 'd:\\odoo\\addons'
2026-07-28 06:18:49,951 2396 INFO ? werkzeug: 127.0.0.1 - - [28/Jul/2026 06:18:49] "GET /im_livechat/static/description/icon.png HTTP/1.1" 500 - 0 0.000 0.134
2026-07-28 06:18:50,153 2396 ERROR ? odoo.http: Exception during request handling. 
Traceback (most recent call last):
  File "D:\Odoo\odoo\odoo\http.py", line 2572, in __call__
    if self.get_static_file(httprequest.path):
       ^^^^^^^^^^^^^^^^^^^^^^^^^^^^^^^^^^^^^^
  File "D:\Odoo\odoo\odoo\http.py", line 2471, in get_static_file
    if (static != 'static' or not resource or module not in self.statics):
                                                            ^^^^^^^^^^^^
  File "D:\Odoo\odoo\odoo\tools\func.py", line 42, in __get__
    value = self.fget(obj)
            ^^^^^^^^^^^^^^
  File "D:\Odoo\odoo\odoo\http.py", line 2440, in statics
    for module in os.listdir(addons_path):
                  ^^^^^^^^^^^^^^^^^^^^^^^
FileNotFoundError: [WinError 3] The system cannot find the path specified: 'd:\\odoo\\addons'
2026-07-28 06:18:50,154 2396 INFO ? werkzeug: 127.0.0.1 - - [28/Jul/2026 06:18:50] "GET /base/static/img/icons/appointment.png HTTP/1.1" 500 - 0 0.000 0.229
2026-07-28 06:18:50,240 2396 ERROR ? odoo.http: Exception during request handling. 
Traceback (most recent call last):
  File "D:\Odoo\odoo\odoo\http.py", line 2572, in __call__
    if self.get_static_file(httprequest.path):
       ^^^^^^^^^^^^^^^^^^^^^^^^^^^^^^^^^^^^^^
  File "D:\Odoo\odoo\odoo\http.py", line 2471, in get_static_file
    if (static != 'static' or not resource or module not in self.statics):
                                                            ^^^^^^^^^^^^
  File "D:\Odoo\odoo\odoo\tools\func.py", line 42, in __get__
    value = self.fget(obj)
            ^^^^^^^^^^^^^^
  File "D:\Odoo\odoo\odoo\http.py", line 2440, in statics
    for module in os.listdir(addons_path):
                  ^^^^^^^^^^^^^^^^^^^^^^^
FileNotFoundError: [WinError 3] The system cannot find the path specified: 'd:\\odoo\\addons'
2026-07-28 06:18:50,242 2396 INFO ? werkzeug: 127.0.0.1 - - [28/Jul/2026 06:18:50] "GET /survey/static/description/icon.png HTTP/1.1" 500 - 0 0.000 0.275
2026-07-28 06:18:50,391 2396 ERROR ? odoo.http: Exception during request handling. 
Traceback (most recent call last):
  File "D:\Odoo\odoo\odoo\http.py", line 2572, in __call__
    if self.get_static_file(httprequest.path):
       ^^^^^^^^^^^^^^^^^^^^^^^^^^^^^^^^^^^^^^
  File "D:\Odoo\odoo\odoo\http.py", line 2471, in get_static_file
    if (static != 'static' or not resource or module not in self.statics):
                                                            ^^^^^^^^^^^^
  File "D:\Odoo\odoo\odoo\tools\func.py", line 42, in __get__
    value = self.fget(obj)
            ^^^^^^^^^^^^^^
  File "D:\Odoo\odoo\odoo\http.py", line 2440, in statics
    for module in os.listdir(addons_path):
                  ^^^^^^^^^^^^^^^^^^^^^^^
FileNotFoundError: [WinError 3] The system cannot find the path specified: 'd:\\odoo\\addons'
2026-07-28 06:18:50,394 2396 INFO ? werkzeug: 127.0.0.1 - - [28/Jul/2026 06:18:50] "GET /base/static/img/icons/web_mobile.png HTTP/1.1" 500 - 0 0.000 0.336
2026-07-28 06:18:50,474 2396 ERROR ? odoo.http: Exception during request handling. 
Traceback (most recent call last):
  File "D:\Odoo\odoo\odoo\http.py", line 2572, in __call__
    if self.get_static_file(httprequest.path):
       ^^^^^^^^^^^^^^^^^^^^^^^^^^^^^^^^^^^^^^
  File "D:\Odoo\odoo\odoo\http.py", line 2471, in get_static_file
    if (static != 'static' or not resource or module not in self.statics):
                                                            ^^^^^^^^^^^^
  File "D:\Odoo\odoo\odoo\tools\func.py", line 42, in __get__
    value = self.fget(obj)
            ^^^^^^^^^^^^^^
  File "D:\Odoo\odoo\odoo\http.py", line 2440, in statics
    for module in os.listdir(addons_path):
                  ^^^^^^^^^^^^^^^^^^^^^^^
FileNotFoundError: [WinError 3] The system cannot find the path specified: 'd:\\odoo\\addons'
2026-07-28 06:18:50,476 2396 INFO ? werkzeug: 127.0.0.1 - - [28/Jul/2026 06:18:50] "GET /repair/static/description/icon.png HTTP/1.1" 500 - 0 0.000 0.364
2026-07-28 06:18:50,485 2396 ERROR ? odoo.http: Exception during request handling. 
Traceback (most recent call last):
  File "D:\Odoo\odoo\odoo\http.py", line 2572, in __call__
    if self.get_static_file(httprequest.path):
       ^^^^^^^^^^^^^^^^^^^^^^^^^^^^^^^^^^^^^^
  File "D:\Odoo\odoo\odoo\http.py", line 2471, in get_static_file
    if (static != 'static' or not resource or module not in self.statics):
                                                            ^^^^^^^^^^^^
  File "D:\Odoo\odoo\odoo\tools\func.py", line 42, in __get__
    value = self.fget(obj)
            ^^^^^^^^^^^^^^
  File "D:\Odoo\odoo\odoo\http.py", line 2440, in statics
    for module in os.listdir(addons_path):
                  ^^^^^^^^^^^^^^^^^^^^^^^
FileNotFoundError: [WinError 3] The system cannot find the path specified: 'd:\\odoo\\addons'
2026-07-28 06:18:50,486 2396 INFO ? werkzeug: 127.0.0.1 - - [28/Jul/2026 06:18:50] "GET /hr_attendance/static/description/icon.png HTTP/1.1" 500 - 0 0.000 0.358
2026-07-28 06:18:50,542 2396 ERROR ? odoo.http: Exception during request handling. 
Traceback (most recent call last):
  File "D:\Odoo\odoo\odoo\http.py", line 2572, in __call__
    if self.get_static_file(httprequest.path):
       ^^^^^^^^^^^^^^^^^^^^^^^^^^^^^^^^^^^^^^
  File "D:\Odoo\odoo\odoo\http.py", line 2471, in get_static_file
    if (static != 'static' or not resource or module not in self.statics):
                                                            ^^^^^^^^^^^^
  File "D:\Odoo\odoo\odoo\tools\func.py", line 42, in __get__
    value = self.fget(obj)
            ^^^^^^^^^^^^^^
  File "D:\Odoo\odoo\odoo\http.py", line 2440, in statics
    for module in os.listdir(addons_path):
                  ^^^^^^^^^^^^^^^^^^^^^^^
FileNotFoundError: [WinError 3] The system cannot find the path specified: 'd:\\odoo\\addons'
2026-07-28 06:18:50,543 2396 INFO ? werkzeug: 127.0.0.1 - - [28/Jul/2026 06:18:50] "GET /mass_mailing_sms/static/description/icon.png HTTP/1.1" 500 - 0 0.000 0.282
2026-07-28 06:18:50,674 2396 ERROR ? odoo.http: Exception during request handling. 
Traceback (most recent call last):
  File "D:\Odoo\odoo\odoo\http.py", line 2572, in __call__
    if self.get_static_file(httprequest.path):
       ^^^^^^^^^^^^^^^^^^^^^^^^^^^^^^^^^^^^^^
  File "D:\Odoo\odoo\odoo\http.py", line 2471, in get_static_file
    if (static != 'static' or not resource or module not in self.statics):
                                                            ^^^^^^^^^^^^
  File "D:\Odoo\odoo\odoo\tools\func.py", line 42, in __get__
    value = self.fget(obj)
            ^^^^^^^^^^^^^^
  File "D:\Odoo\odoo\odoo\http.py", line 2440, in statics
    for module in os.listdir(addons_path):
                  ^^^^^^^^^^^^^^^^^^^^^^^
FileNotFoundError: [WinError 3] The system cannot find the path specified: 'd:\\odoo\\addons'
2026-07-28 06:18:50,676 2396 INFO ? werkzeug: 127.0.0.1 - - [28/Jul/2026 06:18:50] "GET /base/static/img/icons/stock_barcode.png HTTP/1.1" 500 - 0 0.000 0.158
2026-07-28 06:18:50,768 2396 ERROR ? odoo.http: Exception during request handling. 
Traceback (most recent call last):
  File "D:\Odoo\odoo\odoo\http.py", line 2572, in __call__
    if self.get_static_file(httprequest.path):
       ^^^^^^^^^^^^^^^^^^^^^^^^^^^^^^^^^^^^^^
  File "D:\Odoo\odoo\odoo\http.py", line 2471, in get_static_file
    if (static != 'static' or not resource or module not in self.statics):
                                                            ^^^^^^^^^^^^
  File "D:\Odoo\odoo\odoo\tools\func.py", line 42, in __get__
    value = self.fget(obj)
            ^^^^^^^^^^^^^^
  File "D:\Odoo\odoo\odoo\http.py", line 2440, in statics
    for module in os.listdir(addons_path):
                  ^^^^^^^^^^^^^^^^^^^^^^^
FileNotFoundError: [WinError 3] The system cannot find the path specified: 'd:\\odoo\\addons'
2026-07-28 06:18:50,770 2396 INFO ? werkzeug: 127.0.0.1 - - [28/Jul/2026 06:18:50] "GET /project_todo/static/description/icon.png HTTP/1.1" 500 - 0 0.000 0.160
2026-07-28 06:18:50,993 2396 ERROR ? odoo.http: Exception during request handling. 
Traceback (most recent call last):
  File "D:\Odoo\odoo\odoo\http.py", line 2572, in __call__
    if self.get_static_file(httprequest.path):
       ^^^^^^^^^^^^^^^^^^^^^^^^^^^^^^^^^^^^^^
  File "D:\Odoo\odoo\odoo\http.py", line 2471, in get_static_file
    if (static != 'static' or not resource or module not in self.statics):
                                                            ^^^^^^^^^^^^
  File "D:\Odoo\odoo\odoo\tools\func.py", line 42, in __get__
    value = self.fget(obj)
            ^^^^^^^^^^^^^^
  File "D:\Odoo\odoo\odoo\http.py", line 2440, in statics
    for module in os.listdir(addons_path):
                  ^^^^^^^^^^^^^^^^^^^^^^^
FileNotFoundError: [WinError 3] The system cannot find the path specified: 'd:\\odoo\\addons'
2026-07-28 06:18:50,995 2396 INFO ? werkzeug: 127.0.0.1 - - [28/Jul/2026 06:18:50] "GET /hr_skills/static/description/icon.png HTTP/1.1" 500 - 0 0.000 0.272
2026-07-28 06:18:51,121 2396 ERROR ? odoo.http: Exception during request handling. 
Traceback (most recent call last):
  File "D:\Odoo\odoo\odoo\http.py", line 2572, in __call__
    if self.get_static_file(httprequest.path):
       ^^^^^^^^^^^^^^^^^^^^^^^^^^^^^^^^^^^^^^
  File "D:\Odoo\odoo\odoo\http.py", line 2471, in get_static_file
    if (static != 'static' or not resource or module not in self.statics):
                                                            ^^^^^^^^^^^^
  File "D:\Odoo\odoo\odoo\tools\func.py", line 42, in __get__
    value = self.fget(obj)
            ^^^^^^^^^^^^^^
  File "D:\Odoo\odoo\odoo\http.py", line 2440, in statics
    for module in os.listdir(addons_path):
                  ^^^^^^^^^^^^^^^^^^^^^^^
FileNotFoundError: [WinError 3] The system cannot find the path specified: 'd:\\odoo\\addons'
2026-07-28 06:18:51,123 2396 INFO ? werkzeug: 127.0.0.1 - - [28/Jul/2026 06:18:51] "GET /base/static/img/icons/voip.png HTTP/1.1" 500 - 0 0.000 0.340
2026-07-28 06:18:51,142 2396 ERROR ? odoo.http: Exception during request handling. 
Traceback (most recent call last):
  File "D:\Odoo\odoo\odoo\http.py", line 2572, in __call__
    if self.get_static_file(httprequest.path):
       ^^^^^^^^^^^^^^^^^^^^^^^^^^^^^^^^^^^^^^
  File "D:\Odoo\odoo\odoo\http.py", line 2471, in get_static_file
    if (static != 'static' or not resource or module not in self.statics):
                                                            ^^^^^^^^^^^^
  File "D:\Odoo\odoo\odoo\tools\func.py", line 42, in __get__
    value = self.fget(obj)
            ^^^^^^^^^^^^^^
  File "D:\Odoo\odoo\odoo\http.py", line 2440, in statics
    for module in os.listdir(addons_path):
                  ^^^^^^^^^^^^^^^^^^^^^^^
FileNotFoundError: [WinError 3] The system cannot find the path specified: 'd:\\odoo\\addons'
2026-07-28 06:18:51,144 2396 INFO ? werkzeug: 127.0.0.1 - - [28/Jul/2026 06:18:51] "GET /lunch/static/description/icon.png HTTP/1.1" 500 - 0 0.000 0.352
2026-07-28 06:18:51,203 2396 ERROR ? odoo.http: Exception during request handling. 
Traceback (most recent call last):
  File "D:\Odoo\odoo\odoo\http.py", line 2572, in __call__
    if self.get_static_file(httprequest.path):
       ^^^^^^^^^^^^^^^^^^^^^^^^^^^^^^^^^^^^^^
  File "D:\Odoo\odoo\odoo\http.py", line 2471, in get_static_file
    if (static != 'static' or not resource or module not in self.statics):
                                                            ^^^^^^^^^^^^
  File "D:\Odoo\odoo\odoo\tools\func.py", line 42, in __get__
    value = self.fget(obj)
            ^^^^^^^^^^^^^^
  File "D:\Odoo\odoo\odoo\http.py", line 2440, in statics
    for module in os.listdir(addons_path):
                  ^^^^^^^^^^^^^^^^^^^^^^^
FileNotFoundError: [WinError 3] The system cannot find the path specified: 'd:\\odoo\\addons'
2026-07-28 06:18:51,204 2396 INFO ? werkzeug: 127.0.0.1 - - [28/Jul/2026 06:18:51] "GET /website_hr_recruitment/static/description/icon.png HTTP/1.1" 500 - 0 0.000 0.355
2026-07-28 06:18:51,271 2396 ERROR ? odoo.http: Exception during request handling. 
Traceback (most recent call last):
  File "D:\Odoo\odoo\odoo\http.py", line 2572, in __call__
    if self.get_static_file(httprequest.path):
       ^^^^^^^^^^^^^^^^^^^^^^^^^^^^^^^^^^^^^^
  File "D:\Odoo\odoo\odoo\http.py", line 2471, in get_static_file
    if (static != 'static' or not resource or module not in self.statics):
                                                            ^^^^^^^^^^^^
  File "D:\Odoo\odoo\odoo\tools\func.py", line 42, in __get__
    value = self.fget(obj)
            ^^^^^^^^^^^^^^
  File "D:\Odoo\odoo\odoo\http.py", line 2440, in statics
    for module in os.listdir(addons_path):
                  ^^^^^^^^^^^^^^^^^^^^^^^
FileNotFoundError: [WinError 3] The system cannot find the path specified: 'd:\\odoo\\addons'
2026-07-28 06:18:51,272 2396 INFO ? werkzeug: 127.0.0.1 - - [28/Jul/2026 06:18:51] "GET /base/static/img/icons/sale_amazon.png HTTP/1.1" 500 - 0 0.000 0.281
2026-07-28 06:18:51,312 2396 ERROR ? odoo.http: Exception during request handling. 
Traceback (most recent call last):
  File "D:\Odoo\odoo\odoo\http.py", line 2572, in __call__
    if self.get_static_file(httprequest.path):
       ^^^^^^^^^^^^^^^^^^^^^^^^^^^^^^^^^^^^^^
  File "D:\Odoo\odoo\odoo\http.py", line 2471, in get_static_file
    if (static != 'static' or not resource or module not in self.statics):
                                                            ^^^^^^^^^^^^
  File "D:\Odoo\odoo\odoo\tools\func.py", line 42, in __get__
    value = self.fget(obj)
            ^^^^^^^^^^^^^^
  File "D:\Odoo\odoo\odoo\http.py", line 2440, in statics
    for module in os.listdir(addons_path):
                  ^^^^^^^^^^^^^^^^^^^^^^^
FileNotFoundError: [WinError 3] The system cannot find the path specified: 'd:\\odoo\\addons'
2026-07-28 06:18:51,314 2396 INFO ? werkzeug: 127.0.0.1 - - [28/Jul/2026 06:18:51] "GET /hr_contract/static/description/icon.png HTTP/1.1" 500 - 0 0.000 0.231
2026-07-28 06:19:22,037 2396 INFO odoo18 werkzeug: 127.0.0.1 - - [28/Jul/2026 06:19:22] "POST /web/action/load HTTP/1.1" 200 - 9 0.004 0.009
2026-07-28 06:19:22,356 2396 INFO odoo18 werkzeug: 127.0.0.1 - - [28/Jul/2026 06:19:22] "POST /web/dataset/call_kw/res.config.settings/get_views HTTP/1.1" 200 - 22 0.014 0.052
2026-07-28 06:19:22,444 2396 INFO odoo18 werkzeug: 127.0.0.1 - - [28/Jul/2026 06:19:22] "POST /web/dataset/call_kw/ir.module.module/web_search_read HTTP/1.1" 200 - 3 0.004 0.060
2026-07-28 06:19:23,410 2396 ERROR ? odoo.http: Exception during request handling. 
Traceback (most recent call last):
  File "D:\Odoo\odoo\odoo\http.py", line 2572, in __call__
    if self.get_static_file(httprequest.path):
       ^^^^^^^^^^^^^^^^^^^^^^^^^^^^^^^^^^^^^^
  File "D:\Odoo\odoo\odoo\http.py", line 2471, in get_static_file
    if (static != 'static' or not resource or module not in self.statics):
                                                            ^^^^^^^^^^^^
  File "D:\Odoo\odoo\odoo\tools\func.py", line 42, in __get__
    value = self.fget(obj)
            ^^^^^^^^^^^^^^
  File "D:\Odoo\odoo\odoo\http.py", line 2440, in statics
    for module in os.listdir(addons_path):
                  ^^^^^^^^^^^^^^^^^^^^^^^
FileNotFoundError: [WinError 3] The system cannot find the path specified: 'd:\\odoo\\addons'
2026-07-28 06:19:23,412 2396 INFO ? werkzeug: 127.0.0.1 - - [28/Jul/2026 06:19:23] "GET /mrp/static/description/icon.png HTTP/1.1" 500 - 0 0.000 0.512
2026-07-28 06:19:23,424 2396 ERROR ? odoo.http: Exception during request handling. 
Traceback (most recent call last):
  File "D:\Odoo\odoo\odoo\http.py", line 2572, in __call__
    if self.get_static_file(httprequest.path):
       ^^^^^^^^^^^^^^^^^^^^^^^^^^^^^^^^^^^^^^
  File "D:\Odoo\odoo\odoo\http.py", line 2471, in get_static_file
    if (static != 'static' or not resource or module not in self.statics):
                                                            ^^^^^^^^^^^^
  File "D:\Odoo\odoo\odoo\tools\func.py", line 42, in __get__
    value = self.fget(obj)
            ^^^^^^^^^^^^^^
  File "D:\Odoo\odoo\odoo\http.py", line 2440, in statics
    for module in os.listdir(addons_path):
                  ^^^^^^^^^^^^^^^^^^^^^^^
FileNotFoundError: [WinError 3] The system cannot find the path specified: 'd:\\odoo\\addons'
2026-07-28 06:19:23,427 2396 INFO ? werkzeug: 127.0.0.1 - - [28/Jul/2026 06:19:23] "GET /mass_mailing/static/description/icon.png HTTP/1.1" 500 - 0 0.000 0.523
2026-07-28 06:19:23,435 2396 ERROR ? odoo.http: Exception during request handling. 
Traceback (most recent call last):
  File "D:\Odoo\odoo\odoo\http.py", line 2572, in __call__
    if self.get_static_file(httprequest.path):
       ^^^^^^^^^^^^^^^^^^^^^^^^^^^^^^^^^^^^^^
  File "D:\Odoo\odoo\odoo\http.py", line 2471, in get_static_file
    if (static != 'static' or not resource or module not in self.statics):
                                                            ^^^^^^^^^^^^
  File "D:\Odoo\odoo\odoo\tools\func.py", line 42, in __get__
    value = self.fget(obj)
            ^^^^^^^^^^^^^^
  File "D:\Odoo\odoo\odoo\http.py", line 2440, in statics
    for module in os.listdir(addons_path):
                  ^^^^^^^^^^^^^^^^^^^^^^^
FileNotFoundError: [WinError 3] The system cannot find the path specified: 'd:\\odoo\\addons'
2026-07-28 06:19:23,438 2396 INFO ? werkzeug: 127.0.0.1 - - [28/Jul/2026 06:19:23] "GET /base/static/img/icons/account_accountant.png HTTP/1.1" 500 - 0 0.000 0.537
2026-07-28 06:19:23,441 2396 ERROR ? odoo.http: Exception during request handling. 
Traceback (most recent call last):
  File "D:\Odoo\odoo\odoo\http.py", line 2572, in __call__
    if self.get_static_file(httprequest.path):
       ^^^^^^^^^^^^^^^^^^^^^^^^^^^^^^^^^^^^^^
  File "D:\Odoo\odoo\odoo\http.py", line 2471, in get_static_file
    if (static != 'static' or not resource or module not in self.statics):
                                                            ^^^^^^^^^^^^
  File "D:\Odoo\odoo\odoo\tools\func.py", line 42, in __get__
    value = self.fget(obj)
            ^^^^^^^^^^^^^^
  File "D:\Odoo\odoo\odoo\http.py", line 2440, in statics
    for module in os.listdir(addons_path):
                  ^^^^^^^^^^^^^^^^^^^^^^^
FileNotFoundError: [WinError 3] The system cannot find the path specified: 'd:\\odoo\\addons'
2026-07-28 06:19:23,444 2396 INFO ? werkzeug: 127.0.0.1 - - [28/Jul/2026 06:19:23] "GET /hr_expense/static/description/icon.png HTTP/1.1" 500 - 0 0.000 0.543
2026-07-28 06:19:23,448 2396 ERROR ? odoo.http: Exception during request handling. 
Traceback (most recent call last):
  File "D:\Odoo\odoo\odoo\http.py", line 2572, in __call__
    if self.get_static_file(httprequest.path):
       ^^^^^^^^^^^^^^^^^^^^^^^^^^^^^^^^^^^^^^
  File "D:\Odoo\odoo\odoo\http.py", line 2471, in get_static_file
    if (static != 'static' or not resource or module not in self.statics):
                                                            ^^^^^^^^^^^^
  File "D:\Odoo\odoo\odoo\tools\func.py", line 42, in __get__
    value = self.fget(obj)
            ^^^^^^^^^^^^^^
  File "D:\Odoo\odoo\odoo\http.py", line 2440, in statics
    for module in os.listdir(addons_path):
                  ^^^^^^^^^^^^^^^^^^^^^^^
FileNotFoundError: [WinError 3] The system cannot find the path specified: 'd:\\odoo\\addons'
2026-07-28 06:19:23,449 2396 INFO ? werkzeug: 127.0.0.1 - - [28/Jul/2026 06:19:23] "GET /website_sale/static/description/icon.png HTTP/1.1" 500 - 0 0.000 0.549
2026-07-28 06:19:23,451 2396 ERROR ? odoo.http: Exception during request handling. 
Traceback (most recent call last):
  File "D:\Odoo\odoo\odoo\http.py", line 2572, in __call__
    if self.get_static_file(httprequest.path):
       ^^^^^^^^^^^^^^^^^^^^^^^^^^^^^^^^^^^^^^
  File "D:\Odoo\odoo\odoo\http.py", line 2471, in get_static_file
    if (static != 'static' or not resource or module not in self.statics):
                                                            ^^^^^^^^^^^^
  File "D:\Odoo\odoo\odoo\tools\func.py", line 42, in __get__
    value = self.fget(obj)
            ^^^^^^^^^^^^^^
  File "D:\Odoo\odoo\odoo\http.py", line 2440, in statics
    for module in os.listdir(addons_path):
                  ^^^^^^^^^^^^^^^^^^^^^^^
FileNotFoundError: [WinError 3] The system cannot find the path specified: 'd:\\odoo\\addons'
2026-07-28 06:19:23,453 2396 INFO ? werkzeug: 127.0.0.1 - - [28/Jul/2026 06:19:23] "GET /base/static/img/icons/timesheet_grid.png HTTP/1.1" 500 - 0 0.000 0.549
2026-07-28 06:19:24,157 2396 ERROR ? odoo.http: Exception during request handling. 
Traceback (most recent call last):
  File "D:\Odoo\odoo\odoo\http.py", line 2572, in __call__
    if self.get_static_file(httprequest.path):
       ^^^^^^^^^^^^^^^^^^^^^^^^^^^^^^^^^^^^^^
  File "D:\Odoo\odoo\odoo\http.py", line 2471, in get_static_file
    if (static != 'static' or not resource or module not in self.statics):
                                                            ^^^^^^^^^^^^
  File "D:\Odoo\odoo\odoo\tools\func.py", line 42, in __get__
    value = self.fget(obj)
            ^^^^^^^^^^^^^^
  File "D:\Odoo\odoo\odoo\http.py", line 2440, in statics
    for module in os.listdir(addons_path):
                  ^^^^^^^^^^^^^^^^^^^^^^^
FileNotFoundError: [WinError 3] The system cannot find the path specified: 'd:\\odoo\\addons'
2026-07-28 06:19:24,162 2396 INFO ? werkzeug: 127.0.0.1 - - [28/Jul/2026 06:19:24] "GET /base/static/img/icons/web_studio.png HTTP/1.1" 500 - 0 0.000 0.434
2026-07-28 06:19:24,236 2396 ERROR ? odoo.http: Exception during request handling. 
Traceback (most recent call last):
  File "D:\Odoo\odoo\odoo\http.py", line 2572, in __call__
    if self.get_static_file(httprequest.path):
       ^^^^^^^^^^^^^^^^^^^^^^^^^^^^^^^^^^^^^^
  File "D:\Odoo\odoo\odoo\http.py", line 2471, in get_static_file
    if (static != 'static' or not resource or module not in self.statics):
                                                            ^^^^^^^^^^^^
  File "D:\Odoo\odoo\odoo\tools\func.py", line 42, in __get__
    value = self.fget(obj)
            ^^^^^^^^^^^^^^
  File "D:\Odoo\odoo\odoo\http.py", line 2440, in statics
    for module in os.listdir(addons_path):
                  ^^^^^^^^^^^^^^^^^^^^^^^
FileNotFoundError: [WinError 3] The system cannot find the path specified: 'd:\\odoo\\addons'
2026-07-28 06:19:24,239 2396 INFO ? werkzeug: 127.0.0.1 - - [28/Jul/2026 06:19:24] "GET /project/static/description/icon.png HTTP/1.1" 500 - 0 0.000 0.496
2026-07-28 06:19:24,254 2396 ERROR ? odoo.http: Exception during request handling. 
Traceback (most recent call last):
  File "D:\Odoo\odoo\odoo\http.py", line 2572, in __call__
    if self.get_static_file(httprequest.path):
       ^^^^^^^^^^^^^^^^^^^^^^^^^^^^^^^^^^^^^^
  File "D:\Odoo\odoo\odoo\http.py", line 2471, in get_static_file
    if (static != 'static' or not resource or module not in self.statics):
                                                            ^^^^^^^^^^^^
  File "D:\Odoo\odoo\odoo\tools\func.py", line 42, in __get__
    value = self.fget(obj)
            ^^^^^^^^^^^^^^
  File "D:\Odoo\odoo\odoo\http.py", line 2440, in statics
    for module in os.listdir(addons_path):
                  ^^^^^^^^^^^^^^^^^^^^^^^
FileNotFoundError: [WinError 3] The system cannot find the path specified: 'd:\\odoo\\addons'
2026-07-28 06:19:24,257 2396 INFO ? werkzeug: 127.0.0.1 - - [28/Jul/2026 06:19:24] "GET /point_of_sale/static/description/icon.png HTTP/1.1" 500 - 0 0.000 0.512
2026-07-28 06:19:24,301 2396 ERROR ? odoo.http: Exception during request handling. 
Traceback (most recent call last):
  File "D:\Odoo\odoo\odoo\http.py", line 2572, in __call__
    if self.get_static_file(httprequest.path):
       ^^^^^^^^^^^^^^^^^^^^^^^^^^^^^^^^^^^^^^
  File "D:\Odoo\odoo\odoo\http.py", line 2471, in get_static_file
    if (static != 'static' or not resource or module not in self.statics):
                                                            ^^^^^^^^^^^^
  File "D:\Odoo\odoo\odoo\tools\func.py", line 42, in __get__
    value = self.fget(obj)
            ^^^^^^^^^^^^^^
  File "D:\Odoo\odoo\odoo\http.py", line 2440, in statics
    for module in os.listdir(addons_path):
                  ^^^^^^^^^^^^^^^^^^^^^^^
FileNotFoundError: [WinError 3] The system cannot find the path specified: 'd:\\odoo\\addons'
2026-07-28 06:19:24,303 2396 INFO ? werkzeug: 127.0.0.1 - - [28/Jul/2026 06:19:24] "GET /sale_management/static/description/icon.png HTTP/1.1" 500 - 0 0.000 0.540
2026-07-28 06:19:24,309 2396 ERROR ? odoo.http: Exception during request handling. 
Traceback (most recent call last):
  File "D:\Odoo\odoo\odoo\http.py", line 2572, in __call__
    if self.get_static_file(httprequest.path):
       ^^^^^^^^^^^^^^^^^^^^^^^^^^^^^^^^^^^^^^
  File "D:\Odoo\odoo\odoo\http.py", line 2471, in get_static_file
    if (static != 'static' or not resource or module not in self.statics):
                                                            ^^^^^^^^^^^^
  File "D:\Odoo\odoo\odoo\tools\func.py", line 42, in __get__
    value = self.fget(obj)
            ^^^^^^^^^^^^^^
  File "D:\Odoo\odoo\odoo\http.py", line 2440, in statics
    for module in os.listdir(addons_path):
                  ^^^^^^^^^^^^^^^^^^^^^^^
FileNotFoundError: [WinError 3] The system cannot find the path specified: 'd:\\odoo\\addons'
2026-07-28 06:19:24,311 2396 INFO ? werkzeug: 127.0.0.1 - - [28/Jul/2026 06:19:24] "GET /purchase/static/description/icon.png HTTP/1.1" 500 - 0 0.000 0.551
2026-07-28 06:19:24,313 2396 ERROR ? odoo.http: Exception during request handling. 
Traceback (most recent call last):
  File "D:\Odoo\odoo\odoo\http.py", line 2572, in __call__
    if self.get_static_file(httprequest.path):
       ^^^^^^^^^^^^^^^^^^^^^^^^^^^^^^^^^^^^^^
  File "D:\Odoo\odoo\odoo\http.py", line 2471, in get_static_file
    if (static != 'static' or not resource or module not in self.statics):
                                                            ^^^^^^^^^^^^
  File "D:\Odoo\odoo\odoo\tools\func.py", line 42, in __get__
    value = self.fget(obj)
            ^^^^^^^^^^^^^^
  File "D:\Odoo\odoo\odoo\http.py", line 2440, in statics
    for module in os.listdir(addons_path):
                  ^^^^^^^^^^^^^^^^^^^^^^^
FileNotFoundError: [WinError 3] The system cannot find the path specified: 'd:\\odoo\\addons'
2026-07-28 06:19:24,315 2396 INFO ? werkzeug: 127.0.0.1 - - [28/Jul/2026 06:19:24] "GET /base/static/img/icons/knowledge.png HTTP/1.1" 500 - 0 0.000 0.553
2026-07-28 06:19:24,633 2396 ERROR ? odoo.http: Exception during request handling. 
Traceback (most recent call last):
  File "D:\Odoo\odoo\odoo\http.py", line 2572, in __call__
    if self.get_static_file(httprequest.path):
       ^^^^^^^^^^^^^^^^^^^^^^^^^^^^^^^^^^^^^^
  File "D:\Odoo\odoo\odoo\http.py", line 2471, in get_static_file
    if (static != 'static' or not resource or module not in self.statics):
                                                            ^^^^^^^^^^^^
  File "D:\Odoo\odoo\odoo\tools\func.py", line 42, in __get__
    value = self.fget(obj)
            ^^^^^^^^^^^^^^
  File "D:\Odoo\odoo\odoo\http.py", line 2440, in statics
    for module in os.listdir(addons_path):
                  ^^^^^^^^^^^^^^^^^^^^^^^
FileNotFoundError: [WinError 3] The system cannot find the path specified: 'd:\\odoo\\addons'
2026-07-28 06:19:24,635 2396 INFO ? werkzeug: 127.0.0.1 - - [28/Jul/2026 06:19:24] "GET /pos_restaurant/static/description/icon.png HTTP/1.1" 500 - 0 0.000 0.165
2026-07-28 06:19:24,857 2396 ERROR ? odoo.http: Exception during request handling. 
Traceback (most recent call last):
  File "D:\Odoo\odoo\odoo\http.py", line 2572, in __call__
    if self.get_static_file(httprequest.path):
       ^^^^^^^^^^^^^^^^^^^^^^^^^^^^^^^^^^^^^^
  File "D:\Odoo\odoo\odoo\http.py", line 2471, in get_static_file
    if (static != 'static' or not resource or module not in self.statics):
                                                            ^^^^^^^^^^^^
  File "D:\Odoo\odoo\odoo\tools\func.py", line 42, in __get__
    value = self.fget(obj)
            ^^^^^^^^^^^^^^
  File "D:\Odoo\odoo\odoo\http.py", line 2440, in statics
    for module in os.listdir(addons_path):
                  ^^^^^^^^^^^^^^^^^^^^^^^
FileNotFoundError: [WinError 3] The system cannot find the path specified: 'd:\\odoo\\addons'
2026-07-28 06:19:24,860 2396 INFO ? werkzeug: 127.0.0.1 - - [28/Jul/2026 06:19:24] "GET /account/static/description/icon.png HTTP/1.1" 500 - 0 0.000 0.314
2026-07-28 06:19:24,922 2396 ERROR ? odoo.http: Exception during request handling. 
Traceback (most recent call last):
  File "D:\Odoo\odoo\odoo\http.py", line 2572, in __call__
    if self.get_static_file(httprequest.path):
       ^^^^^^^^^^^^^^^^^^^^^^^^^^^^^^^^^^^^^^
  File "D:\Odoo\odoo\odoo\http.py", line 2471, in get_static_file
    if (static != 'static' or not resource or module not in self.statics):
                                                            ^^^^^^^^^^^^
  File "D:\Odoo\odoo\odoo\tools\func.py", line 42, in __get__
    value = self.fget(obj)
            ^^^^^^^^^^^^^^
  File "D:\Odoo\odoo\odoo\http.py", line 2440, in statics
    for module in os.listdir(addons_path):
                  ^^^^^^^^^^^^^^^^^^^^^^^
FileNotFoundError: [WinError 3] The system cannot find the path specified: 'd:\\odoo\\addons'
2026-07-28 06:19:24,924 2396 INFO ? werkzeug: 127.0.0.1 - - [28/Jul/2026 06:19:24] "GET /base/static/img/icons/mrp_workorder.png HTTP/1.1" 500 - 0 0.000 0.347
2026-07-28 06:19:24,978 2396 ERROR ? odoo.http: Exception during request handling. 
Traceback (most recent call last):
  File "D:\Odoo\odoo\odoo\http.py", line 2572, in __call__
    if self.get_static_file(httprequest.path):
       ^^^^^^^^^^^^^^^^^^^^^^^^^^^^^^^^^^^^^^
  File "D:\Odoo\odoo\odoo\http.py", line 2471, in get_static_file
    if (static != 'static' or not resource or module not in self.statics):
                                                            ^^^^^^^^^^^^
  File "D:\Odoo\odoo\odoo\tools\func.py", line 42, in __get__
    value = self.fget(obj)
            ^^^^^^^^^^^^^^
  File "D:\Odoo\odoo\odoo\http.py", line 2440, in statics
    for module in os.listdir(addons_path):
                  ^^^^^^^^^^^^^^^^^^^^^^^
FileNotFoundError: [WinError 3] The system cannot find the path specified: 'd:\\odoo\\addons'
2026-07-28 06:19:24,980 2396 INFO ? werkzeug: 127.0.0.1 - - [28/Jul/2026 06:19:24] "GET /website/static/description/icon.png HTTP/1.1" 500 - 0 0.000 0.370
2026-07-28 06:19:25,001 2396 ERROR ? odoo.http: Exception during request handling. 
Traceback (most recent call last):
  File "D:\Odoo\odoo\odoo\http.py", line 2572, in __call__
    if self.get_static_file(httprequest.path):
       ^^^^^^^^^^^^^^^^^^^^^^^^^^^^^^^^^^^^^^
  File "D:\Odoo\odoo\odoo\http.py", line 2471, in get_static_file
    if (static != 'static' or not resource or module not in self.statics):
                                                            ^^^^^^^^^^^^
  File "D:\Odoo\odoo\odoo\tools\func.py", line 42, in __get__
    value = self.fget(obj)
            ^^^^^^^^^^^^^^
  File "D:\Odoo\odoo\odoo\http.py", line 2440, in statics
    for module in os.listdir(addons_path):
                  ^^^^^^^^^^^^^^^^^^^^^^^
FileNotFoundError: [WinError 3] The system cannot find the path specified: 'd:\\odoo\\addons'
2026-07-28 06:19:25,003 2396 INFO ? werkzeug: 127.0.0.1 - - [28/Jul/2026 06:19:25] "GET /hr_holidays/static/description/icon.png HTTP/1.1" 500 - 0 0.000 0.372
2026-07-28 06:19:25,006 2396 ERROR ? odoo.http: Exception during request handling. 
Traceback (most recent call last):
  File "D:\Odoo\odoo\odoo\http.py", line 2572, in __call__
    if self.get_static_file(httprequest.path):
       ^^^^^^^^^^^^^^^^^^^^^^^^^^^^^^^^^^^^^^
  File "D:\Odoo\odoo\odoo\http.py", line 2471, in get_static_file
    if (static != 'static' or not resource or module not in self.statics):
                                                            ^^^^^^^^^^^^
  File "D:\Odoo\odoo\odoo\tools\func.py", line 42, in __get__
    value = self.fget(obj)
            ^^^^^^^^^^^^^^
  File "D:\Odoo\odoo\odoo\http.py", line 2440, in statics
    for module in os.listdir(addons_path):
                  ^^^^^^^^^^^^^^^^^^^^^^^
FileNotFoundError: [WinError 3] The system cannot find the path specified: 'd:\\odoo\\addons'
2026-07-28 06:19:25,008 2396 INFO ? werkzeug: 127.0.0.1 - - [28/Jul/2026 06:19:25] "GET /stock/static/description/icon.png HTTP/1.1" 500 - 0 0.000 0.381
2026-07-28 06:19:25,115 2396 ERROR ? odoo.http: Exception during request handling. 
Traceback (most recent call last):
  File "D:\Odoo\odoo\odoo\http.py", line 2572, in __call__
    if self.get_static_file(httprequest.path):
       ^^^^^^^^^^^^^^^^^^^^^^^^^^^^^^^^^^^^^^
  File "D:\Odoo\odoo\odoo\http.py", line 2471, in get_static_file
    if (static != 'static' or not resource or module not in self.statics):
                                                            ^^^^^^^^^^^^
  File "D:\Odoo\odoo\odoo\tools\func.py", line 42, in __get__
    value = self.fget(obj)
            ^^^^^^^^^^^^^^
  File "D:\Odoo\odoo\odoo\http.py", line 2440, in statics
    for module in os.listdir(addons_path):
                  ^^^^^^^^^^^^^^^^^^^^^^^
FileNotFoundError: [WinError 3] The system cannot find the path specified: 'd:\\odoo\\addons'
2026-07-28 06:19:25,116 2396 INFO ? werkzeug: 127.0.0.1 - - [28/Jul/2026 06:19:25] "GET /hr_recruitment/static/description/icon.png HTTP/1.1" 500 - 0 0.000 0.161
2026-07-28 06:19:25,324 2396 ERROR ? odoo.http: Exception during request handling. 
Traceback (most recent call last):
  File "D:\Odoo\odoo\odoo\http.py", line 2572, in __call__
    if self.get_static_file(httprequest.path):
       ^^^^^^^^^^^^^^^^^^^^^^^^^^^^^^^^^^^^^^
  File "D:\Odoo\odoo\odoo\http.py", line 2471, in get_static_file
    if (static != 'static' or not resource or module not in self.statics):
                                                            ^^^^^^^^^^^^
  File "D:\Odoo\odoo\odoo\tools\func.py", line 42, in __get__
    value = self.fget(obj)
            ^^^^^^^^^^^^^^
  File "D:\Odoo\odoo\odoo\http.py", line 2440, in statics
    for module in os.listdir(addons_path):
                  ^^^^^^^^^^^^^^^^^^^^^^^
FileNotFoundError: [WinError 3] The system cannot find the path specified: 'd:\\odoo\\addons'
2026-07-28 06:19:25,325 2396 INFO ? werkzeug: 127.0.0.1 - - [28/Jul/2026 06:19:25] "GET /base/static/img/icons/industry_fsm.png HTTP/1.1" 500 - 0 0.000 0.155
2026-07-28 06:19:25,488 2396 ERROR ? odoo.http: Exception during request handling. 
Traceback (most recent call last):
  File "D:\Odoo\odoo\odoo\http.py", line 2572, in __call__
    if self.get_static_file(httprequest.path):
       ^^^^^^^^^^^^^^^^^^^^^^^^^^^^^^^^^^^^^^
  File "D:\Odoo\odoo\odoo\http.py", line 2471, in get_static_file
    if (static != 'static' or not resource or module not in self.statics):
                                                            ^^^^^^^^^^^^
  File "D:\Odoo\odoo\odoo\tools\func.py", line 42, in __get__
    value = self.fget(obj)
            ^^^^^^^^^^^^^^
  File "D:\Odoo\odoo\odoo\http.py", line 2440, in statics
    for module in os.listdir(addons_path):
                  ^^^^^^^^^^^^^^^^^^^^^^^
FileNotFoundError: [WinError 3] The system cannot find the path specified: 'd:\\odoo\\addons'
2026-07-28 06:19:25,490 2396 INFO ? werkzeug: 127.0.0.1 - - [28/Jul/2026 06:19:25] "GET /hr/static/description/icon.png HTTP/1.1" 500 - 0 0.000 0.257
2026-07-28 06:19:25,624 2396 ERROR ? odoo.http: Exception during request handling. 
Traceback (most recent call last):
  File "D:\Odoo\odoo\odoo\http.py", line 2572, in __call__
    if self.get_static_file(httprequest.path):
       ^^^^^^^^^^^^^^^^^^^^^^^^^^^^^^^^^^^^^^
  File "D:\Odoo\odoo\odoo\http.py", line 2471, in get_static_file
    if (static != 'static' or not resource or module not in self.statics):
                                                            ^^^^^^^^^^^^
  File "D:\Odoo\odoo\odoo\tools\func.py", line 42, in __get__
    value = self.fget(obj)
            ^^^^^^^^^^^^^^
  File "D:\Odoo\odoo\odoo\http.py", line 2440, in statics
    for module in os.listdir(addons_path):
                  ^^^^^^^^^^^^^^^^^^^^^^^
FileNotFoundError: [WinError 3] The system cannot find the path specified: 'd:\\odoo\\addons'
2026-07-28 06:19:25,626 2396 INFO ? werkzeug: 127.0.0.1 - - [28/Jul/2026 06:19:25] "GET /data_recycle/static/description/icon.png HTTP/1.1" 500 - 0 0.000 0.331
2026-07-28 06:19:25,648 2396 ERROR ? odoo.http: Exception during request handling. 
Traceback (most recent call last):
  File "D:\Odoo\odoo\odoo\http.py", line 2572, in __call__
    if self.get_static_file(httprequest.path):
       ^^^^^^^^^^^^^^^^^^^^^^^^^^^^^^^^^^^^^^
  File "D:\Odoo\odoo\odoo\http.py", line 2471, in get_static_file
    if (static != 'static' or not resource or module not in self.statics):
                                                            ^^^^^^^^^^^^
  File "D:\Odoo\odoo\odoo\tools\func.py", line 42, in __get__
    value = self.fget(obj)
            ^^^^^^^^^^^^^^
  File "D:\Odoo\odoo\odoo\http.py", line 2440, in statics
    for module in os.listdir(addons_path):
                  ^^^^^^^^^^^^^^^^^^^^^^^
FileNotFoundError: [WinError 3] The system cannot find the path specified: 'd:\\odoo\\addons'
2026-07-28 06:19:25,649 2396 INFO ? werkzeug: 127.0.0.1 - - [28/Jul/2026 06:19:25] "GET /maintenance/static/description/icon.png HTTP/1.1" 500 - 0 0.000 0.338
2026-07-28 06:19:25,656 2396 ERROR ? odoo.http: Exception during request handling. 
Traceback (most recent call last):
  File "D:\Odoo\odoo\odoo\http.py", line 2572, in __call__
    if self.get_static_file(httprequest.path):
       ^^^^^^^^^^^^^^^^^^^^^^^^^^^^^^^^^^^^^^
  File "D:\Odoo\odoo\odoo\http.py", line 2471, in get_static_file
    if (static != 'static' or not resource or module not in self.statics):
                                                            ^^^^^^^^^^^^
  File "D:\Odoo\odoo\odoo\tools\func.py", line 42, in __get__
    value = self.fget(obj)
            ^^^^^^^^^^^^^^
  File "D:\Odoo\odoo\odoo\http.py", line 2440, in statics
    for module in os.listdir(addons_path):
                  ^^^^^^^^^^^^^^^^^^^^^^^
FileNotFoundError: [WinError 3] The system cannot find the path specified: 'd:\\odoo\\addons'
2026-07-28 06:19:25,657 2396 INFO ? werkzeug: 127.0.0.1 - - [28/Jul/2026 06:19:25] "GET /marketing_card/static/description/icon.png HTTP/1.1" 500 - 0 0.000 0.330
2026-07-28 06:19:25,721 2396 ERROR ? odoo.http: Exception during request handling. 
Traceback (most recent call last):
  File "D:\Odoo\odoo\odoo\http.py", line 2572, in __call__
    if self.get_static_file(httprequest.path):
       ^^^^^^^^^^^^^^^^^^^^^^^^^^^^^^^^^^^^^^
  File "D:\Odoo\odoo\odoo\http.py", line 2471, in get_static_file
    if (static != 'static' or not resource or module not in self.statics):
                                                            ^^^^^^^^^^^^
  File "D:\Odoo\odoo\odoo\tools\func.py", line 42, in __get__
    value = self.fget(obj)
            ^^^^^^^^^^^^^^
  File "D:\Odoo\odoo\odoo\http.py", line 2440, in statics
    for module in os.listdir(addons_path):
                  ^^^^^^^^^^^^^^^^^^^^^^^
FileNotFoundError: [WinError 3] The system cannot find the path specified: 'd:\\odoo\\addons'
2026-07-28 06:19:25,722 2396 INFO ? werkzeug: 127.0.0.1 - - [28/Jul/2026 06:19:25] "GET /mcp_connector/static/description/icon.png HTTP/1.1" 500 - 0 0.000 0.287
2026-07-28 06:19:25,795 2396 ERROR ? odoo.http: Exception during request handling. 
Traceback (most recent call last):
  File "D:\Odoo\odoo\odoo\http.py", line 2572, in __call__
    if self.get_static_file(httprequest.path):
       ^^^^^^^^^^^^^^^^^^^^^^^^^^^^^^^^^^^^^^
  File "D:\Odoo\odoo\odoo\http.py", line 2471, in get_static_file
    if (static != 'static' or not resource or module not in self.statics):
                                                            ^^^^^^^^^^^^
  File "D:\Odoo\odoo\odoo\tools\func.py", line 42, in __get__
    value = self.fget(obj)
            ^^^^^^^^^^^^^^
  File "D:\Odoo\odoo\odoo\http.py", line 2440, in statics
    for module in os.listdir(addons_path):
                  ^^^^^^^^^^^^^^^^^^^^^^^
FileNotFoundError: [WinError 3] The system cannot find the path specified: 'd:\\odoo\\addons'
2026-07-28 06:19:25,796 2396 INFO ? werkzeug: 127.0.0.1 - - [28/Jul/2026 06:19:25] "GET /base/static/description/icon.png HTTP/1.1" 500 - 0 0.000 0.163
2026-07-28 06:19:25,924 2396 ERROR ? odoo.http: Exception during request handling. 
Traceback (most recent call last):
  File "D:\Odoo\odoo\odoo\http.py", line 2572, in __call__
    if self.get_static_file(httprequest.path):
       ^^^^^^^^^^^^^^^^^^^^^^^^^^^^^^^^^^^^^^
  File "D:\Odoo\odoo\odoo\http.py", line 2471, in get_static_file
    if (static != 'static' or not resource or module not in self.statics):
                                                            ^^^^^^^^^^^^
  File "D:\Odoo\odoo\odoo\tools\func.py", line 42, in __get__
    value = self.fget(obj)
            ^^^^^^^^^^^^^^
  File "D:\Odoo\odoo\odoo\http.py", line 2440, in statics
    for module in os.listdir(addons_path):
                  ^^^^^^^^^^^^^^^^^^^^^^^
FileNotFoundError: [WinError 3] The system cannot find the path specified: 'd:\\odoo\\addons'
2026-07-28 06:19:25,925 2396 INFO ? werkzeug: 127.0.0.1 - - [28/Jul/2026 06:19:25] "GET /base/static/img/icons/sign.png HTTP/1.1" 500 - 0 0.000 0.127
2026-07-28 06:19:26,195 2396 ERROR ? odoo.http: Exception during request handling. 
Traceback (most recent call last):
  File "D:\Odoo\odoo\odoo\http.py", line 2572, in __call__
    if self.get_static_file(httprequest.path):
       ^^^^^^^^^^^^^^^^^^^^^^^^^^^^^^^^^^^^^^
  File "D:\Odoo\odoo\odoo\http.py", line 2471, in get_static_file
    if (static != 'static' or not resource or module not in self.statics):
                                                            ^^^^^^^^^^^^
  File "D:\Odoo\odoo\odoo\tools\func.py", line 42, in __get__
    value = self.fget(obj)
            ^^^^^^^^^^^^^^
  File "D:\Odoo\odoo\odoo\http.py", line 2440, in statics
    for module in os.listdir(addons_path):
                  ^^^^^^^^^^^^^^^^^^^^^^^
FileNotFoundError: [WinError 3] The system cannot find the path specified: 'd:\\odoo\\addons'
2026-07-28 06:19:26,197 2396 INFO ? werkzeug: 127.0.0.1 - - [28/Jul/2026 06:19:26] "GET /base/static/img/icons/helpdesk.png HTTP/1.1" 500 - 0 0.000 0.259
2026-07-28 06:19:26,280 2396 ERROR ? odoo.http: Exception during request handling. 
Traceback (most recent call last):
  File "D:\Odoo\odoo\odoo\http.py", line 2572, in __call__
    if self.get_static_file(httprequest.path):
       ^^^^^^^^^^^^^^^^^^^^^^^^^^^^^^^^^^^^^^
  File "D:\Odoo\odoo\odoo\http.py", line 2471, in get_static_file
    if (static != 'static' or not resource or module not in self.statics):
                                                            ^^^^^^^^^^^^
  File "D:\Odoo\odoo\odoo\tools\func.py", line 42, in __get__
    value = self.fget(obj)
            ^^^^^^^^^^^^^^
  File "D:\Odoo\odoo\odoo\http.py", line 2440, in statics
    for module in os.listdir(addons_path):
                  ^^^^^^^^^^^^^^^^^^^^^^^
FileNotFoundError: [WinError 3] The system cannot find the path specified: 'd:\\odoo\\addons'
2026-07-28 06:19:26,284 2396 INFO ? werkzeug: 127.0.0.1 - - [28/Jul/2026 06:19:26] "GET /base/static/img/icons/sale_subscription.png HTTP/1.1" 500 - 0 0.000 0.315
2026-07-28 06:19:26,293 2396 ERROR ? odoo.http: Exception during request handling. 
Traceback (most recent call last):
  File "D:\Odoo\odoo\odoo\http.py", line 2572, in __call__
    if self.get_static_file(httprequest.path):
       ^^^^^^^^^^^^^^^^^^^^^^^^^^^^^^^^^^^^^^
  File "D:\Odoo\odoo\odoo\http.py", line 2471, in get_static_file
    if (static != 'static' or not resource or module not in self.statics):
                                                            ^^^^^^^^^^^^
  File "D:\Odoo\odoo\odoo\tools\func.py", line 42, in __get__
    value = self.fget(obj)
            ^^^^^^^^^^^^^^
  File "D:\Odoo\odoo\odoo\http.py", line 2440, in statics
    for module in os.listdir(addons_path):
                  ^^^^^^^^^^^^^^^^^^^^^^^
FileNotFoundError: [WinError 3] The system cannot find the path specified: 'd:\\odoo\\addons'
2026-07-28 06:19:26,294 2396 INFO ? werkzeug: 127.0.0.1 - - [28/Jul/2026 06:19:26] "GET /base/static/img/icons/quality_control.png HTTP/1.1" 500 - 0 0.000 0.324
2026-07-28 06:19:26,361 2396 ERROR ? odoo.http: Exception during request handling. 
Traceback (most recent call last):
  File "D:\Odoo\odoo\odoo\http.py", line 2572, in __call__
    if self.get_static_file(httprequest.path):
       ^^^^^^^^^^^^^^^^^^^^^^^^^^^^^^^^^^^^^^
  File "D:\Odoo\odoo\odoo\http.py", line 2471, in get_static_file
    if (static != 'static' or not resource or module not in self.statics):
                                                            ^^^^^^^^^^^^
  File "D:\Odoo\odoo\odoo\tools\func.py", line 42, in __get__
    value = self.fget(obj)
            ^^^^^^^^^^^^^^
  File "D:\Odoo\odoo\odoo\http.py", line 2440, in statics
    for module in os.listdir(addons_path):
                  ^^^^^^^^^^^^^^^^^^^^^^^
FileNotFoundError: [WinError 3] The system cannot find the path specified: 'd:\\odoo\\addons'
2026-07-28 06:19:26,362 2396 INFO ? werkzeug: 127.0.0.1 - - [28/Jul/2026 06:19:26] "GET /website_slides/static/description/icon.png HTTP/1.1" 500 - 0 0.000 0.329
2026-07-28 06:19:26,422 2396 ERROR ? odoo.http: Exception during request handling. 
Traceback (most recent call last):
  File "D:\Odoo\odoo\odoo\http.py", line 2572, in __call__
    if self.get_static_file(httprequest.path):
       ^^^^^^^^^^^^^^^^^^^^^^^^^^^^^^^^^^^^^^
  File "D:\Odoo\odoo\odoo\http.py", line 2471, in get_static_file
    if (static != 'static' or not resource or module not in self.statics):
                                                            ^^^^^^^^^^^^
  File "D:\Odoo\odoo\odoo\tools\func.py", line 42, in __get__
    value = self.fget(obj)
            ^^^^^^^^^^^^^^
  File "D:\Odoo\odoo\odoo\http.py", line 2440, in statics
    for module in os.listdir(addons_path):
                  ^^^^^^^^^^^^^^^^^^^^^^^
FileNotFoundError: [WinError 3] The system cannot find the path specified: 'd:\\odoo\\addons'
2026-07-28 06:19:26,423 2396 INFO ? werkzeug: 127.0.0.1 - - [28/Jul/2026 06:19:26] "GET /base/static/img/icons/planning.png HTTP/1.1" 500 - 0 0.000 0.310
2026-07-28 06:19:26,465 2396 ERROR ? odoo.http: Exception during request handling. 
Traceback (most recent call last):
  File "D:\Odoo\odoo\odoo\http.py", line 2572, in __call__
    if self.get_static_file(httprequest.path):
       ^^^^^^^^^^^^^^^^^^^^^^^^^^^^^^^^^^^^^^
  File "D:\Odoo\odoo\odoo\http.py", line 2471, in get_static_file
    if (static != 'static' or not resource or module not in self.statics):
                                                            ^^^^^^^^^^^^
  File "D:\Odoo\odoo\odoo\tools\func.py", line 42, in __get__
    value = self.fget(obj)
            ^^^^^^^^^^^^^^
  File "D:\Odoo\odoo\odoo\http.py", line 2440, in statics
    for module in os.listdir(addons_path):
                  ^^^^^^^^^^^^^^^^^^^^^^^
FileNotFoundError: [WinError 3] The system cannot find the path specified: 'd:\\odoo\\addons'
2026-07-28 06:19:26,466 2396 INFO ? werkzeug: 127.0.0.1 - - [28/Jul/2026 06:19:26] "GET /website_event/static/description/icon.png HTTP/1.1" 500 - 0 0.000 0.229
2026-07-28 06:19:26,671 2396 ERROR ? odoo.http: Exception during request handling. 
Traceback (most recent call last):
  File "D:\Odoo\odoo\odoo\http.py", line 2572, in __call__
    if self.get_static_file(httprequest.path):
       ^^^^^^^^^^^^^^^^^^^^^^^^^^^^^^^^^^^^^^
  File "D:\Odoo\odoo\odoo\http.py", line 2471, in get_static_file
    if (static != 'static' or not resource or module not in self.statics):
                                                            ^^^^^^^^^^^^
  File "D:\Odoo\odoo\odoo\tools\func.py", line 42, in __get__
    value = self.fget(obj)
            ^^^^^^^^^^^^^^
  File "D:\Odoo\odoo\odoo\http.py", line 2440, in statics
    for module in os.listdir(addons_path):
                  ^^^^^^^^^^^^^^^^^^^^^^^
FileNotFoundError: [WinError 3] The system cannot find the path specified: 'd:\\odoo\\addons'
2026-07-28 06:19:26,673 2396 INFO ? werkzeug: 127.0.0.1 - - [28/Jul/2026 06:19:26] "GET /mail/static/description/icon.png HTTP/1.1" 500 - 0 0.000 0.159
2026-07-28 06:19:26,853 2396 ERROR ? odoo.http: Exception during request handling. 
Traceback (most recent call last):
  File "D:\Odoo\odoo\odoo\http.py", line 2572, in __call__
    if self.get_static_file(httprequest.path):
       ^^^^^^^^^^^^^^^^^^^^^^^^^^^^^^^^^^^^^^
  File "D:\Odoo\odoo\odoo\http.py", line 2471, in get_static_file
    if (static != 'static' or not resource or module not in self.statics):
                                                            ^^^^^^^^^^^^
  File "D:\Odoo\odoo\odoo\tools\func.py", line 42, in __get__
    value = self.fget(obj)
            ^^^^^^^^^^^^^^
  File "D:\Odoo\odoo\odoo\http.py", line 2440, in statics
    for module in os.listdir(addons_path):
                  ^^^^^^^^^^^^^^^^^^^^^^^
FileNotFoundError: [WinError 3] The system cannot find the path specified: 'd:\\odoo\\addons'
2026-07-28 06:19:26,856 2396 INFO ? werkzeug: 127.0.0.1 - - [28/Jul/2026 06:19:26] "GET /contacts/static/description/icon.png HTTP/1.1" 500 - 0 0.000 0.261
2026-07-28 06:19:26,887 2396 ERROR ? odoo.http: Exception during request handling. 
Traceback (most recent call last):
  File "D:\Odoo\odoo\odoo\http.py", line 2572, in __call__
    if self.get_static_file(httprequest.path):
       ^^^^^^^^^^^^^^^^^^^^^^^^^^^^^^^^^^^^^^
  File "D:\Odoo\odoo\odoo\http.py", line 2471, in get_static_file
    if (static != 'static' or not resource or module not in self.statics):
                                                            ^^^^^^^^^^^^
  File "D:\Odoo\odoo\odoo\tools\func.py", line 42, in __get__
    value = self.fget(obj)
            ^^^^^^^^^^^^^^
  File "D:\Odoo\odoo\odoo\http.py", line 2440, in statics
    for module in os.listdir(addons_path):
                  ^^^^^^^^^^^^^^^^^^^^^^^
FileNotFoundError: [WinError 3] The system cannot find the path specified: 'd:\\odoo\\addons'
2026-07-28 06:19:26,889 2396 INFO ? werkzeug: 127.0.0.1 - - [28/Jul/2026 06:19:26] "GET /base/static/img/icons/mrp_plm.png HTTP/1.1" 500 - 0 0.000 0.277
2026-07-28 06:19:26,954 2396 ERROR ? odoo.http: Exception during request handling. 
Traceback (most recent call last):
  File "D:\Odoo\odoo\odoo\http.py", line 2572, in __call__
    if self.get_static_file(httprequest.path):
       ^^^^^^^^^^^^^^^^^^^^^^^^^^^^^^^^^^^^^^
  File "D:\Odoo\odoo\odoo\http.py", line 2471, in get_static_file
    if (static != 'static' or not resource or module not in self.statics):
                                                            ^^^^^^^^^^^^
  File "D:\Odoo\odoo\odoo\tools\func.py", line 42, in __get__
    value = self.fget(obj)
            ^^^^^^^^^^^^^^
  File "D:\Odoo\odoo\odoo\http.py", line 2440, in statics
    for module in os.listdir(addons_path):
                  ^^^^^^^^^^^^^^^^^^^^^^^
FileNotFoundError: [WinError 3] The system cannot find the path specified: 'd:\\odoo\\addons'
2026-07-28 06:19:26,955 2396 INFO ? werkzeug: 127.0.0.1 - - [28/Jul/2026 06:19:26] "GET /base/static/img/icons/social.png HTTP/1.1" 500 - 0 0.000 0.280
2026-07-28 06:19:27,014 2396 ERROR ? odoo.http: Exception during request handling. 
Traceback (most recent call last):
  File "D:\Odoo\odoo\odoo\http.py", line 2572, in __call__
    if self.get_static_file(httprequest.path):
       ^^^^^^^^^^^^^^^^^^^^^^^^^^^^^^^^^^^^^^
  File "D:\Odoo\odoo\odoo\http.py", line 2471, in get_static_file
    if (static != 'static' or not resource or module not in self.statics):
                                                            ^^^^^^^^^^^^
  File "D:\Odoo\odoo\odoo\tools\func.py", line 42, in __get__
    value = self.fget(obj)
            ^^^^^^^^^^^^^^
  File "D:\Odoo\odoo\odoo\http.py", line 2440, in statics
    for module in os.listdir(addons_path):
                  ^^^^^^^^^^^^^^^^^^^^^^^
FileNotFoundError: [WinError 3] The system cannot find the path specified: 'd:\\odoo\\addons'
2026-07-28 06:19:27,015 2396 INFO ? werkzeug: 127.0.0.1 - - [28/Jul/2026 06:19:27] "GET /base/static/img/icons/hr_appraisal.png HTTP/1.1" 500 - 0 0.000 0.279
2026-07-28 06:19:27,047 2396 ERROR ? odoo.http: Exception during request handling. 
Traceback (most recent call last):
  File "D:\Odoo\odoo\odoo\http.py", line 2572, in __call__
    if self.get_static_file(httprequest.path):
       ^^^^^^^^^^^^^^^^^^^^^^^^^^^^^^^^^^^^^^
  File "D:\Odoo\odoo\odoo\http.py", line 2471, in get_static_file
    if (static != 'static' or not resource or module not in self.statics):
                                                            ^^^^^^^^^^^^
  File "D:\Odoo\odoo\odoo\tools\func.py", line 42, in __get__
    value = self.fget(obj)
            ^^^^^^^^^^^^^^
  File "D:\Odoo\odoo\odoo\http.py", line 2440, in statics
    for module in os.listdir(addons_path):
                  ^^^^^^^^^^^^^^^^^^^^^^^
FileNotFoundError: [WinError 3] The system cannot find the path specified: 'd:\\odoo\\addons'
2026-07-28 06:19:27,048 2396 INFO ? werkzeug: 127.0.0.1 - - [28/Jul/2026 06:19:27] "GET /fleet/static/description/icon.png HTTP/1.1" 500 - 0 0.000 0.262
2026-07-28 06:19:27,143 2396 ERROR ? odoo.http: Exception during request handling. 
Traceback (most recent call last):
  File "D:\Odoo\odoo\odoo\http.py", line 2572, in __call__
    if self.get_static_file(httprequest.path):
       ^^^^^^^^^^^^^^^^^^^^^^^^^^^^^^^^^^^^^^
  File "D:\Odoo\odoo\odoo\http.py", line 2471, in get_static_file
    if (static != 'static' or not resource or module not in self.statics):
                                                            ^^^^^^^^^^^^
  File "D:\Odoo\odoo\odoo\tools\func.py", line 42, in __get__
    value = self.fget(obj)
            ^^^^^^^^^^^^^^
  File "D:\Odoo\odoo\odoo\http.py", line 2440, in statics
    for module in os.listdir(addons_path):
                  ^^^^^^^^^^^^^^^^^^^^^^^
FileNotFoundError: [WinError 3] The system cannot find the path specified: 'd:\\odoo\\addons'
2026-07-28 06:19:27,144 2396 INFO ? werkzeug: 127.0.0.1 - - [28/Jul/2026 06:19:27] "GET /base/static/img/icons/marketing_automation.png HTTP/1.1" 500 - 0 0.000 0.153
2026-07-28 06:19:27,231 2396 INFO odoo18 werkzeug: 127.0.0.1 - - [28/Jul/2026 06:19:27] "POST /web/dataset/call_kw/ir.module.module/web_search_read HTTP/1.1" 200 - 3 0.003 0.065
2026-07-28 06:19:27,363 2396 ERROR ? odoo.http: Exception during request handling. 
Traceback (most recent call last):
  File "D:\Odoo\odoo\odoo\http.py", line 2572, in __call__
    if self.get_static_file(httprequest.path):
       ^^^^^^^^^^^^^^^^^^^^^^^^^^^^^^^^^^^^^^
  File "D:\Odoo\odoo\odoo\http.py", line 2471, in get_static_file
    if (static != 'static' or not resource or module not in self.statics):
                                                            ^^^^^^^^^^^^
  File "D:\Odoo\odoo\odoo\tools\func.py", line 42, in __get__
    value = self.fget(obj)
            ^^^^^^^^^^^^^^
  File "D:\Odoo\odoo\odoo\http.py", line 2440, in statics
    for module in os.listdir(addons_path):
                  ^^^^^^^^^^^^^^^^^^^^^^^
FileNotFoundError: [WinError 3] The system cannot find the path specified: 'd:\\odoo\\addons'
2026-07-28 06:19:27,365 2396 INFO ? werkzeug: 127.0.0.1 - - [28/Jul/2026 06:19:27] "GET /im_livechat/static/description/icon.png HTTP/1.1" 500 - 0 0.000 0.169
2026-07-28 06:19:27,504 2396 ERROR ? odoo.http: Exception during request handling. 
Traceback (most recent call last):
  File "D:\Odoo\odoo\odoo\http.py", line 2572, in __call__
    if self.get_static_file(httprequest.path):
       ^^^^^^^^^^^^^^^^^^^^^^^^^^^^^^^^^^^^^^
  File "D:\Odoo\odoo\odoo\http.py", line 2471, in get_static_file
    if (static != 'static' or not resource or module not in self.statics):
                                                            ^^^^^^^^^^^^
  File "D:\Odoo\odoo\odoo\tools\func.py", line 42, in __get__
    value = self.fget(obj)
            ^^^^^^^^^^^^^^
  File "D:\Odoo\odoo\odoo\http.py", line 2440, in statics
    for module in os.listdir(addons_path):
                  ^^^^^^^^^^^^^^^^^^^^^^^
FileNotFoundError: [WinError 3] The system cannot find the path specified: 'd:\\odoo\\addons'
2026-07-28 06:19:27,506 2396 INFO ? werkzeug: 127.0.0.1 - - [28/Jul/2026 06:19:27] "GET /base/static/img/icons/appointment.png HTTP/1.1" 500 - 0 0.000 0.232
2026-07-28 06:19:27,600 2396 ERROR ? odoo.http: Exception during request handling. 
Traceback (most recent call last):
  File "D:\Odoo\odoo\odoo\http.py", line 2572, in __call__
    if self.get_static_file(httprequest.path):
       ^^^^^^^^^^^^^^^^^^^^^^^^^^^^^^^^^^^^^^
  File "D:\Odoo\odoo\odoo\http.py", line 2471, in get_static_file
    if (static != 'static' or not resource or module not in self.statics):
                                                            ^^^^^^^^^^^^
  File "D:\Odoo\odoo\odoo\tools\func.py", line 42, in __get__
    value = self.fget(obj)
            ^^^^^^^^^^^^^^
  File "D:\Odoo\odoo\odoo\http.py", line 2440, in statics
    for module in os.listdir(addons_path):
                  ^^^^^^^^^^^^^^^^^^^^^^^
FileNotFoundError: [WinError 3] The system cannot find the path specified: 'd:\\odoo\\addons'
2026-07-28 06:19:27,602 2396 INFO ? werkzeug: 127.0.0.1 - - [28/Jul/2026 06:19:27] "GET /survey/static/description/icon.png HTTP/1.1" 500 - 0 0.000 0.280
2026-07-28 06:19:27,645 2396 ERROR ? odoo.http: Exception during request handling. 
Traceback (most recent call last):
  File "D:\Odoo\odoo\odoo\http.py", line 2572, in __call__
    if self.get_static_file(httprequest.path):
       ^^^^^^^^^^^^^^^^^^^^^^^^^^^^^^^^^^^^^^
  File "D:\Odoo\odoo\odoo\http.py", line 2471, in get_static_file
    if (static != 'static' or not resource or module not in self.statics):
                                                            ^^^^^^^^^^^^
  File "D:\Odoo\odoo\odoo\tools\func.py", line 42, in __get__
    value = self.fget(obj)
            ^^^^^^^^^^^^^^
  File "D:\Odoo\odoo\odoo\http.py", line 2440, in statics
    for module in os.listdir(addons_path):
                  ^^^^^^^^^^^^^^^^^^^^^^^
FileNotFoundError: [WinError 3] The system cannot find the path specified: 'd:\\odoo\\addons'
2026-07-28 06:19:27,647 2396 INFO ? werkzeug: 127.0.0.1 - - [28/Jul/2026 06:19:27] "GET /base/static/img/icons/web_mobile.png HTTP/1.1" 500 - 0 0.000 0.273
2026-07-28 06:19:27,729 2396 ERROR ? odoo.http: Exception during request handling. 
Traceback (most recent call last):
  File "D:\Odoo\odoo\odoo\http.py", line 2572, in __call__
    if self.get_static_file(httprequest.path):
       ^^^^^^^^^^^^^^^^^^^^^^^^^^^^^^^^^^^^^^
  File "D:\Odoo\odoo\odoo\http.py", line 2471, in get_static_file
    if (static != 'static' or not resource or module not in self.statics):
                                                            ^^^^^^^^^^^^
  File "D:\Odoo\odoo\odoo\tools\func.py", line 42, in __get__
    value = self.fget(obj)
            ^^^^^^^^^^^^^^
  File "D:\Odoo\odoo\odoo\http.py", line 2440, in statics
    for module in os.listdir(addons_path):
                  ^^^^^^^^^^^^^^^^^^^^^^^
FileNotFoundError: [WinError 3] The system cannot find the path specified: 'd:\\odoo\\addons'
2026-07-28 06:19:27,731 2396 INFO ? werkzeug: 127.0.0.1 - - [28/Jul/2026 06:19:27] "GET /project/static/description/icon.png HTTP/1.1" 500 - 0 0.000 0.266
2026-07-28 06:19:27,774 2396 ERROR ? odoo.http: Exception during request handling. 
Traceback (most recent call last):
  File "D:\Odoo\odoo\odoo\http.py", line 2572, in __call__
    if self.get_static_file(httprequest.path):
       ^^^^^^^^^^^^^^^^^^^^^^^^^^^^^^^^^^^^^^
  File "D:\Odoo\odoo\odoo\http.py", line 2471, in get_static_file
    if (static != 'static' or not resource or module not in self.statics):
                                                            ^^^^^^^^^^^^
  File "D:\Odoo\odoo\odoo\tools\func.py", line 42, in __get__
    value = self.fget(obj)
            ^^^^^^^^^^^^^^
  File "D:\Odoo\odoo\odoo\http.py", line 2440, in statics
    for module in os.listdir(addons_path):
                  ^^^^^^^^^^^^^^^^^^^^^^^
FileNotFoundError: [WinError 3] The system cannot find the path specified: 'd:\\odoo\\addons'
2026-07-28 06:19:27,776 2396 INFO ? werkzeug: 127.0.0.1 - - [28/Jul/2026 06:19:27] "GET /mass_mailing/static/description/icon.png HTTP/1.1" 500 - 0 0.000 0.233
2026-07-28 06:19:27,851 2396 ERROR ? odoo.http: Exception during request handling. 
Traceback (most recent call last):
  File "D:\Odoo\odoo\odoo\http.py", line 2572, in __call__
    if self.get_static_file(httprequest.path):
       ^^^^^^^^^^^^^^^^^^^^^^^^^^^^^^^^^^^^^^
  File "D:\Odoo\odoo\odoo\http.py", line 2471, in get_static_file
    if (static != 'static' or not resource or module not in self.statics):
                                                            ^^^^^^^^^^^^
  File "D:\Odoo\odoo\odoo\tools\func.py", line 42, in __get__
    value = self.fget(obj)
            ^^^^^^^^^^^^^^
  File "D:\Odoo\odoo\odoo\http.py", line 2440, in statics
    for module in os.listdir(addons_path):
                  ^^^^^^^^^^^^^^^^^^^^^^^
FileNotFoundError: [WinError 3] The system cannot find the path specified: 'd:\\odoo\\addons'
2026-07-28 06:19:27,853 2396 INFO ? werkzeug: 127.0.0.1 - - [28/Jul/2026 06:19:27] "GET /base/static/img/icons/account_accountant.png HTTP/1.1" 500 - 0 0.000 0.172
2026-07-28 06:19:27,974 2396 ERROR ? odoo.http: Exception during request handling. 
Traceback (most recent call last):
  File "D:\Odoo\odoo\odoo\http.py", line 2572, in __call__
    if self.get_static_file(httprequest.path):
       ^^^^^^^^^^^^^^^^^^^^^^^^^^^^^^^^^^^^^^
  File "D:\Odoo\odoo\odoo\http.py", line 2471, in get_static_file
    if (static != 'static' or not resource or module not in self.statics):
                                                            ^^^^^^^^^^^^
  File "D:\Odoo\odoo\odoo\tools\func.py", line 42, in __get__
    value = self.fget(obj)
            ^^^^^^^^^^^^^^
  File "D:\Odoo\odoo\odoo\http.py", line 2440, in statics
    for module in os.listdir(addons_path):
                  ^^^^^^^^^^^^^^^^^^^^^^^
FileNotFoundError: [WinError 3] The system cannot find the path specified: 'd:\\odoo\\addons'
2026-07-28 06:19:27,975 2396 INFO ? werkzeug: 127.0.0.1 - - [28/Jul/2026 06:19:27] "GET /account/static/description/icon.png HTTP/1.1" 500 - 0 0.000 0.156
2026-07-28 06:19:28,104 2396 ERROR ? odoo.http: Exception during request handling. 
Traceback (most recent call last):
  File "D:\Odoo\odoo\odoo\http.py", line 2572, in __call__
    if self.get_static_file(httprequest.path):
       ^^^^^^^^^^^^^^^^^^^^^^^^^^^^^^^^^^^^^^
  File "D:\Odoo\odoo\odoo\http.py", line 2471, in get_static_file
    if (static != 'static' or not resource or module not in self.statics):
                                                            ^^^^^^^^^^^^
  File "D:\Odoo\odoo\odoo\tools\func.py", line 42, in __get__
    value = self.fget(obj)
            ^^^^^^^^^^^^^^
  File "D:\Odoo\odoo\odoo\http.py", line 2440, in statics
    for module in os.listdir(addons_path):
                  ^^^^^^^^^^^^^^^^^^^^^^^
FileNotFoundError: [WinError 3] The system cannot find the path specified: 'd:\\odoo\\addons'
2026-07-28 06:19:28,106 2396 INFO ? werkzeug: 127.0.0.1 - - [28/Jul/2026 06:19:28] "GET /pos_restaurant/static/description/icon.png HTTP/1.1" 500 - 0 0.000 0.192
2026-07-28 06:19:28,171 2396 ERROR ? odoo.http: Exception during request handling. 
Traceback (most recent call last):
  File "D:\Odoo\odoo\odoo\http.py", line 2572, in __call__
    if self.get_static_file(httprequest.path):
       ^^^^^^^^^^^^^^^^^^^^^^^^^^^^^^^^^^^^^^
  File "D:\Odoo\odoo\odoo\http.py", line 2471, in get_static_file
    if (static != 'static' or not resource or module not in self.statics):
                                                            ^^^^^^^^^^^^
  File "D:\Odoo\odoo\odoo\tools\func.py", line 42, in __get__
    value = self.fget(obj)
            ^^^^^^^^^^^^^^
  File "D:\Odoo\odoo\odoo\http.py", line 2440, in statics
    for module in os.listdir(addons_path):
                  ^^^^^^^^^^^^^^^^^^^^^^^
FileNotFoundError: [WinError 3] The system cannot find the path specified: 'd:\\odoo\\addons'
2026-07-28 06:19:28,173 2396 INFO ? werkzeug: 127.0.0.1 - - [28/Jul/2026 06:19:28] "GET /website/static/description/icon.png HTTP/1.1" 500 - 0 0.000 0.213
2026-07-28 06:19:28,272 2396 ERROR ? odoo.http: Exception during request handling. 
Traceback (most recent call last):
  File "D:\Odoo\odoo\odoo\http.py", line 2572, in __call__
    if self.get_static_file(httprequest.path):
       ^^^^^^^^^^^^^^^^^^^^^^^^^^^^^^^^^^^^^^
  File "D:\Odoo\odoo\odoo\http.py", line 2471, in get_static_file
    if (static != 'static' or not resource or module not in self.statics):
                                                            ^^^^^^^^^^^^
  File "D:\Odoo\odoo\odoo\tools\func.py", line 42, in __get__
    value = self.fget(obj)
            ^^^^^^^^^^^^^^
  File "D:\Odoo\odoo\odoo\http.py", line 2440, in statics
    for module in os.listdir(addons_path):
                  ^^^^^^^^^^^^^^^^^^^^^^^
FileNotFoundError: [WinError 3] The system cannot find the path specified: 'd:\\odoo\\addons'
2026-07-28 06:19:28,274 2396 INFO ? werkzeug: 127.0.0.1 - - [28/Jul/2026 06:19:28] "GET /hr_expense/static/description/icon.png HTTP/1.1" 500 - 0 0.000 0.236
2026-07-28 06:19:28,328 2396 ERROR ? odoo.http: Exception during request handling. 
Traceback (most recent call last):
  File "D:\Odoo\odoo\odoo\http.py", line 2572, in __call__
    if self.get_static_file(httprequest.path):
       ^^^^^^^^^^^^^^^^^^^^^^^^^^^^^^^^^^^^^^
  File "D:\Odoo\odoo\odoo\http.py", line 2471, in get_static_file
    if (static != 'static' or not resource or module not in self.statics):
                                                            ^^^^^^^^^^^^
  File "D:\Odoo\odoo\odoo\tools\func.py", line 42, in __get__
    value = self.fget(obj)
            ^^^^^^^^^^^^^^
  File "D:\Odoo\odoo\odoo\http.py", line 2440, in statics
    for module in os.listdir(addons_path):
                  ^^^^^^^^^^^^^^^^^^^^^^^
FileNotFoundError: [WinError 3] The system cannot find the path specified: 'd:\\odoo\\addons'
2026-07-28 06:19:28,329 2396 INFO ? werkzeug: 127.0.0.1 - - [28/Jul/2026 06:19:28] "GET /sale_management/static/description/icon.png HTTP/1.1" 500 - 0 0.000 0.244
2026-07-28 06:19:28,373 2396 ERROR ? odoo.http: Exception during request handling. 
Traceback (most recent call last):
  File "D:\Odoo\odoo\odoo\http.py", line 2572, in __call__
    if self.get_static_file(httprequest.path):
       ^^^^^^^^^^^^^^^^^^^^^^^^^^^^^^^^^^^^^^
  File "D:\Odoo\odoo\odoo\http.py", line 2471, in get_static_file
    if (static != 'static' or not resource or module not in self.statics):
                                                            ^^^^^^^^^^^^
  File "D:\Odoo\odoo\odoo\tools\func.py", line 42, in __get__
    value = self.fget(obj)
            ^^^^^^^^^^^^^^
  File "D:\Odoo\odoo\odoo\http.py", line 2440, in statics
    for module in os.listdir(addons_path):
                  ^^^^^^^^^^^^^^^^^^^^^^^
FileNotFoundError: [WinError 3] The system cannot find the path specified: 'd:\\odoo\\addons'
2026-07-28 06:19:28,374 2396 INFO ? werkzeug: 127.0.0.1 - - [28/Jul/2026 06:19:28] "GET /base/static/img/icons/knowledge.png HTTP/1.1" 500 - 0 0.000 0.211
2026-07-28 06:19:28,457 2396 ERROR ? odoo.http: Exception during request handling. 
Traceback (most recent call last):
  File "D:\Odoo\odoo\odoo\http.py", line 2572, in __call__
    if self.get_static_file(httprequest.path):
       ^^^^^^^^^^^^^^^^^^^^^^^^^^^^^^^^^^^^^^
  File "D:\Odoo\odoo\odoo\http.py", line 2471, in get_static_file
    if (static != 'static' or not resource or module not in self.statics):
                                                            ^^^^^^^^^^^^
  File "D:\Odoo\odoo\odoo\tools\func.py", line 42, in __get__
    value = self.fget(obj)
            ^^^^^^^^^^^^^^
  File "D:\Odoo\odoo\odoo\http.py", line 2440, in statics
    for module in os.listdir(addons_path):
                  ^^^^^^^^^^^^^^^^^^^^^^^
FileNotFoundError: [WinError 3] The system cannot find the path specified: 'd:\\odoo\\addons'
2026-07-28 06:19:28,459 2396 INFO ? werkzeug: 127.0.0.1 - - [28/Jul/2026 06:19:28] "GET /base/static/img/icons/web_studio.png HTTP/1.1" 500 - 0 0.000 0.170
2026-07-28 06:19:28,578 2396 ERROR ? odoo.http: Exception during request handling. 
Traceback (most recent call last):
  File "D:\Odoo\odoo\odoo\http.py", line 2572, in __call__
    if self.get_static_file(httprequest.path):
       ^^^^^^^^^^^^^^^^^^^^^^^^^^^^^^^^^^^^^^
  File "D:\Odoo\odoo\odoo\http.py", line 2471, in get_static_file
    if (static != 'static' or not resource or module not in self.statics):
                                                            ^^^^^^^^^^^^
  File "D:\Odoo\odoo\odoo\tools\func.py", line 42, in __get__
    value = self.fget(obj)
            ^^^^^^^^^^^^^^
  File "D:\Odoo\odoo\odoo\http.py", line 2440, in statics
    for module in os.listdir(addons_path):
                  ^^^^^^^^^^^^^^^^^^^^^^^
FileNotFoundError: [WinError 3] The system cannot find the path specified: 'd:\\odoo\\addons'
2026-07-28 06:19:28,579 2396 INFO ? werkzeug: 127.0.0.1 - - [28/Jul/2026 06:19:28] "GET /base/static/img/icons/timesheet_grid.png HTTP/1.1" 500 - 0 0.000 0.164
2026-07-28 06:19:28,644 2396 ERROR ? odoo.http: Exception during request handling. 
Traceback (most recent call last):
  File "D:\Odoo\odoo\odoo\http.py", line 2572, in __call__
    if self.get_static_file(httprequest.path):
       ^^^^^^^^^^^^^^^^^^^^^^^^^^^^^^^^^^^^^^
  File "D:\Odoo\odoo\odoo\http.py", line 2471, in get_static_file
    if (static != 'static' or not resource or module not in self.statics):
                                                            ^^^^^^^^^^^^
  File "D:\Odoo\odoo\odoo\tools\func.py", line 42, in __get__
    value = self.fget(obj)
            ^^^^^^^^^^^^^^
  File "D:\Odoo\odoo\odoo\http.py", line 2440, in statics
    for module in os.listdir(addons_path):
                  ^^^^^^^^^^^^^^^^^^^^^^^
FileNotFoundError: [WinError 3] The system cannot find the path specified: 'd:\\odoo\\addons'
2026-07-28 06:19:28,646 2396 INFO ? werkzeug: 127.0.0.1 - - [28/Jul/2026 06:19:28] "GET /mrp/static/description/icon.png HTTP/1.1" 500 - 0 0.000 0.168
2026-07-28 06:19:28,772 2396 ERROR ? odoo.http: Exception during request handling. 
Traceback (most recent call last):
  File "D:\Odoo\odoo\odoo\http.py", line 2572, in __call__
    if self.get_static_file(httprequest.path):
       ^^^^^^^^^^^^^^^^^^^^^^^^^^^^^^^^^^^^^^
  File "D:\Odoo\odoo\odoo\http.py", line 2471, in get_static_file
    if (static != 'static' or not resource or module not in self.statics):
                                                            ^^^^^^^^^^^^
  File "D:\Odoo\odoo\odoo\tools\func.py", line 42, in __get__
    value = self.fget(obj)
            ^^^^^^^^^^^^^^
  File "D:\Odoo\odoo\odoo\http.py", line 2440, in statics
    for module in os.listdir(addons_path):
                  ^^^^^^^^^^^^^^^^^^^^^^^
FileNotFoundError: [WinError 3] The system cannot find the path specified: 'd:\\odoo\\addons'
2026-07-28 06:19:28,773 2396 INFO ? werkzeug: 127.0.0.1 - - [28/Jul/2026 06:19:28] "GET /website_sale/static/description/icon.png HTTP/1.1" 500 - 0 0.000 0.192
2026-07-28 06:19:28,849 2396 ERROR ? odoo.http: Exception during request handling. 
Traceback (most recent call last):
  File "D:\Odoo\odoo\odoo\http.py", line 2572, in __call__
    if self.get_static_file(httprequest.path):
       ^^^^^^^^^^^^^^^^^^^^^^^^^^^^^^^^^^^^^^
  File "D:\Odoo\odoo\odoo\http.py", line 2471, in get_static_file
    if (static != 'static' or not resource or module not in self.statics):
                                                            ^^^^^^^^^^^^
  File "D:\Odoo\odoo\odoo\tools\func.py", line 42, in __get__
    value = self.fget(obj)
            ^^^^^^^^^^^^^^
  File "D:\Odoo\odoo\odoo\http.py", line 2440, in statics
    for module in os.listdir(addons_path):
                  ^^^^^^^^^^^^^^^^^^^^^^^
FileNotFoundError: [WinError 3] The system cannot find the path specified: 'd:\\odoo\\addons'
2026-07-28 06:19:28,851 2396 INFO ? werkzeug: 127.0.0.1 - - [28/Jul/2026 06:19:28] "GET /point_of_sale/static/description/icon.png HTTP/1.1" 500 - 0 0.000 0.217
2026-07-28 06:19:28,892 2396 ERROR ? odoo.http: Exception during request handling. 
Traceback (most recent call last):
  File "D:\Odoo\odoo\odoo\http.py", line 2572, in __call__
    if self.get_static_file(httprequest.path):
       ^^^^^^^^^^^^^^^^^^^^^^^^^^^^^^^^^^^^^^
  File "D:\Odoo\odoo\odoo\http.py", line 2471, in get_static_file
    if (static != 'static' or not resource or module not in self.statics):
                                                            ^^^^^^^^^^^^
  File "D:\Odoo\odoo\odoo\tools\func.py", line 42, in __get__
    value = self.fget(obj)
            ^^^^^^^^^^^^^^
  File "D:\Odoo\odoo\odoo\http.py", line 2440, in statics
    for module in os.listdir(addons_path):
                  ^^^^^^^^^^^^^^^^^^^^^^^
FileNotFoundError: [WinError 3] The system cannot find the path specified: 'd:\\odoo\\addons'
2026-07-28 06:19:28,893 2396 INFO ? werkzeug: 127.0.0.1 - - [28/Jul/2026 06:19:28] "GET /base/static/img/icons/mrp_workorder.png HTTP/1.1" 500 - 0 0.000 0.210
2026-07-28 06:19:28,961 2396 ERROR ? odoo.http: Exception during request handling. 
Traceback (most recent call last):
  File "D:\Odoo\odoo\odoo\http.py", line 2572, in __call__
    if self.get_static_file(httprequest.path):
       ^^^^^^^^^^^^^^^^^^^^^^^^^^^^^^^^^^^^^^
  File "D:\Odoo\odoo\odoo\http.py", line 2471, in get_static_file
    if (static != 'static' or not resource or module not in self.statics):
                                                            ^^^^^^^^^^^^
  File "D:\Odoo\odoo\odoo\tools\func.py", line 42, in __get__
    value = self.fget(obj)
            ^^^^^^^^^^^^^^
  File "D:\Odoo\odoo\odoo\http.py", line 2440, in statics
    for module in os.listdir(addons_path):
                  ^^^^^^^^^^^^^^^^^^^^^^^
FileNotFoundError: [WinError 3] The system cannot find the path specified: 'd:\\odoo\\addons'
2026-07-28 06:19:28,963 2396 INFO ? werkzeug: 127.0.0.1 - - [28/Jul/2026 06:19:28] "GET /stock/static/description/icon.png HTTP/1.1" 500 - 0 0.000 0.187
2026-07-28 06:19:29,054 2396 ERROR ? odoo.http: Exception during request handling. 
Traceback (most recent call last):
  File "D:\Odoo\odoo\odoo\http.py", line 2572, in __call__
    if self.get_static_file(httprequest.path):
       ^^^^^^^^^^^^^^^^^^^^^^^^^^^^^^^^^^^^^^
  File "D:\Odoo\odoo\odoo\http.py", line 2471, in get_static_file
    if (static != 'static' or not resource or module not in self.statics):
                                                            ^^^^^^^^^^^^
  File "D:\Odoo\odoo\odoo\tools\func.py", line 42, in __get__
    value = self.fget(obj)
            ^^^^^^^^^^^^^^
  File "D:\Odoo\odoo\odoo\http.py", line 2440, in statics
    for module in os.listdir(addons_path):
                  ^^^^^^^^^^^^^^^^^^^^^^^
FileNotFoundError: [WinError 3] The system cannot find the path specified: 'd:\\odoo\\addons'
2026-07-28 06:19:29,055 2396 INFO ? werkzeug: 127.0.0.1 - - [28/Jul/2026 06:19:29] "GET /purchase/static/description/icon.png HTTP/1.1" 500 - 0 0.000 0.159
2026-07-28 06:19:29,115 2396 ERROR ? odoo.http: Exception during request handling. 
Traceback (most recent call last):
  File "D:\Odoo\odoo\odoo\http.py", line 2572, in __call__
    if self.get_static_file(httprequest.path):
       ^^^^^^^^^^^^^^^^^^^^^^^^^^^^^^^^^^^^^^
  File "D:\Odoo\odoo\odoo\http.py", line 2471, in get_static_file
    if (static != 'static' or not resource or module not in self.statics):
                                                            ^^^^^^^^^^^^
  File "D:\Odoo\odoo\odoo\tools\func.py", line 42, in __get__
    value = self.fget(obj)
            ^^^^^^^^^^^^^^
  File "D:\Odoo\odoo\odoo\http.py", line 2440, in statics
    for module in os.listdir(addons_path):
                  ^^^^^^^^^^^^^^^^^^^^^^^
FileNotFoundError: [WinError 3] The system cannot find the path specified: 'd:\\odoo\\addons'
2026-07-28 06:19:29,116 2396 INFO ? werkzeug: 127.0.0.1 - - [28/Jul/2026 06:19:29] "GET /repair/static/description/icon.png HTTP/1.1" 500 - 0 0.000 0.155
2026-07-28 06:19:29,257 2396 ERROR ? odoo.http: Exception during request handling. 
Traceback (most recent call last):
  File "D:\Odoo\odoo\odoo\http.py", line 2572, in __call__
    if self.get_static_file(httprequest.path):
       ^^^^^^^^^^^^^^^^^^^^^^^^^^^^^^^^^^^^^^
  File "D:\Odoo\odoo\odoo\http.py", line 2471, in get_static_file
    if (static != 'static' or not resource or module not in self.statics):
                                                            ^^^^^^^^^^^^
  File "D:\Odoo\odoo\odoo\tools\func.py", line 42, in __get__
    value = self.fget(obj)
            ^^^^^^^^^^^^^^
  File "D:\Odoo\odoo\odoo\http.py", line 2440, in statics
    for module in os.listdir(addons_path):
                  ^^^^^^^^^^^^^^^^^^^^^^^
FileNotFoundError: [WinError 3] The system cannot find the path specified: 'd:\\odoo\\addons'
2026-07-28 06:19:29,259 2396 INFO ? werkzeug: 127.0.0.1 - - [28/Jul/2026 06:19:29] "GET /hr_attendance/static/description/icon.png HTTP/1.1" 500 - 0 0.000 0.172
2026-07-28 06:19:29,380 2396 ERROR ? odoo.http: Exception during request handling. 
Traceback (most recent call last):
  File "D:\Odoo\odoo\odoo\http.py", line 2572, in __call__
    if self.get_static_file(httprequest.path):
       ^^^^^^^^^^^^^^^^^^^^^^^^^^^^^^^^^^^^^^
  File "D:\Odoo\odoo\odoo\http.py", line 2471, in get_static_file
    if (static != 'static' or not resource or module not in self.statics):
                                                            ^^^^^^^^^^^^
  File "D:\Odoo\odoo\odoo\tools\func.py", line 42, in __get__
    value = self.fget(obj)
            ^^^^^^^^^^^^^^
  File "D:\Odoo\odoo\odoo\http.py", line 2440, in statics
    for module in os.listdir(addons_path):
                  ^^^^^^^^^^^^^^^^^^^^^^^
FileNotFoundError: [WinError 3] The system cannot find the path specified: 'd:\\odoo\\addons'
2026-07-28 06:19:29,381 2396 INFO ? werkzeug: 127.0.0.1 - - [28/Jul/2026 06:19:29] "GET /mass_mailing_sms/static/description/icon.png HTTP/1.1" 500 - 0 0.000 0.217
2026-07-28 06:19:29,457 2396 ERROR ? odoo.http: Exception during request handling. 
Traceback (most recent call last):
  File "D:\Odoo\odoo\odoo\http.py", line 2572, in __call__
    if self.get_static_file(httprequest.path):
       ^^^^^^^^^^^^^^^^^^^^^^^^^^^^^^^^^^^^^^
  File "D:\Odoo\odoo\odoo\http.py", line 2471, in get_static_file
    if (static != 'static' or not resource or module not in self.statics):
                                                            ^^^^^^^^^^^^
  File "D:\Odoo\odoo\odoo\tools\func.py", line 42, in __get__
    value = self.fget(obj)
            ^^^^^^^^^^^^^^
  File "D:\Odoo\odoo\odoo\http.py", line 2440, in statics
    for module in os.listdir(addons_path):
                  ^^^^^^^^^^^^^^^^^^^^^^^
FileNotFoundError: [WinError 3] The system cannot find the path specified: 'd:\\odoo\\addons'
2026-07-28 06:19:29,459 2396 INFO ? werkzeug: 127.0.0.1 - - [28/Jul/2026 06:19:29] "GET /base/static/img/icons/stock_barcode.png HTTP/1.1" 500 - 0 0.000 0.247
2026-07-28 06:19:29,508 2396 ERROR ? odoo.http: Exception during request handling. 
Traceback (most recent call last):
  File "D:\Odoo\odoo\odoo\http.py", line 2572, in __call__
    if self.get_static_file(httprequest.path):
       ^^^^^^^^^^^^^^^^^^^^^^^^^^^^^^^^^^^^^^
  File "D:\Odoo\odoo\odoo\http.py", line 2471, in get_static_file
    if (static != 'static' or not resource or module not in self.statics):
                                                            ^^^^^^^^^^^^
  File "D:\Odoo\odoo\odoo\tools\func.py", line 42, in __get__
    value = self.fget(obj)
            ^^^^^^^^^^^^^^
  File "D:\Odoo\odoo\odoo\http.py", line 2440, in statics
    for module in os.listdir(addons_path):
                  ^^^^^^^^^^^^^^^^^^^^^^^
FileNotFoundError: [WinError 3] The system cannot find the path specified: 'd:\\odoo\\addons'
2026-07-28 06:19:29,510 2396 INFO ? werkzeug: 127.0.0.1 - - [28/Jul/2026 06:19:29] "GET /project_todo/static/description/icon.png HTTP/1.1" 500 - 0 0.000 0.240
2026-07-28 06:19:29,594 2396 ERROR ? odoo.http: Exception during request handling. 
Traceback (most recent call last):
  File "D:\Odoo\odoo\odoo\http.py", line 2572, in __call__
    if self.get_static_file(httprequest.path):
       ^^^^^^^^^^^^^^^^^^^^^^^^^^^^^^^^^^^^^^
  File "D:\Odoo\odoo\odoo\http.py", line 2471, in get_static_file
    if (static != 'static' or not resource or module not in self.statics):
                                                            ^^^^^^^^^^^^
  File "D:\Odoo\odoo\odoo\tools\func.py", line 42, in __get__
    value = self.fget(obj)
            ^^^^^^^^^^^^^^
  File "D:\Odoo\odoo\odoo\http.py", line 2440, in statics
    for module in os.listdir(addons_path):
                  ^^^^^^^^^^^^^^^^^^^^^^^
FileNotFoundError: [WinError 3] The system cannot find the path specified: 'd:\\odoo\\addons'
2026-07-28 06:19:29,596 2396 INFO ? werkzeug: 127.0.0.1 - - [28/Jul/2026 06:19:29] "GET /hr_skills/static/description/icon.png HTTP/1.1" 500 - 0 0.000 0.227
2026-07-28 06:19:29,630 2396 ERROR ? odoo.http: Exception during request handling. 
Traceback (most recent call last):
  File "D:\Odoo\odoo\odoo\http.py", line 2572, in __call__
    if self.get_static_file(httprequest.path):
       ^^^^^^^^^^^^^^^^^^^^^^^^^^^^^^^^^^^^^^
  File "D:\Odoo\odoo\odoo\http.py", line 2471, in get_static_file
    if (static != 'static' or not resource or module not in self.statics):
                                                            ^^^^^^^^^^^^
  File "D:\Odoo\odoo\odoo\tools\func.py", line 42, in __get__
    value = self.fget(obj)
            ^^^^^^^^^^^^^^
  File "D:\Odoo\odoo\odoo\http.py", line 2440, in statics
    for module in os.listdir(addons_path):
                  ^^^^^^^^^^^^^^^^^^^^^^^
FileNotFoundError: [WinError 3] The system cannot find the path specified: 'd:\\odoo\\addons'
2026-07-28 06:19:29,631 2396 INFO ? werkzeug: 127.0.0.1 - - [28/Jul/2026 06:19:29] "GET /base/static/img/icons/voip.png HTTP/1.1" 500 - 0 0.000 0.200
2026-07-28 06:19:29,727 2396 ERROR ? odoo.http: Exception during request handling. 
Traceback (most recent call last):
  File "D:\Odoo\odoo\odoo\http.py", line 2572, in __call__
    if self.get_static_file(httprequest.path):
       ^^^^^^^^^^^^^^^^^^^^^^^^^^^^^^^^^^^^^^
  File "D:\Odoo\odoo\odoo\http.py", line 2471, in get_static_file
    if (static != 'static' or not resource or module not in self.statics):
                                                            ^^^^^^^^^^^^
  File "D:\Odoo\odoo\odoo\tools\func.py", line 42, in __get__
    value = self.fget(obj)
            ^^^^^^^^^^^^^^
  File "D:\Odoo\odoo\odoo\http.py", line 2440, in statics
    for module in os.listdir(addons_path):
                  ^^^^^^^^^^^^^^^^^^^^^^^
FileNotFoundError: [WinError 3] The system cannot find the path specified: 'd:\\odoo\\addons'
2026-07-28 06:19:29,729 2396 INFO ? werkzeug: 127.0.0.1 - - [28/Jul/2026 06:19:29] "GET /lunch/static/description/icon.png HTTP/1.1" 500 - 0 0.000 0.157
2026-07-28 06:19:29,860 2396 ERROR ? odoo.http: Exception during request handling. 
Traceback (most recent call last):
  File "D:\Odoo\odoo\odoo\http.py", line 2572, in __call__
    if self.get_static_file(httprequest.path):
       ^^^^^^^^^^^^^^^^^^^^^^^^^^^^^^^^^^^^^^
  File "D:\Odoo\odoo\odoo\http.py", line 2471, in get_static_file
    if (static != 'static' or not resource or module not in self.statics):
                                                            ^^^^^^^^^^^^
  File "D:\Odoo\odoo\odoo\tools\func.py", line 42, in __get__
    value = self.fget(obj)
            ^^^^^^^^^^^^^^
  File "D:\Odoo\odoo\odoo\http.py", line 2440, in statics
    for module in os.listdir(addons_path):
                  ^^^^^^^^^^^^^^^^^^^^^^^
FileNotFoundError: [WinError 3] The system cannot find the path specified: 'd:\\odoo\\addons'
2026-07-28 06:19:29,861 2396 INFO ? werkzeug: 127.0.0.1 - - [28/Jul/2026 06:19:29] "GET /website_hr_recruitment/static/description/icon.png HTTP/1.1" 500 - 0 0.000 0.161
2026-07-28 06:19:29,966 2396 ERROR ? odoo.http: Exception during request handling. 
Traceback (most recent call last):
  File "D:\Odoo\odoo\odoo\http.py", line 2572, in __call__
    if self.get_static_file(httprequest.path):
       ^^^^^^^^^^^^^^^^^^^^^^^^^^^^^^^^^^^^^^
  File "D:\Odoo\odoo\odoo\http.py", line 2471, in get_static_file
    if (static != 'static' or not resource or module not in self.statics):
                                                            ^^^^^^^^^^^^
  File "D:\Odoo\odoo\odoo\tools\func.py", line 42, in __get__
    value = self.fget(obj)
            ^^^^^^^^^^^^^^
  File "D:\Odoo\odoo\odoo\http.py", line 2440, in statics
    for module in os.listdir(addons_path):
                  ^^^^^^^^^^^^^^^^^^^^^^^
FileNotFoundError: [WinError 3] The system cannot find the path specified: 'd:\\odoo\\addons'
2026-07-28 06:19:29,969 2396 INFO ? werkzeug: 127.0.0.1 - - [28/Jul/2026 06:19:29] "GET /base/static/img/icons/sale_amazon.png HTTP/1.1" 500 - 0 0.000 0.191
2026-07-28 06:19:30,039 2396 ERROR ? odoo.http: Exception during request handling. 
Traceback (most recent call last):
  File "D:\Odoo\odoo\odoo\http.py", line 2572, in __call__
    if self.get_static_file(httprequest.path):
       ^^^^^^^^^^^^^^^^^^^^^^^^^^^^^^^^^^^^^^
  File "D:\Odoo\odoo\odoo\http.py", line 2471, in get_static_file
    if (static != 'static' or not resource or module not in self.statics):
                                                            ^^^^^^^^^^^^
  File "D:\Odoo\odoo\odoo\tools\func.py", line 42, in __get__
    value = self.fget(obj)
            ^^^^^^^^^^^^^^
  File "D:\Odoo\odoo\odoo\http.py", line 2440, in statics
    for module in os.listdir(addons_path):
                  ^^^^^^^^^^^^^^^^^^^^^^^
FileNotFoundError: [WinError 3] The system cannot find the path specified: 'd:\\odoo\\addons'
2026-07-28 06:19:30,040 2396 INFO ? werkzeug: 127.0.0.1 - - [28/Jul/2026 06:19:30] "GET /hr_contract/static/description/icon.png HTTP/1.1" 500 - 0 0.000 0.216
2026-07-28 06:19:30,143 2396 ERROR ? odoo.http: Exception during request handling. 
Traceback (most recent call last):
  File "D:\Odoo\odoo\odoo\http.py", line 2572, in __call__
    if self.get_static_file(httprequest.path):
       ^^^^^^^^^^^^^^^^^^^^^^^^^^^^^^^^^^^^^^
  File "D:\Odoo\odoo\odoo\http.py", line 2471, in get_static_file
    if (static != 'static' or not resource or module not in self.statics):
                                                            ^^^^^^^^^^^^
  File "D:\Odoo\odoo\odoo\tools\func.py", line 42, in __get__
    value = self.fget(obj)
            ^^^^^^^^^^^^^^
  File "D:\Odoo\odoo\odoo\http.py", line 2440, in statics
    for module in os.listdir(addons_path):
                  ^^^^^^^^^^^^^^^^^^^^^^^
FileNotFoundError: [WinError 3] The system cannot find the path specified: 'd:\\odoo\\addons'
2026-07-28 06:19:30,145 2396 INFO ? werkzeug: 127.0.0.1 - - [28/Jul/2026 06:19:30] "GET /hr_holidays/static/description/icon.png HTTP/1.1" 500 - 0 0.000 0.241
2026-07-28 06:19:30,187 2396 ERROR ? odoo.http: Exception during request handling. 
Traceback (most recent call last):
  File "D:\Odoo\odoo\odoo\http.py", line 2572, in __call__
    if self.get_static_file(httprequest.path):
       ^^^^^^^^^^^^^^^^^^^^^^^^^^^^^^^^^^^^^^
  File "D:\Odoo\odoo\odoo\http.py", line 2471, in get_static_file
    if (static != 'static' or not resource or module not in self.statics):
                                                            ^^^^^^^^^^^^
  File "D:\Odoo\odoo\odoo\tools\func.py", line 42, in __get__
    value = self.fget(obj)
            ^^^^^^^^^^^^^^
  File "D:\Odoo\odoo\odoo\http.py", line 2440, in statics
    for module in os.listdir(addons_path):
                  ^^^^^^^^^^^^^^^^^^^^^^^
FileNotFoundError: [WinError 3] The system cannot find the path specified: 'd:\\odoo\\addons'
2026-07-28 06:19:30,189 2396 INFO ? werkzeug: 127.0.0.1 - - [28/Jul/2026 06:19:30] "GET /hr_recruitment/static/description/icon.png HTTP/1.1" 500 - 0 0.000 0.237
2026-07-28 06:19:30,249 2396 ERROR ? odoo.http: Exception during request handling. 
Traceback (most recent call last):
  File "D:\Odoo\odoo\odoo\http.py", line 2572, in __call__
    if self.get_static_file(httprequest.path):
       ^^^^^^^^^^^^^^^^^^^^^^^^^^^^^^^^^^^^^^
  File "D:\Odoo\odoo\odoo\http.py", line 2471, in get_static_file
    if (static != 'static' or not resource or module not in self.statics):
                                                            ^^^^^^^^^^^^
  File "D:\Odoo\odoo\odoo\tools\func.py", line 42, in __get__
    value = self.fget(obj)
            ^^^^^^^^^^^^^^
  File "D:\Odoo\odoo\odoo\http.py", line 2440, in statics
    for module in os.listdir(addons_path):
                  ^^^^^^^^^^^^^^^^^^^^^^^
FileNotFoundError: [WinError 3] The system cannot find the path specified: 'd:\\odoo\\addons'
2026-07-28 06:19:30,250 2396 INFO ? werkzeug: 127.0.0.1 - - [28/Jul/2026 06:19:30] "GET /base/static/img/icons/industry_fsm.png HTTP/1.1" 500 - 0 0.000 0.207
2026-07-28 06:19:30,339 2396 ERROR ? odoo.http: Exception during request handling. 
Traceback (most recent call last):
  File "D:\Odoo\odoo\odoo\http.py", line 2572, in __call__
    if self.get_static_file(httprequest.path):
       ^^^^^^^^^^^^^^^^^^^^^^^^^^^^^^^^^^^^^^
  File "D:\Odoo\odoo\odoo\http.py", line 2471, in get_static_file
    if (static != 'static' or not resource or module not in self.statics):
                                                            ^^^^^^^^^^^^
  File "D:\Odoo\odoo\odoo\tools\func.py", line 42, in __get__
    value = self.fget(obj)
            ^^^^^^^^^^^^^^
  File "D:\Odoo\odoo\odoo\http.py", line 2440, in statics
    for module in os.listdir(addons_path):
                  ^^^^^^^^^^^^^^^^^^^^^^^
FileNotFoundError: [WinError 3] The system cannot find the path specified: 'd:\\odoo\\addons'
2026-07-28 06:19:30,340 2396 INFO ? werkzeug: 127.0.0.1 - - [28/Jul/2026 06:19:30] "GET /hr/static/description/icon.png HTTP/1.1" 500 - 0 0.000 0.168
2026-07-28 06:19:30,433 2396 ERROR ? odoo.http: Exception during request handling. 
Traceback (most recent call last):
  File "D:\Odoo\odoo\odoo\http.py", line 2572, in __call__
    if self.get_static_file(httprequest.path):
       ^^^^^^^^^^^^^^^^^^^^^^^^^^^^^^^^^^^^^^
  File "D:\Odoo\odoo\odoo\http.py", line 2471, in get_static_file
    if (static != 'static' or not resource or module not in self.statics):
                                                            ^^^^^^^^^^^^
  File "D:\Odoo\odoo\odoo\tools\func.py", line 42, in __get__
    value = self.fget(obj)
            ^^^^^^^^^^^^^^
  File "D:\Odoo\odoo\odoo\http.py", line 2440, in statics
    for module in os.listdir(addons_path):
                  ^^^^^^^^^^^^^^^^^^^^^^^
FileNotFoundError: [WinError 3] The system cannot find the path specified: 'd:\\odoo\\addons'
2026-07-28 06:19:30,434 2396 INFO ? werkzeug: 127.0.0.1 - - [28/Jul/2026 06:19:30] "GET /data_recycle/static/description/icon.png HTTP/1.1" 500 - 0 0.000 0.155
2026-07-28 06:19:30,524 2396 ERROR ? odoo.http: Exception during request handling. 
Traceback (most recent call last):
  File "D:\Odoo\odoo\odoo\http.py", line 2572, in __call__
    if self.get_static_file(httprequest.path):
       ^^^^^^^^^^^^^^^^^^^^^^^^^^^^^^^^^^^^^^
  File "D:\Odoo\odoo\odoo\http.py", line 2471, in get_static_file
    if (static != 'static' or not resource or module not in self.statics):
                                                            ^^^^^^^^^^^^
  File "D:\Odoo\odoo\odoo\tools\func.py", line 42, in __get__
    value = self.fget(obj)
            ^^^^^^^^^^^^^^
  File "D:\Odoo\odoo\odoo\http.py", line 2440, in statics
    for module in os.listdir(addons_path):
                  ^^^^^^^^^^^^^^^^^^^^^^^
FileNotFoundError: [WinError 3] The system cannot find the path specified: 'd:\\odoo\\addons'
2026-07-28 06:19:30,526 2396 INFO ? werkzeug: 127.0.0.1 - - [28/Jul/2026 06:19:30] "GET /maintenance/static/description/icon.png HTTP/1.1" 500 - 0 0.000 0.167
2026-07-28 06:19:30,653 2396 ERROR ? odoo.http: Exception during request handling. 
Traceback (most recent call last):
  File "D:\Odoo\odoo\odoo\http.py", line 2572, in __call__
    if self.get_static_file(httprequest.path):
       ^^^^^^^^^^^^^^^^^^^^^^^^^^^^^^^^^^^^^^
  File "D:\Odoo\odoo\odoo\http.py", line 2471, in get_static_file
    if (static != 'static' or not resource or module not in self.statics):
                                                            ^^^^^^^^^^^^
  File "D:\Odoo\odoo\odoo\tools\func.py", line 42, in __get__
    value = self.fget(obj)
            ^^^^^^^^^^^^^^
  File "D:\Odoo\odoo\odoo\http.py", line 2440, in statics
    for module in os.listdir(addons_path):
                  ^^^^^^^^^^^^^^^^^^^^^^^
FileNotFoundError: [WinError 3] The system cannot find the path specified: 'd:\\odoo\\addons'
2026-07-28 06:19:30,655 2396 INFO ? werkzeug: 127.0.0.1 - - [28/Jul/2026 06:19:30] "GET /marketing_card/static/description/icon.png HTTP/1.1" 500 - 0 0.000 0.202
2026-07-28 06:19:30,718 2396 ERROR ? odoo.http: Exception during request handling. 
Traceback (most recent call last):
  File "D:\Odoo\odoo\odoo\http.py", line 2572, in __call__
    if self.get_static_file(httprequest.path):
       ^^^^^^^^^^^^^^^^^^^^^^^^^^^^^^^^^^^^^^
  File "D:\Odoo\odoo\odoo\http.py", line 2471, in get_static_file
    if (static != 'static' or not resource or module not in self.statics):
                                                            ^^^^^^^^^^^^
  File "D:\Odoo\odoo\odoo\tools\func.py", line 42, in __get__
    value = self.fget(obj)
            ^^^^^^^^^^^^^^
  File "D:\Odoo\odoo\odoo\http.py", line 2440, in statics
    for module in os.listdir(addons_path):
                  ^^^^^^^^^^^^^^^^^^^^^^^
FileNotFoundError: [WinError 3] The system cannot find the path specified: 'd:\\odoo\\addons'
2026-07-28 06:19:30,720 2396 INFO ? werkzeug: 127.0.0.1 - - [28/Jul/2026 06:19:30] "GET /mcp_connector/static/description/icon.png HTTP/1.1" 500 - 0 0.000 0.221
2026-07-28 06:19:30,788 2396 ERROR ? odoo.http: Exception during request handling. 
Traceback (most recent call last):
  File "D:\Odoo\odoo\odoo\http.py", line 2572, in __call__
    if self.get_static_file(httprequest.path):
       ^^^^^^^^^^^^^^^^^^^^^^^^^^^^^^^^^^^^^^
  File "D:\Odoo\odoo\odoo\http.py", line 2471, in get_static_file
    if (static != 'static' or not resource or module not in self.statics):
                                                            ^^^^^^^^^^^^
  File "D:\Odoo\odoo\odoo\tools\func.py", line 42, in __get__
    value = self.fget(obj)
            ^^^^^^^^^^^^^^
  File "D:\Odoo\odoo\odoo\http.py", line 2440, in statics
    for module in os.listdir(addons_path):
                  ^^^^^^^^^^^^^^^^^^^^^^^
FileNotFoundError: [WinError 3] The system cannot find the path specified: 'd:\\odoo\\addons'
2026-07-28 06:19:30,789 2396 INFO ? werkzeug: 127.0.0.1 - - [28/Jul/2026 06:19:30] "GET /base/static/description/icon.png HTTP/1.1" 500 - 0 0.000 0.227
2026-07-28 06:19:30,861 2396 ERROR ? odoo.http: Exception during request handling. 
Traceback (most recent call last):
  File "D:\Odoo\odoo\odoo\http.py", line 2572, in __call__
    if self.get_static_file(httprequest.path):
       ^^^^^^^^^^^^^^^^^^^^^^^^^^^^^^^^^^^^^^
  File "D:\Odoo\odoo\odoo\http.py", line 2471, in get_static_file
    if (static != 'static' or not resource or module not in self.statics):
                                                            ^^^^^^^^^^^^
  File "D:\Odoo\odoo\odoo\tools\func.py", line 42, in __get__
    value = self.fget(obj)
            ^^^^^^^^^^^^^^
  File "D:\Odoo\odoo\odoo\http.py", line 2440, in statics
    for module in os.listdir(addons_path):
                  ^^^^^^^^^^^^^^^^^^^^^^^
FileNotFoundError: [WinError 3] The system cannot find the path specified: 'd:\\odoo\\addons'
2026-07-28 06:19:30,862 2396 INFO ? werkzeug: 127.0.0.1 - - [28/Jul/2026 06:19:30] "GET /base/static/img/icons/sign.png HTTP/1.1" 500 - 0 0.000 0.204
2026-07-28 06:19:30,929 2396 ERROR ? odoo.http: Exception during request handling. 
Traceback (most recent call last):
  File "D:\Odoo\odoo\odoo\http.py", line 2572, in __call__
    if self.get_static_file(httprequest.path):
       ^^^^^^^^^^^^^^^^^^^^^^^^^^^^^^^^^^^^^^
  File "D:\Odoo\odoo\odoo\http.py", line 2471, in get_static_file
    if (static != 'static' or not resource or module not in self.statics):
                                                            ^^^^^^^^^^^^
  File "D:\Odoo\odoo\odoo\tools\func.py", line 42, in __get__
    value = self.fget(obj)
            ^^^^^^^^^^^^^^
  File "D:\Odoo\odoo\odoo\http.py", line 2440, in statics
    for module in os.listdir(addons_path):
                  ^^^^^^^^^^^^^^^^^^^^^^^
FileNotFoundError: [WinError 3] The system cannot find the path specified: 'd:\\odoo\\addons'
2026-07-28 06:19:30,930 2396 INFO ? werkzeug: 127.0.0.1 - - [28/Jul/2026 06:19:30] "GET /base/static/img/icons/helpdesk.png HTTP/1.1" 500 - 0 0.000 0.178
2026-07-28 06:19:31,004 2396 ERROR ? odoo.http: Exception during request handling. 
Traceback (most recent call last):
  File "D:\Odoo\odoo\odoo\http.py", line 2572, in __call__
    if self.get_static_file(httprequest.path):
       ^^^^^^^^^^^^^^^^^^^^^^^^^^^^^^^^^^^^^^
  File "D:\Odoo\odoo\odoo\http.py", line 2471, in get_static_file
    if (static != 'static' or not resource or module not in self.statics):
                                                            ^^^^^^^^^^^^
  File "D:\Odoo\odoo\odoo\tools\func.py", line 42, in __get__
    value = self.fget(obj)
            ^^^^^^^^^^^^^^
  File "D:\Odoo\odoo\odoo\http.py", line 2440, in statics
    for module in os.listdir(addons_path):
                  ^^^^^^^^^^^^^^^^^^^^^^^
FileNotFoundError: [WinError 3] The system cannot find the path specified: 'd:\\odoo\\addons'
2026-07-28 06:19:31,005 2396 INFO ? werkzeug: 127.0.0.1 - - [28/Jul/2026 06:19:31] "GET /base/static/img/icons/sale_subscription.png HTTP/1.1" 500 - 0 0.000 0.161
2026-07-28 06:19:31,127 2396 ERROR ? odoo.http: Exception during request handling. 
Traceback (most recent call last):
  File "D:\Odoo\odoo\odoo\http.py", line 2572, in __call__
    if self.get_static_file(httprequest.path):
       ^^^^^^^^^^^^^^^^^^^^^^^^^^^^^^^^^^^^^^
  File "D:\Odoo\odoo\odoo\http.py", line 2471, in get_static_file
    if (static != 'static' or not resource or module not in self.statics):
                                                            ^^^^^^^^^^^^
  File "D:\Odoo\odoo\odoo\tools\func.py", line 42, in __get__
    value = self.fget(obj)
            ^^^^^^^^^^^^^^
  File "D:\Odoo\odoo\odoo\http.py", line 2440, in statics
    for module in os.listdir(addons_path):
                  ^^^^^^^^^^^^^^^^^^^^^^^
FileNotFoundError: [WinError 3] The system cannot find the path specified: 'd:\\odoo\\addons'
2026-07-28 06:19:31,129 2396 INFO ? werkzeug: 127.0.0.1 - - [28/Jul/2026 06:19:31] "GET /base/static/img/icons/quality_control.png HTTP/1.1" 500 - 0 0.000 0.161
2026-07-28 06:19:31,195 2396 ERROR ? odoo.http: Exception during request handling. 
Traceback (most recent call last):
  File "D:\Odoo\odoo\odoo\http.py", line 2572, in __call__
    if self.get_static_file(httprequest.path):
       ^^^^^^^^^^^^^^^^^^^^^^^^^^^^^^^^^^^^^^
  File "D:\Odoo\odoo\odoo\http.py", line 2471, in get_static_file
    if (static != 'static' or not resource or module not in self.statics):
                                                            ^^^^^^^^^^^^
  File "D:\Odoo\odoo\odoo\tools\func.py", line 42, in __get__
    value = self.fget(obj)
            ^^^^^^^^^^^^^^
  File "D:\Odoo\odoo\odoo\http.py", line 2440, in statics
    for module in os.listdir(addons_path):
                  ^^^^^^^^^^^^^^^^^^^^^^^
FileNotFoundError: [WinError 3] The system cannot find the path specified: 'd:\\odoo\\addons'
2026-07-28 06:19:31,196 2396 INFO ? werkzeug: 127.0.0.1 - - [28/Jul/2026 06:19:31] "GET /website_slides/static/description/icon.png HTTP/1.1" 500 - 0 0.000 0.166
2026-07-28 06:19:31,296 2396 ERROR ? odoo.http: Exception during request handling. 
Traceback (most recent call last):
  File "D:\Odoo\odoo\odoo\http.py", line 2572, in __call__
    if self.get_static_file(httprequest.path):
       ^^^^^^^^^^^^^^^^^^^^^^^^^^^^^^^^^^^^^^
  File "D:\Odoo\odoo\odoo\http.py", line 2471, in get_static_file
    if (static != 'static' or not resource or module not in self.statics):
                                                            ^^^^^^^^^^^^
  File "D:\Odoo\odoo\odoo\tools\func.py", line 42, in __get__
    value = self.fget(obj)
            ^^^^^^^^^^^^^^
  File "D:\Odoo\odoo\odoo\http.py", line 2440, in statics
    for module in os.listdir(addons_path):
                  ^^^^^^^^^^^^^^^^^^^^^^^
FileNotFoundError: [WinError 3] The system cannot find the path specified: 'd:\\odoo\\addons'
2026-07-28 06:19:31,297 2396 INFO ? werkzeug: 127.0.0.1 - - [28/Jul/2026 06:19:31] "GET /base/static/img/icons/planning.png HTTP/1.1" 500 - 0 0.000 0.187
2026-07-28 06:19:31,380 2396 ERROR ? odoo.http: Exception during request handling. 
Traceback (most recent call last):
  File "D:\Odoo\odoo\odoo\http.py", line 2572, in __call__
    if self.get_static_file(httprequest.path):
       ^^^^^^^^^^^^^^^^^^^^^^^^^^^^^^^^^^^^^^
  File "D:\Odoo\odoo\odoo\http.py", line 2471, in get_static_file
    if (static != 'static' or not resource or module not in self.statics):
                                                            ^^^^^^^^^^^^
  File "D:\Odoo\odoo\odoo\tools\func.py", line 42, in __get__
    value = self.fget(obj)
            ^^^^^^^^^^^^^^
  File "D:\Odoo\odoo\odoo\http.py", line 2440, in statics
    for module in os.listdir(addons_path):
                  ^^^^^^^^^^^^^^^^^^^^^^^
FileNotFoundError: [WinError 3] The system cannot find the path specified: 'd:\\odoo\\addons'
2026-07-28 06:19:31,381 2396 INFO ? werkzeug: 127.0.0.1 - - [28/Jul/2026 06:19:31] "GET /website_event/static/description/icon.png HTTP/1.1" 500 - 0 0.000 0.207
2026-07-28 06:19:31,450 2396 ERROR ? odoo.http: Exception during request handling. 
Traceback (most recent call last):
  File "D:\Odoo\odoo\odoo\http.py", line 2572, in __call__
    if self.get_static_file(httprequest.path):
       ^^^^^^^^^^^^^^^^^^^^^^^^^^^^^^^^^^^^^^
  File "D:\Odoo\odoo\odoo\http.py", line 2471, in get_static_file
    if (static != 'static' or not resource or module not in self.statics):
                                                            ^^^^^^^^^^^^
  File "D:\Odoo\odoo\odoo\tools\func.py", line 42, in __get__
    value = self.fget(obj)
            ^^^^^^^^^^^^^^
  File "D:\Odoo\odoo\odoo\http.py", line 2440, in statics
    for module in os.listdir(addons_path):
                  ^^^^^^^^^^^^^^^^^^^^^^^
FileNotFoundError: [WinError 3] The system cannot find the path specified: 'd:\\odoo\\addons'
2026-07-28 06:19:31,452 2396 INFO ? werkzeug: 127.0.0.1 - - [28/Jul/2026 06:19:31] "GET /mail/static/description/icon.png HTTP/1.1" 500 - 0 0.000 0.200
2026-07-28 06:19:31,499 2396 ERROR ? odoo.http: Exception during request handling. 
Traceback (most recent call last):
  File "D:\Odoo\odoo\odoo\http.py", line 2572, in __call__
    if self.get_static_file(httprequest.path):
       ^^^^^^^^^^^^^^^^^^^^^^^^^^^^^^^^^^^^^^
  File "D:\Odoo\odoo\odoo\http.py", line 2471, in get_static_file
    if (static != 'static' or not resource or module not in self.statics):
                                                            ^^^^^^^^^^^^
  File "D:\Odoo\odoo\odoo\tools\func.py", line 42, in __get__
    value = self.fget(obj)
            ^^^^^^^^^^^^^^
  File "D:\Odoo\odoo\odoo\http.py", line 2440, in statics
    for module in os.listdir(addons_path):
                  ^^^^^^^^^^^^^^^^^^^^^^^
FileNotFoundError: [WinError 3] The system cannot find the path specified: 'd:\\odoo\\addons'
2026-07-28 06:19:31,501 2396 INFO ? werkzeug: 127.0.0.1 - - [28/Jul/2026 06:19:31] "GET /contacts/static/description/icon.png HTTP/1.1" 500 - 0 0.000 0.187
2026-07-28 06:19:31,617 2396 ERROR ? odoo.http: Exception during request handling. 
Traceback (most recent call last):
  File "D:\Odoo\odoo\odoo\http.py", line 2572, in __call__
    if self.get_static_file(httprequest.path):
       ^^^^^^^^^^^^^^^^^^^^^^^^^^^^^^^^^^^^^^
  File "D:\Odoo\odoo\odoo\http.py", line 2471, in get_static_file
    if (static != 'static' or not resource or module not in self.statics):
                                                            ^^^^^^^^^^^^
  File "D:\Odoo\odoo\odoo\tools\func.py", line 42, in __get__
    value = self.fget(obj)
            ^^^^^^^^^^^^^^
  File "D:\Odoo\odoo\odoo\http.py", line 2440, in statics
    for module in os.listdir(addons_path):
                  ^^^^^^^^^^^^^^^^^^^^^^^
FileNotFoundError: [WinError 3] The system cannot find the path specified: 'd:\\odoo\\addons'
2026-07-28 06:19:31,619 2396 INFO ? werkzeug: 127.0.0.1 - - [28/Jul/2026 06:19:31] "GET /base/static/img/icons/mrp_plm.png HTTP/1.1" 500 - 0 0.000 0.179
2026-07-28 06:19:31,671 2396 ERROR ? odoo.http: Exception during request handling. 
Traceback (most recent call last):
  File "D:\Odoo\odoo\odoo\http.py", line 2572, in __call__
    if self.get_static_file(httprequest.path):
       ^^^^^^^^^^^^^^^^^^^^^^^^^^^^^^^^^^^^^^
  File "D:\Odoo\odoo\odoo\http.py", line 2471, in get_static_file
    if (static != 'static' or not resource or module not in self.statics):
                                                            ^^^^^^^^^^^^
  File "D:\Odoo\odoo\odoo\tools\func.py", line 42, in __get__
    value = self.fget(obj)
            ^^^^^^^^^^^^^^
  File "D:\Odoo\odoo\odoo\http.py", line 2440, in statics
    for module in os.listdir(addons_path):
                  ^^^^^^^^^^^^^^^^^^^^^^^
FileNotFoundError: [WinError 3] The system cannot find the path specified: 'd:\\odoo\\addons'
2026-07-28 06:19:31,672 2396 INFO ? werkzeug: 127.0.0.1 - - [28/Jul/2026 06:19:31] "GET /base/static/img/icons/social.png HTTP/1.1" 500 - 0 0.000 0.169
2026-07-28 06:19:31,779 2396 ERROR ? odoo.http: Exception during request handling. 
Traceback (most recent call last):
  File "D:\Odoo\odoo\odoo\http.py", line 2572, in __call__
    if self.get_static_file(httprequest.path):
       ^^^^^^^^^^^^^^^^^^^^^^^^^^^^^^^^^^^^^^
  File "D:\Odoo\odoo\odoo\http.py", line 2471, in get_static_file
    if (static != 'static' or not resource or module not in self.statics):
                                                            ^^^^^^^^^^^^
  File "D:\Odoo\odoo\odoo\tools\func.py", line 42, in __get__
    value = self.fget(obj)
            ^^^^^^^^^^^^^^
  File "D:\Odoo\odoo\odoo\http.py", line 2440, in statics
    for module in os.listdir(addons_path):
                  ^^^^^^^^^^^^^^^^^^^^^^^
FileNotFoundError: [WinError 3] The system cannot find the path specified: 'd:\\odoo\\addons'
2026-07-28 06:19:31,780 2396 INFO ? werkzeug: 127.0.0.1 - - [28/Jul/2026 06:19:31] "GET /base/static/img/icons/hr_appraisal.png HTTP/1.1" 500 - 0 0.000 0.169
2026-07-28 06:19:31,850 2396 ERROR ? odoo.http: Exception during request handling. 
Traceback (most recent call last):
  File "D:\Odoo\odoo\odoo\http.py", line 2572, in __call__
    if self.get_static_file(httprequest.path):
       ^^^^^^^^^^^^^^^^^^^^^^^^^^^^^^^^^^^^^^
  File "D:\Odoo\odoo\odoo\http.py", line 2471, in get_static_file
    if (static != 'static' or not resource or module not in self.statics):
                                                            ^^^^^^^^^^^^
  File "D:\Odoo\odoo\odoo\tools\func.py", line 42, in __get__
    value = self.fget(obj)
            ^^^^^^^^^^^^^^
  File "D:\Odoo\odoo\odoo\http.py", line 2440, in statics
    for module in os.listdir(addons_path):
                  ^^^^^^^^^^^^^^^^^^^^^^^
FileNotFoundError: [WinError 3] The system cannot find the path specified: 'd:\\odoo\\addons'
2026-07-28 06:19:31,851 2396 INFO ? werkzeug: 127.0.0.1 - - [28/Jul/2026 06:19:31] "GET /fleet/static/description/icon.png HTTP/1.1" 500 - 0 0.000 0.162
2026-07-28 06:19:31,915 2396 ERROR ? odoo.http: Exception during request handling. 
Traceback (most recent call last):
  File "D:\Odoo\odoo\odoo\http.py", line 2572, in __call__
    if self.get_static_file(httprequest.path):
       ^^^^^^^^^^^^^^^^^^^^^^^^^^^^^^^^^^^^^^
  File "D:\Odoo\odoo\odoo\http.py", line 2471, in get_static_file
    if (static != 'static' or not resource or module not in self.statics):
                                                            ^^^^^^^^^^^^
  File "D:\Odoo\odoo\odoo\tools\func.py", line 42, in __get__
    value = self.fget(obj)
            ^^^^^^^^^^^^^^
  File "D:\Odoo\odoo\odoo\http.py", line 2440, in statics
    for module in os.listdir(addons_path):
                  ^^^^^^^^^^^^^^^^^^^^^^^
FileNotFoundError: [WinError 3] The system cannot find the path specified: 'd:\\odoo\\addons'
2026-07-28 06:19:31,916 2396 INFO ? werkzeug: 127.0.0.1 - - [28/Jul/2026 06:19:31] "GET /base/static/img/icons/marketing_automation.png HTTP/1.1" 500 - 0 0.000 0.147
2026-07-28 06:19:39,310 2396 INFO odoo18 werkzeug: 127.0.0.1 - - [28/Jul/2026 06:19:39] "POST /web/dataset/call_kw/ir.module.module/web_search_read HTTP/1.1" 200 - 3 0.003 0.054
2026-07-28 06:19:39,650 2396 ERROR ? odoo.http: Exception during request handling. 
Traceback (most recent call last):
  File "D:\Odoo\odoo\odoo\http.py", line 2572, in __call__
    if self.get_static_file(httprequest.path):
       ^^^^^^^^^^^^^^^^^^^^^^^^^^^^^^^^^^^^^^
  File "D:\Odoo\odoo\odoo\http.py", line 2471, in get_static_file
    if (static != 'static' or not resource or module not in self.statics):
                                                            ^^^^^^^^^^^^
  File "D:\Odoo\odoo\odoo\tools\func.py", line 42, in __get__
    value = self.fget(obj)
            ^^^^^^^^^^^^^^
  File "D:\Odoo\odoo\odoo\http.py", line 2440, in statics
    for module in os.listdir(addons_path):
                  ^^^^^^^^^^^^^^^^^^^^^^^
FileNotFoundError: [WinError 3] The system cannot find the path specified: 'd:\\odoo\\addons'
2026-07-28 06:19:39,651 2396 INFO ? werkzeug: 127.0.0.1 - - [28/Jul/2026 06:19:39] "GET /sale_management/static/description/icon.png HTTP/1.1" 500 - 0 0.000 0.132
2026-07-28 06:19:40,218 2396 ERROR ? odoo.http: Exception during request handling. 
Traceback (most recent call last):
  File "D:\Odoo\odoo\odoo\http.py", line 2572, in __call__
    if self.get_static_file(httprequest.path):
       ^^^^^^^^^^^^^^^^^^^^^^^^^^^^^^^^^^^^^^
  File "D:\Odoo\odoo\odoo\http.py", line 2471, in get_static_file
    if (static != 'static' or not resource or module not in self.statics):
                                                            ^^^^^^^^^^^^
  File "D:\Odoo\odoo\odoo\tools\func.py", line 42, in __get__
    value = self.fget(obj)
            ^^^^^^^^^^^^^^
  File "D:\Odoo\odoo\odoo\http.py", line 2440, in statics
    for module in os.listdir(addons_path):
                  ^^^^^^^^^^^^^^^^^^^^^^^
FileNotFoundError: [WinError 3] The system cannot find the path specified: 'd:\\odoo\\addons'
2026-07-28 06:19:40,221 2396 INFO ? werkzeug: 127.0.0.1 - - [28/Jul/2026 06:19:40] "GET /project/static/description/icon.png HTTP/1.1" 500 - 0 0.000 0.481
2026-07-28 06:19:40,247 2396 ERROR ? odoo.http: Exception during request handling. 
Traceback (most recent call last):
  File "D:\Odoo\odoo\odoo\http.py", line 2572, in __call__
    if self.get_static_file(httprequest.path):
       ^^^^^^^^^^^^^^^^^^^^^^^^^^^^^^^^^^^^^^
  File "D:\Odoo\odoo\odoo\http.py", line 2471, in get_static_file
    if (static != 'static' or not resource or module not in self.statics):
                                                            ^^^^^^^^^^^^
  File "D:\Odoo\odoo\odoo\tools\func.py", line 42, in __get__
    value = self.fget(obj)
            ^^^^^^^^^^^^^^
  File "D:\Odoo\odoo\odoo\http.py", line 2440, in statics
    for module in os.listdir(addons_path):
                  ^^^^^^^^^^^^^^^^^^^^^^^
FileNotFoundError: [WinError 3] The system cannot find the path specified: 'd:\\odoo\\addons'
2026-07-28 06:19:40,250 2396 INFO ? werkzeug: 127.0.0.1 - - [28/Jul/2026 06:19:40] "GET /hr_expense/static/description/icon.png HTTP/1.1" 500 - 0 0.000 0.508
2026-07-28 06:19:40,257 2396 ERROR ? odoo.http: Exception during request handling. 
Traceback (most recent call last):
  File "D:\Odoo\odoo\odoo\http.py", line 2572, in __call__
    if self.get_static_file(httprequest.path):
       ^^^^^^^^^^^^^^^^^^^^^^^^^^^^^^^^^^^^^^
  File "D:\Odoo\odoo\odoo\http.py", line 2471, in get_static_file
    if (static != 'static' or not resource or module not in self.statics):
                                                            ^^^^^^^^^^^^
  File "D:\Odoo\odoo\odoo\tools\func.py", line 42, in __get__
    value = self.fget(obj)
            ^^^^^^^^^^^^^^
  File "D:\Odoo\odoo\odoo\http.py", line 2440, in statics
    for module in os.listdir(addons_path):
                  ^^^^^^^^^^^^^^^^^^^^^^^
FileNotFoundError: [WinError 3] The system cannot find the path specified: 'd:\\odoo\\addons'
2026-07-28 06:19:40,260 2396 INFO ? werkzeug: 127.0.0.1 - - [28/Jul/2026 06:19:40] "GET /point_of_sale/static/description/icon.png HTTP/1.1" 500 - 0 0.000 0.516
2026-07-28 06:19:40,261 2396 ERROR ? odoo.http: Exception during request handling. 
Traceback (most recent call last):
  File "D:\Odoo\odoo\odoo\http.py", line 2572, in __call__
    if self.get_static_file(httprequest.path):
       ^^^^^^^^^^^^^^^^^^^^^^^^^^^^^^^^^^^^^^
  File "D:\Odoo\odoo\odoo\http.py", line 2471, in get_static_file
    if (static != 'static' or not resource or module not in self.statics):
                                                            ^^^^^^^^^^^^
  File "D:\Odoo\odoo\odoo\tools\func.py", line 42, in __get__
    value = self.fget(obj)
            ^^^^^^^^^^^^^^
  File "D:\Odoo\odoo\odoo\http.py", line 2440, in statics
    for module in os.listdir(addons_path):
                  ^^^^^^^^^^^^^^^^^^^^^^^
FileNotFoundError: [WinError 3] The system cannot find the path specified: 'd:\\odoo\\addons'
2026-07-28 06:19:40,262 2396 ERROR ? odoo.http: Exception during request handling. 
Traceback (most recent call last):
  File "D:\Odoo\odoo\odoo\http.py", line 2572, in __call__
    if self.get_static_file(httprequest.path):
       ^^^^^^^^^^^^^^^^^^^^^^^^^^^^^^^^^^^^^^
  File "D:\Odoo\odoo\odoo\http.py", line 2471, in get_static_file
    if (static != 'static' or not resource or module not in self.statics):
                                                            ^^^^^^^^^^^^
  File "D:\Odoo\odoo\odoo\tools\func.py", line 42, in __get__
    value = self.fget(obj)
            ^^^^^^^^^^^^^^
  File "D:\Odoo\odoo\odoo\http.py", line 2440, in statics
    for module in os.listdir(addons_path):
                  ^^^^^^^^^^^^^^^^^^^^^^^
FileNotFoundError: [WinError 3] The system cannot find the path specified: 'd:\\odoo\\addons'
2026-07-28 06:19:40,264 2396 INFO ? werkzeug: 127.0.0.1 - - [28/Jul/2026 06:19:40] "GET /website_sale/static/description/icon.png HTTP/1.1" 500 - 0 0.000 0.523
2026-07-28 06:19:40,266 2396 INFO ? werkzeug: 127.0.0.1 - - [28/Jul/2026 06:19:40] "GET /base/static/img/icons/knowledge.png HTTP/1.1" 500 - 0 0.000 0.527
2026-07-28 06:19:40,339 2396 ERROR ? odoo.http: Exception during request handling. 
Traceback (most recent call last):
  File "D:\Odoo\odoo\odoo\http.py", line 2572, in __call__
    if self.get_static_file(httprequest.path):
       ^^^^^^^^^^^^^^^^^^^^^^^^^^^^^^^^^^^^^^
  File "D:\Odoo\odoo\odoo\http.py", line 2471, in get_static_file
    if (static != 'static' or not resource or module not in self.statics):
                                                            ^^^^^^^^^^^^
  File "D:\Odoo\odoo\odoo\tools\func.py", line 42, in __get__
    value = self.fget(obj)
            ^^^^^^^^^^^^^^
  File "D:\Odoo\odoo\odoo\http.py", line 2440, in statics
    for module in os.listdir(addons_path):
                  ^^^^^^^^^^^^^^^^^^^^^^^
FileNotFoundError: [WinError 3] The system cannot find the path specified: 'd:\\odoo\\addons'
2026-07-28 06:19:40,340 2396 INFO ? werkzeug: 127.0.0.1 - - [28/Jul/2026 06:19:40] "GET /base/static/img/icons/web_studio.png HTTP/1.1" 500 - 0 0.000 0.377
2026-07-28 06:19:40,860 2396 ERROR ? odoo.http: Exception during request handling. 
Traceback (most recent call last):
  File "D:\Odoo\odoo\odoo\http.py", line 2572, in __call__
    if self.get_static_file(httprequest.path):
       ^^^^^^^^^^^^^^^^^^^^^^^^^^^^^^^^^^^^^^
  File "D:\Odoo\odoo\odoo\http.py", line 2471, in get_static_file
    if (static != 'static' or not resource or module not in self.statics):
                                                            ^^^^^^^^^^^^
  File "D:\Odoo\odoo\odoo\tools\func.py", line 42, in __get__
    value = self.fget(obj)
            ^^^^^^^^^^^^^^
  File "D:\Odoo\odoo\odoo\http.py", line 2440, in statics
    for module in os.listdir(addons_path):
                  ^^^^^^^^^^^^^^^^^^^^^^^
FileNotFoundError: [WinError 3] The system cannot find the path specified: 'd:\\odoo\\addons'
2026-07-28 06:19:40,863 2396 INFO ? werkzeug: 127.0.0.1 - - [28/Jul/2026 06:19:40] "GET /purchase/static/description/icon.png HTTP/1.1" 500 - 0 0.000 0.337
2026-07-28 06:19:40,976 2396 ERROR ? odoo.http: Exception during request handling. 
Traceback (most recent call last):
  File "D:\Odoo\odoo\odoo\http.py", line 2572, in __call__
    if self.get_static_file(httprequest.path):
       ^^^^^^^^^^^^^^^^^^^^^^^^^^^^^^^^^^^^^^
  File "D:\Odoo\odoo\odoo\http.py", line 2471, in get_static_file
    if (static != 'static' or not resource or module not in self.statics):
                                                            ^^^^^^^^^^^^
  File "D:\Odoo\odoo\odoo\tools\func.py", line 42, in __get__
    value = self.fget(obj)
            ^^^^^^^^^^^^^^
  File "D:\Odoo\odoo\odoo\http.py", line 2440, in statics
    for module in os.listdir(addons_path):
                  ^^^^^^^^^^^^^^^^^^^^^^^
FileNotFoundError: [WinError 3] The system cannot find the path specified: 'd:\\odoo\\addons'
2026-07-28 06:19:40,979 2396 INFO ? werkzeug: 127.0.0.1 - - [28/Jul/2026 06:19:40] "GET /mass_mailing/static/description/icon.png HTTP/1.1" 500 - 0 0.000 0.420
2026-07-28 06:19:41,045 2396 ERROR ? odoo.http: Exception during request handling. 
Traceback (most recent call last):
  File "D:\Odoo\odoo\odoo\http.py", line 2572, in __call__
    if self.get_static_file(httprequest.path):
       ^^^^^^^^^^^^^^^^^^^^^^^^^^^^^^^^^^^^^^
  File "D:\Odoo\odoo\odoo\http.py", line 2471, in get_static_file
    if (static != 'static' or not resource or module not in self.statics):
                                                            ^^^^^^^^^^^^
  File "D:\Odoo\odoo\odoo\tools\func.py", line 42, in __get__
    value = self.fget(obj)
            ^^^^^^^^^^^^^^
  File "D:\Odoo\odoo\odoo\http.py", line 2440, in statics
    for module in os.listdir(addons_path):
                  ^^^^^^^^^^^^^^^^^^^^^^^
FileNotFoundError: [WinError 3] The system cannot find the path specified: 'd:\\odoo\\addons'
2026-07-28 06:19:41,045 2396 ERROR ? odoo.http: Exception during request handling. 
Traceback (most recent call last):
  File "D:\Odoo\odoo\odoo\http.py", line 2572, in __call__
    if self.get_static_file(httprequest.path):
       ^^^^^^^^^^^^^^^^^^^^^^^^^^^^^^^^^^^^^^
  File "D:\Odoo\odoo\odoo\http.py", line 2471, in get_static_file
    if (static != 'static' or not resource or module not in self.statics):
                                                            ^^^^^^^^^^^^
  File "D:\Odoo\odoo\odoo\tools\func.py", line 42, in __get__
    value = self.fget(obj)
            ^^^^^^^^^^^^^^
  File "D:\Odoo\odoo\odoo\http.py", line 2440, in statics
    for module in os.listdir(addons_path):
                  ^^^^^^^^^^^^^^^^^^^^^^^
FileNotFoundError: [WinError 3] The system cannot find the path specified: 'd:\\odoo\\addons'
2026-07-28 06:19:41,047 2396 INFO ? werkzeug: 127.0.0.1 - - [28/Jul/2026 06:19:41] "GET /mrp/static/description/icon.png HTTP/1.1" 500 - 0 0.000 0.470
2026-07-28 06:19:41,048 2396 ERROR ? odoo.http: Exception during request handling. 
Traceback (most recent call last):
  File "D:\Odoo\odoo\odoo\http.py", line 2572, in __call__
    if self.get_static_file(httprequest.path):
       ^^^^^^^^^^^^^^^^^^^^^^^^^^^^^^^^^^^^^^
  File "D:\Odoo\odoo\odoo\http.py", line 2471, in get_static_file
    if (static != 'static' or not resource or module not in self.statics):
                                                            ^^^^^^^^^^^^
  File "D:\Odoo\odoo\odoo\tools\func.py", line 42, in __get__
    value = self.fget(obj)
            ^^^^^^^^^^^^^^
  File "D:\Odoo\odoo\odoo\http.py", line 2440, in statics
    for module in os.listdir(addons_path):
                  ^^^^^^^^^^^^^^^^^^^^^^^
FileNotFoundError: [WinError 3] The system cannot find the path specified: 'd:\\odoo\\addons'
2026-07-28 06:19:41,050 2396 INFO ? werkzeug: 127.0.0.1 - - [28/Jul/2026 06:19:41] "GET /base/static/img/icons/timesheet_grid.png HTTP/1.1" 500 - 0 0.000 0.474
2026-07-28 06:19:41,052 2396 INFO ? werkzeug: 127.0.0.1 - - [28/Jul/2026 06:19:41] "GET /pos_restaurant/static/description/icon.png HTTP/1.1" 500 - 0 0.000 0.475
2026-07-28 06:19:41,094 2396 ERROR ? odoo.http: Exception during request handling. 
Traceback (most recent call last):
  File "D:\Odoo\odoo\odoo\http.py", line 2572, in __call__
    if self.get_static_file(httprequest.path):
       ^^^^^^^^^^^^^^^^^^^^^^^^^^^^^^^^^^^^^^
  File "D:\Odoo\odoo\odoo\http.py", line 2471, in get_static_file
    if (static != 'static' or not resource or module not in self.statics):
                                                            ^^^^^^^^^^^^
  File "D:\Odoo\odoo\odoo\tools\func.py", line 42, in __get__
    value = self.fget(obj)
            ^^^^^^^^^^^^^^
  File "D:\Odoo\odoo\odoo\http.py", line 2440, in statics
    for module in os.listdir(addons_path):
                  ^^^^^^^^^^^^^^^^^^^^^^^
FileNotFoundError: [WinError 3] The system cannot find the path specified: 'd:\\odoo\\addons'
2026-07-28 06:19:41,095 2396 INFO ? werkzeug: 127.0.0.1 - - [28/Jul/2026 06:19:41] "GET /account/static/description/icon.png HTTP/1.1" 500 - 0 0.000 0.441
2026-07-28 06:19:41,312 2396 ERROR ? odoo.http: Exception during request handling. 
Traceback (most recent call last):
  File "D:\Odoo\odoo\odoo\http.py", line 2572, in __call__
    if self.get_static_file(httprequest.path):
       ^^^^^^^^^^^^^^^^^^^^^^^^^^^^^^^^^^^^^^
  File "D:\Odoo\odoo\odoo\http.py", line 2471, in get_static_file
    if (static != 'static' or not resource or module not in self.statics):
                                                            ^^^^^^^^^^^^
  File "D:\Odoo\odoo\odoo\tools\func.py", line 42, in __get__
    value = self.fget(obj)
            ^^^^^^^^^^^^^^
  File "D:\Odoo\odoo\odoo\http.py", line 2440, in statics
    for module in os.listdir(addons_path):
                  ^^^^^^^^^^^^^^^^^^^^^^^
FileNotFoundError: [WinError 3] The system cannot find the path specified: 'd:\\odoo\\addons'
2026-07-28 06:19:41,314 2396 INFO ? werkzeug: 127.0.0.1 - - [28/Jul/2026 06:19:41] "GET /base/static/img/icons/mrp_workorder.png HTTP/1.1" 500 - 0 0.000 0.133
2026-07-28 06:19:41,536 2396 ERROR ? odoo.http: Exception during request handling. 
Traceback (most recent call last):
  File "D:\Odoo\odoo\odoo\http.py", line 2572, in __call__
    if self.get_static_file(httprequest.path):
       ^^^^^^^^^^^^^^^^^^^^^^^^^^^^^^^^^^^^^^
  File "D:\Odoo\odoo\odoo\http.py", line 2471, in get_static_file
    if (static != 'static' or not resource or module not in self.statics):
                                                            ^^^^^^^^^^^^
  File "D:\Odoo\odoo\odoo\tools\func.py", line 42, in __get__
    value = self.fget(obj)
            ^^^^^^^^^^^^^^
  File "D:\Odoo\odoo\odoo\http.py", line 2440, in statics
    for module in os.listdir(addons_path):
                  ^^^^^^^^^^^^^^^^^^^^^^^
FileNotFoundError: [WinError 3] The system cannot find the path specified: 'd:\\odoo\\addons'
2026-07-28 06:19:41,540 2396 INFO ? werkzeug: 127.0.0.1 - - [28/Jul/2026 06:19:41] "GET /website/static/description/icon.png HTTP/1.1" 500 - 0 0.000 0.248
2026-07-28 06:19:41,713 2396 ERROR ? odoo.http: Exception during request handling. 
Traceback (most recent call last):
  File "D:\Odoo\odoo\odoo\http.py", line 2572, in __call__
    if self.get_static_file(httprequest.path):
       ^^^^^^^^^^^^^^^^^^^^^^^^^^^^^^^^^^^^^^
  File "D:\Odoo\odoo\odoo\http.py", line 2471, in get_static_file
    if (static != 'static' or not resource or module not in self.statics):
                                                            ^^^^^^^^^^^^
  File "D:\Odoo\odoo\odoo\tools\func.py", line 42, in __get__
    value = self.fget(obj)
            ^^^^^^^^^^^^^^
  File "D:\Odoo\odoo\odoo\http.py", line 2440, in statics
    for module in os.listdir(addons_path):
                  ^^^^^^^^^^^^^^^^^^^^^^^
FileNotFoundError: [WinError 3] The system cannot find the path specified: 'd:\\odoo\\addons'
2026-07-28 06:19:41,716 2396 INFO ? werkzeug: 127.0.0.1 - - [28/Jul/2026 06:19:41] "GET /stock/static/description/icon.png HTTP/1.1" 500 - 0 0.000 0.362
2026-07-28 06:19:41,755 2396 ERROR ? odoo.http: Exception during request handling. 
Traceback (most recent call last):
  File "D:\Odoo\odoo\odoo\http.py", line 2572, in __call__
    if self.get_static_file(httprequest.path):
       ^^^^^^^^^^^^^^^^^^^^^^^^^^^^^^^^^^^^^^
  File "D:\Odoo\odoo\odoo\http.py", line 2471, in get_static_file
    if (static != 'static' or not resource or module not in self.statics):
                                                            ^^^^^^^^^^^^
  File "D:\Odoo\odoo\odoo\tools\func.py", line 42, in __get__
    value = self.fget(obj)
            ^^^^^^^^^^^^^^
  File "D:\Odoo\odoo\odoo\http.py", line 2440, in statics
    for module in os.listdir(addons_path):
                  ^^^^^^^^^^^^^^^^^^^^^^^
FileNotFoundError: [WinError 3] The system cannot find the path specified: 'd:\\odoo\\addons'
2026-07-28 06:19:41,758 2396 INFO ? werkzeug: 127.0.0.1 - - [28/Jul/2026 06:19:41] "GET /hr_holidays/static/description/icon.png HTTP/1.1" 500 - 0 0.000 0.386
2026-07-28 06:19:41,764 2396 ERROR ? odoo.http: Exception during request handling. 
Traceback (most recent call last):
  File "D:\Odoo\odoo\odoo\http.py", line 2572, in __call__
    if self.get_static_file(httprequest.path):
       ^^^^^^^^^^^^^^^^^^^^^^^^^^^^^^^^^^^^^^
  File "D:\Odoo\odoo\odoo\http.py", line 2471, in get_static_file
    if (static != 'static' or not resource or module not in self.statics):
                                                            ^^^^^^^^^^^^
  File "D:\Odoo\odoo\odoo\tools\func.py", line 42, in __get__
    value = self.fget(obj)
            ^^^^^^^^^^^^^^
  File "D:\Odoo\odoo\odoo\http.py", line 2440, in statics
    for module in os.listdir(addons_path):
                  ^^^^^^^^^^^^^^^^^^^^^^^
FileNotFoundError: [WinError 3] The system cannot find the path specified: 'd:\\odoo\\addons'
2026-07-28 06:19:41,765 2396 INFO ? werkzeug: 127.0.0.1 - - [28/Jul/2026 06:19:41] "GET /base/static/img/icons/account_accountant.png HTTP/1.1" 500 - 0 0.000 0.395
2026-07-28 06:19:41,801 2396 ERROR ? odoo.http: Exception during request handling. 
Traceback (most recent call last):
  File "D:\Odoo\odoo\odoo\http.py", line 2572, in __call__
    if self.get_static_file(httprequest.path):
       ^^^^^^^^^^^^^^^^^^^^^^^^^^^^^^^^^^^^^^
  File "D:\Odoo\odoo\odoo\http.py", line 2471, in get_static_file
    if (static != 'static' or not resource or module not in self.statics):
                                                            ^^^^^^^^^^^^
  File "D:\Odoo\odoo\odoo\tools\func.py", line 42, in __get__
    value = self.fget(obj)
            ^^^^^^^^^^^^^^
  File "D:\Odoo\odoo\odoo\http.py", line 2440, in statics
    for module in os.listdir(addons_path):
                  ^^^^^^^^^^^^^^^^^^^^^^^
FileNotFoundError: [WinError 3] The system cannot find the path specified: 'd:\\odoo\\addons'
2026-07-28 06:19:41,802 2396 INFO ? werkzeug: 127.0.0.1 - - [28/Jul/2026 06:19:41] "GET /hr_recruitment/static/description/icon.png HTTP/1.1" 500 - 0 0.000 0.384
2026-07-28 06:19:41,874 2396 ERROR ? odoo.http: Exception during request handling. 
Traceback (most recent call last):
  File "D:\Odoo\odoo\odoo\http.py", line 2572, in __call__
    if self.get_static_file(httprequest.path):
       ^^^^^^^^^^^^^^^^^^^^^^^^^^^^^^^^^^^^^^
  File "D:\Odoo\odoo\odoo\http.py", line 2471, in get_static_file
    if (static != 'static' or not resource or module not in self.statics):
                                                            ^^^^^^^^^^^^
  File "D:\Odoo\odoo\odoo\tools\func.py", line 42, in __get__
    value = self.fget(obj)
            ^^^^^^^^^^^^^^
  File "D:\Odoo\odoo\odoo\http.py", line 2440, in statics
    for module in os.listdir(addons_path):
                  ^^^^^^^^^^^^^^^^^^^^^^^
FileNotFoundError: [WinError 3] The system cannot find the path specified: 'd:\\odoo\\addons'
2026-07-28 06:19:41,875 2396 INFO ? werkzeug: 127.0.0.1 - - [28/Jul/2026 06:19:41] "GET /base/static/img/icons/industry_fsm.png HTTP/1.1" 500 - 0 0.000 0.253
2026-07-28 06:19:41,998 2396 ERROR ? odoo.http: Exception during request handling. 
Traceback (most recent call last):
  File "D:\Odoo\odoo\odoo\http.py", line 2572, in __call__
    if self.get_static_file(httprequest.path):
       ^^^^^^^^^^^^^^^^^^^^^^^^^^^^^^^^^^^^^^
  File "D:\Odoo\odoo\odoo\http.py", line 2471, in get_static_file
    if (static != 'static' or not resource or module not in self.statics):
                                                            ^^^^^^^^^^^^
  File "D:\Odoo\odoo\odoo\tools\func.py", line 42, in __get__
    value = self.fget(obj)
            ^^^^^^^^^^^^^^
  File "D:\Odoo\odoo\odoo\http.py", line 2440, in statics
    for module in os.listdir(addons_path):
                  ^^^^^^^^^^^^^^^^^^^^^^^
FileNotFoundError: [WinError 3] The system cannot find the path specified: 'd:\\odoo\\addons'
2026-07-28 06:19:42,000 2396 INFO ? werkzeug: 127.0.0.1 - - [28/Jul/2026 06:19:42] "GET /hr/static/description/icon.png HTTP/1.1" 500 - 0 0.000 0.145
2026-07-28 06:19:42,262 2396 ERROR ? odoo.http: Exception during request handling. 
Traceback (most recent call last):
  File "D:\Odoo\odoo\odoo\http.py", line 2572, in __call__
    if self.get_static_file(httprequest.path):
       ^^^^^^^^^^^^^^^^^^^^^^^^^^^^^^^^^^^^^^
  File "D:\Odoo\odoo\odoo\http.py", line 2471, in get_static_file
    if (static != 'static' or not resource or module not in self.statics):
                                                            ^^^^^^^^^^^^
  File "D:\Odoo\odoo\odoo\tools\func.py", line 42, in __get__
    value = self.fget(obj)
            ^^^^^^^^^^^^^^
  File "D:\Odoo\odoo\odoo\http.py", line 2440, in statics
    for module in os.listdir(addons_path):
                  ^^^^^^^^^^^^^^^^^^^^^^^
FileNotFoundError: [WinError 3] The system cannot find the path specified: 'd:\\odoo\\addons'
2026-07-28 06:19:42,265 2396 INFO ? werkzeug: 127.0.0.1 - - [28/Jul/2026 06:19:42] "GET /data_recycle/static/description/icon.png HTTP/1.1" 500 - 0 0.000 0.237
2026-07-28 06:19:42,397 2396 ERROR ? odoo.http: Exception during request handling. 
Traceback (most recent call last):
  File "D:\Odoo\odoo\odoo\http.py", line 2572, in __call__
    if self.get_static_file(httprequest.path):
       ^^^^^^^^^^^^^^^^^^^^^^^^^^^^^^^^^^^^^^
  File "D:\Odoo\odoo\odoo\http.py", line 2471, in get_static_file
    if (static != 'static' or not resource or module not in self.statics):
                                                            ^^^^^^^^^^^^
  File "D:\Odoo\odoo\odoo\tools\func.py", line 42, in __get__
    value = self.fget(obj)
            ^^^^^^^^^^^^^^
  File "D:\Odoo\odoo\odoo\http.py", line 2440, in statics
    for module in os.listdir(addons_path):
                  ^^^^^^^^^^^^^^^^^^^^^^^
FileNotFoundError: [WinError 3] The system cannot find the path specified: 'd:\\odoo\\addons'
2026-07-28 06:19:42,400 2396 INFO ? werkzeug: 127.0.0.1 - - [28/Jul/2026 06:19:42] "GET /marketing_card/static/description/icon.png HTTP/1.1" 500 - 0 0.000 0.322
2026-07-28 06:19:42,410 2396 ERROR ? odoo.http: Exception during request handling. 
Traceback (most recent call last):
  File "D:\Odoo\odoo\odoo\http.py", line 2572, in __call__
    if self.get_static_file(httprequest.path):
       ^^^^^^^^^^^^^^^^^^^^^^^^^^^^^^^^^^^^^^
  File "D:\Odoo\odoo\odoo\http.py", line 2471, in get_static_file
    if (static != 'static' or not resource or module not in self.statics):
                                                            ^^^^^^^^^^^^
  File "D:\Odoo\odoo\odoo\tools\func.py", line 42, in __get__
    value = self.fget(obj)
            ^^^^^^^^^^^^^^
  File "D:\Odoo\odoo\odoo\http.py", line 2440, in statics
    for module in os.listdir(addons_path):
                  ^^^^^^^^^^^^^^^^^^^^^^^
FileNotFoundError: [WinError 3] The system cannot find the path specified: 'd:\\odoo\\addons'
2026-07-28 06:19:42,412 2396 INFO ? werkzeug: 127.0.0.1 - - [28/Jul/2026 06:19:42] "GET /maintenance/static/description/icon.png HTTP/1.1" 500 - 0 0.000 0.335
2026-07-28 06:19:42,451 2396 ERROR ? odoo.http: Exception during request handling. 
Traceback (most recent call last):
  File "D:\Odoo\odoo\odoo\http.py", line 2572, in __call__
    if self.get_static_file(httprequest.path):
       ^^^^^^^^^^^^^^^^^^^^^^^^^^^^^^^^^^^^^^
  File "D:\Odoo\odoo\odoo\http.py", line 2471, in get_static_file
    if (static != 'static' or not resource or module not in self.statics):
                                                            ^^^^^^^^^^^^
  File "D:\Odoo\odoo\odoo\tools\func.py", line 42, in __get__
    value = self.fget(obj)
            ^^^^^^^^^^^^^^
  File "D:\Odoo\odoo\odoo\http.py", line 2440, in statics
    for module in os.listdir(addons_path):
                  ^^^^^^^^^^^^^^^^^^^^^^^
FileNotFoundError: [WinError 3] The system cannot find the path specified: 'd:\\odoo\\addons'
2026-07-28 06:19:42,453 2396 INFO ? werkzeug: 127.0.0.1 - - [28/Jul/2026 06:19:42] "GET /mcp_connector/static/description/icon.png HTTP/1.1" 500 - 0 0.000 0.345
2026-07-28 06:19:42,497 2396 ERROR ? odoo.http: Exception during request handling. 
Traceback (most recent call last):
  File "D:\Odoo\odoo\odoo\http.py", line 2572, in __call__
    if self.get_static_file(httprequest.path):
       ^^^^^^^^^^^^^^^^^^^^^^^^^^^^^^^^^^^^^^
  File "D:\Odoo\odoo\odoo\http.py", line 2471, in get_static_file
    if (static != 'static' or not resource or module not in self.statics):
                                                            ^^^^^^^^^^^^
  File "D:\Odoo\odoo\odoo\tools\func.py", line 42, in __get__
    value = self.fget(obj)
            ^^^^^^^^^^^^^^
  File "D:\Odoo\odoo\odoo\http.py", line 2440, in statics
    for module in os.listdir(addons_path):
                  ^^^^^^^^^^^^^^^^^^^^^^^
FileNotFoundError: [WinError 3] The system cannot find the path specified: 'd:\\odoo\\addons'
2026-07-28 06:19:42,499 2396 INFO ? werkzeug: 127.0.0.1 - - [28/Jul/2026 06:19:42] "GET /base/static/description/icon.png HTTP/1.1" 500 - 0 0.000 0.310
2026-07-28 06:19:42,547 2396 ERROR ? odoo.http: Exception during request handling. 
Traceback (most recent call last):
  File "D:\Odoo\odoo\odoo\http.py", line 2572, in __call__
    if self.get_static_file(httprequest.path):
       ^^^^^^^^^^^^^^^^^^^^^^^^^^^^^^^^^^^^^^
  File "D:\Odoo\odoo\odoo\http.py", line 2471, in get_static_file
    if (static != 'static' or not resource or module not in self.statics):
                                                            ^^^^^^^^^^^^
  File "D:\Odoo\odoo\odoo\tools\func.py", line 42, in __get__
    value = self.fget(obj)
            ^^^^^^^^^^^^^^
  File "D:\Odoo\odoo\odoo\http.py", line 2440, in statics
    for module in os.listdir(addons_path):
                  ^^^^^^^^^^^^^^^^^^^^^^^
FileNotFoundError: [WinError 3] The system cannot find the path specified: 'd:\\odoo\\addons'
2026-07-28 06:19:42,548 2396 INFO ? werkzeug: 127.0.0.1 - - [28/Jul/2026 06:19:42] "GET /base/static/img/icons/sign.png HTTP/1.1" 500 - 0 0.000 0.233
2026-07-28 06:19:42,717 2396 ERROR ? odoo.http: Exception during request handling. 
Traceback (most recent call last):
  File "D:\Odoo\odoo\odoo\http.py", line 2572, in __call__
    if self.get_static_file(httprequest.path):
       ^^^^^^^^^^^^^^^^^^^^^^^^^^^^^^^^^^^^^^
  File "D:\Odoo\odoo\odoo\http.py", line 2471, in get_static_file
    if (static != 'static' or not resource or module not in self.statics):
                                                            ^^^^^^^^^^^^
  File "D:\Odoo\odoo\odoo\tools\func.py", line 42, in __get__
    value = self.fget(obj)
            ^^^^^^^^^^^^^^
  File "D:\Odoo\odoo\odoo\http.py", line 2440, in statics
    for module in os.listdir(addons_path):
                  ^^^^^^^^^^^^^^^^^^^^^^^
FileNotFoundError: [WinError 3] The system cannot find the path specified: 'd:\\odoo\\addons'
2026-07-28 06:19:42,719 2396 INFO ? werkzeug: 127.0.0.1 - - [28/Jul/2026 06:19:42] "GET /base/static/img/icons/helpdesk.png HTTP/1.1" 500 - 0 0.000 0.136
2026-07-28 06:19:42,975 2396 ERROR ? odoo.http: Exception during request handling. 
Traceback (most recent call last):
  File "D:\Odoo\odoo\odoo\http.py", line 2572, in __call__
    if self.get_static_file(httprequest.path):
       ^^^^^^^^^^^^^^^^^^^^^^^^^^^^^^^^^^^^^^
  File "D:\Odoo\odoo\odoo\http.py", line 2471, in get_static_file
    if (static != 'static' or not resource or module not in self.statics):
                                                            ^^^^^^^^^^^^
  File "D:\Odoo\odoo\odoo\tools\func.py", line 42, in __get__
    value = self.fget(obj)
            ^^^^^^^^^^^^^^
  File "D:\Odoo\odoo\odoo\http.py", line 2440, in statics
    for module in os.listdir(addons_path):
                  ^^^^^^^^^^^^^^^^^^^^^^^
FileNotFoundError: [WinError 3] The system cannot find the path specified: 'd:\\odoo\\addons'
2026-07-28 06:19:42,979 2396 INFO ? werkzeug: 127.0.0.1 - - [28/Jul/2026 06:19:42] "GET /base/static/img/icons/sale_subscription.png HTTP/1.1" 500 - 0 0.000 0.269
2026-07-28 06:19:42,994 2396 ERROR ? odoo.http: Exception during request handling. 
Traceback (most recent call last):
  File "D:\Odoo\odoo\odoo\http.py", line 2572, in __call__
    if self.get_static_file(httprequest.path):
       ^^^^^^^^^^^^^^^^^^^^^^^^^^^^^^^^^^^^^^
  File "D:\Odoo\odoo\odoo\http.py", line 2471, in get_static_file
    if (static != 'static' or not resource or module not in self.statics):
                                                            ^^^^^^^^^^^^
  File "D:\Odoo\odoo\odoo\tools\func.py", line 42, in __get__
    value = self.fget(obj)
            ^^^^^^^^^^^^^^
  File "D:\Odoo\odoo\odoo\http.py", line 2440, in statics
    for module in os.listdir(addons_path):
                  ^^^^^^^^^^^^^^^^^^^^^^^
FileNotFoundError: [WinError 3] The system cannot find the path specified: 'd:\\odoo\\addons'
2026-07-28 06:19:42,996 2396 INFO ? werkzeug: 127.0.0.1 - - [28/Jul/2026 06:19:42] "GET /base/static/img/icons/quality_control.png HTTP/1.1" 500 - 0 0.000 0.276
2026-07-28 06:19:43,087 2396 ERROR ? odoo.http: Exception during request handling. 
Traceback (most recent call last):
  File "D:\Odoo\odoo\odoo\http.py", line 2572, in __call__
    if self.get_static_file(httprequest.path):
       ^^^^^^^^^^^^^^^^^^^^^^^^^^^^^^^^^^^^^^
  File "D:\Odoo\odoo\odoo\http.py", line 2471, in get_static_file
    if (static != 'static' or not resource or module not in self.statics):
                                                            ^^^^^^^^^^^^
  File "D:\Odoo\odoo\odoo\tools\func.py", line 42, in __get__
    value = self.fget(obj)
            ^^^^^^^^^^^^^^
  File "D:\Odoo\odoo\odoo\http.py", line 2440, in statics
    for module in os.listdir(addons_path):
                  ^^^^^^^^^^^^^^^^^^^^^^^
FileNotFoundError: [WinError 3] The system cannot find the path specified: 'd:\\odoo\\addons'
2026-07-28 06:19:43,090 2396 INFO ? werkzeug: 127.0.0.1 - - [28/Jul/2026 06:19:43] "GET /website_slides/static/description/icon.png HTTP/1.1" 500 - 0 0.000 0.316
2026-07-28 06:19:43,130 2396 ERROR ? odoo.http: Exception during request handling. 
Traceback (most recent call last):
  File "D:\Odoo\odoo\odoo\http.py", line 2572, in __call__
    if self.get_static_file(httprequest.path):
       ^^^^^^^^^^^^^^^^^^^^^^^^^^^^^^^^^^^^^^
  File "D:\Odoo\odoo\odoo\http.py", line 2471, in get_static_file
    if (static != 'static' or not resource or module not in self.statics):
                                                            ^^^^^^^^^^^^
  File "D:\Odoo\odoo\odoo\tools\func.py", line 42, in __get__
    value = self.fget(obj)
            ^^^^^^^^^^^^^^
  File "D:\Odoo\odoo\odoo\http.py", line 2440, in statics
    for module in os.listdir(addons_path):
                  ^^^^^^^^^^^^^^^^^^^^^^^
FileNotFoundError: [WinError 3] The system cannot find the path specified: 'd:\\odoo\\addons'
2026-07-28 06:19:43,131 2396 INFO ? werkzeug: 127.0.0.1 - - [28/Jul/2026 06:19:43] "GET /base/static/img/icons/planning.png HTTP/1.1" 500 - 0 0.000 0.324
2026-07-28 06:19:43,168 2396 ERROR ? odoo.http: Exception during request handling. 
Traceback (most recent call last):
  File "D:\Odoo\odoo\odoo\http.py", line 2572, in __call__
    if self.get_static_file(httprequest.path):
       ^^^^^^^^^^^^^^^^^^^^^^^^^^^^^^^^^^^^^^
  File "D:\Odoo\odoo\odoo\http.py", line 2471, in get_static_file
    if (static != 'static' or not resource or module not in self.statics):
                                                            ^^^^^^^^^^^^
  File "D:\Odoo\odoo\odoo\tools\func.py", line 42, in __get__
    value = self.fget(obj)
            ^^^^^^^^^^^^^^
  File "D:\Odoo\odoo\odoo\http.py", line 2440, in statics
    for module in os.listdir(addons_path):
                  ^^^^^^^^^^^^^^^^^^^^^^^
FileNotFoundError: [WinError 3] The system cannot find the path specified: 'd:\\odoo\\addons'
2026-07-28 06:19:43,170 2396 INFO ? werkzeug: 127.0.0.1 - - [28/Jul/2026 06:19:43] "GET /website_event/static/description/icon.png HTTP/1.1" 500 - 0 0.000 0.300
2026-07-28 06:19:43,225 2396 ERROR ? odoo.http: Exception during request handling. 
Traceback (most recent call last):
  File "D:\Odoo\odoo\odoo\http.py", line 2572, in __call__
    if self.get_static_file(httprequest.path):
       ^^^^^^^^^^^^^^^^^^^^^^^^^^^^^^^^^^^^^^
  File "D:\Odoo\odoo\odoo\http.py", line 2471, in get_static_file
    if (static != 'static' or not resource or module not in self.statics):
                                                            ^^^^^^^^^^^^
  File "D:\Odoo\odoo\odoo\tools\func.py", line 42, in __get__
    value = self.fget(obj)
            ^^^^^^^^^^^^^^
  File "D:\Odoo\odoo\odoo\http.py", line 2440, in statics
    for module in os.listdir(addons_path):
                  ^^^^^^^^^^^^^^^^^^^^^^^
FileNotFoundError: [WinError 3] The system cannot find the path specified: 'd:\\odoo\\addons'
2026-07-28 06:19:43,226 2396 INFO ? werkzeug: 127.0.0.1 - - [28/Jul/2026 06:19:43] "GET /mail/static/description/icon.png HTTP/1.1" 500 - 0 0.000 0.201
2026-07-28 06:19:43,458 2396 ERROR ? odoo.http: Exception during request handling. 
Traceback (most recent call last):
  File "D:\Odoo\odoo\odoo\http.py", line 2572, in __call__
    if self.get_static_file(httprequest.path):
       ^^^^^^^^^^^^^^^^^^^^^^^^^^^^^^^^^^^^^^
  File "D:\Odoo\odoo\odoo\http.py", line 2471, in get_static_file
    if (static != 'static' or not resource or module not in self.statics):
                                                            ^^^^^^^^^^^^
  File "D:\Odoo\odoo\odoo\tools\func.py", line 42, in __get__
    value = self.fget(obj)
            ^^^^^^^^^^^^^^
  File "D:\Odoo\odoo\odoo\http.py", line 2440, in statics
    for module in os.listdir(addons_path):
                  ^^^^^^^^^^^^^^^^^^^^^^^
FileNotFoundError: [WinError 3] The system cannot find the path specified: 'd:\\odoo\\addons'
2026-07-28 06:19:43,460 2396 INFO ? werkzeug: 127.0.0.1 - - [28/Jul/2026 06:19:43] "GET /contacts/static/description/icon.png HTTP/1.1" 500 - 0 0.000 0.169
2026-07-28 06:19:43,494 2396 ERROR ? odoo.http: Exception during request handling. 
Traceback (most recent call last):
  File "D:\Odoo\odoo\odoo\http.py", line 2572, in __call__
    if self.get_static_file(httprequest.path):
       ^^^^^^^^^^^^^^^^^^^^^^^^^^^^^^^^^^^^^^
  File "D:\Odoo\odoo\odoo\http.py", line 2471, in get_static_file
    if (static != 'static' or not resource or module not in self.statics):
                                                            ^^^^^^^^^^^^
  File "D:\Odoo\odoo\odoo\tools\func.py", line 42, in __get__
    value = self.fget(obj)
            ^^^^^^^^^^^^^^
  File "D:\Odoo\odoo\odoo\http.py", line 2440, in statics
    for module in os.listdir(addons_path):
                  ^^^^^^^^^^^^^^^^^^^^^^^
FileNotFoundError: [WinError 3] The system cannot find the path specified: 'd:\\odoo\\addons'
2026-07-28 06:19:43,496 2396 INFO ? werkzeug: 127.0.0.1 - - [28/Jul/2026 06:19:43] "GET /base/static/img/icons/mrp_plm.png HTTP/1.1" 500 - 0 0.000 0.190
2026-07-28 06:19:43,665 2396 ERROR ? odoo.http: Exception during request handling. 
Traceback (most recent call last):
  File "D:\Odoo\odoo\odoo\http.py", line 2572, in __call__
    if self.get_static_file(httprequest.path):
       ^^^^^^^^^^^^^^^^^^^^^^^^^^^^^^^^^^^^^^
  File "D:\Odoo\odoo\odoo\http.py", line 2471, in get_static_file
    if (static != 'static' or not resource or module not in self.statics):
                                                            ^^^^^^^^^^^^
  File "D:\Odoo\odoo\odoo\tools\func.py", line 42, in __get__
    value = self.fget(obj)
            ^^^^^^^^^^^^^^
  File "D:\Odoo\odoo\odoo\http.py", line 2440, in statics
    for module in os.listdir(addons_path):
                  ^^^^^^^^^^^^^^^^^^^^^^^
FileNotFoundError: [WinError 3] The system cannot find the path specified: 'd:\\odoo\\addons'
2026-07-28 06:19:43,667 2396 INFO ? werkzeug: 127.0.0.1 - - [28/Jul/2026 06:19:43] "GET /base/static/img/icons/social.png HTTP/1.1" 500 - 0 0.000 0.266
2026-07-28 06:19:43,722 2396 ERROR ? odoo.http: Exception during request handling. 
Traceback (most recent call last):
  File "D:\Odoo\odoo\odoo\http.py", line 2572, in __call__
    if self.get_static_file(httprequest.path):
       ^^^^^^^^^^^^^^^^^^^^^^^^^^^^^^^^^^^^^^
  File "D:\Odoo\odoo\odoo\http.py", line 2471, in get_static_file
    if (static != 'static' or not resource or module not in self.statics):
                                                            ^^^^^^^^^^^^
  File "D:\Odoo\odoo\odoo\tools\func.py", line 42, in __get__
    value = self.fget(obj)
            ^^^^^^^^^^^^^^
  File "D:\Odoo\odoo\odoo\http.py", line 2440, in statics
    for module in os.listdir(addons_path):
                  ^^^^^^^^^^^^^^^^^^^^^^^
FileNotFoundError: [WinError 3] The system cannot find the path specified: 'd:\\odoo\\addons'
2026-07-28 06:19:43,723 2396 INFO ? werkzeug: 127.0.0.1 - - [28/Jul/2026 06:19:43] "GET /base/static/img/icons/hr_appraisal.png HTTP/1.1" 500 - 0 0.000 0.274
2026-07-28 06:19:43,740 2396 ERROR ? odoo.http: Exception during request handling. 
Traceback (most recent call last):
  File "D:\Odoo\odoo\odoo\http.py", line 2572, in __call__
    if self.get_static_file(httprequest.path):
       ^^^^^^^^^^^^^^^^^^^^^^^^^^^^^^^^^^^^^^
  File "D:\Odoo\odoo\odoo\http.py", line 2471, in get_static_file
    if (static != 'static' or not resource or module not in self.statics):
                                                            ^^^^^^^^^^^^
  File "D:\Odoo\odoo\odoo\tools\func.py", line 42, in __get__
    value = self.fget(obj)
            ^^^^^^^^^^^^^^
  File "D:\Odoo\odoo\odoo\http.py", line 2440, in statics
    for module in os.listdir(addons_path):
                  ^^^^^^^^^^^^^^^^^^^^^^^
FileNotFoundError: [WinError 3] The system cannot find the path specified: 'd:\\odoo\\addons'
2026-07-28 06:19:43,741 2396 INFO ? werkzeug: 127.0.0.1 - - [28/Jul/2026 06:19:43] "GET /fleet/static/description/icon.png HTTP/1.1" 500 - 0 0.000 0.262
2026-07-28 06:19:43,781 2396 ERROR ? odoo.http: Exception during request handling. 
Traceback (most recent call last):
  File "D:\Odoo\odoo\odoo\http.py", line 2572, in __call__
    if self.get_static_file(httprequest.path):
       ^^^^^^^^^^^^^^^^^^^^^^^^^^^^^^^^^^^^^^
  File "D:\Odoo\odoo\odoo\http.py", line 2471, in get_static_file
    if (static != 'static' or not resource or module not in self.statics):
                                                            ^^^^^^^^^^^^
  File "D:\Odoo\odoo\odoo\tools\func.py", line 42, in __get__
    value = self.fget(obj)
            ^^^^^^^^^^^^^^
  File "D:\Odoo\odoo\odoo\http.py", line 2440, in statics
    for module in os.listdir(addons_path):
                  ^^^^^^^^^^^^^^^^^^^^^^^
FileNotFoundError: [WinError 3] The system cannot find the path specified: 'd:\\odoo\\addons'
2026-07-28 06:19:43,783 2396 INFO ? werkzeug: 127.0.0.1 - - [28/Jul/2026 06:19:43] "GET /base/static/img/icons/marketing_automation.png HTTP/1.1" 500 - 0 0.000 0.240
2026-07-28 06:19:43,924 2396 ERROR ? odoo.http: Exception during request handling. 
Traceback (most recent call last):
  File "D:\Odoo\odoo\odoo\http.py", line 2572, in __call__
    if self.get_static_file(httprequest.path):
       ^^^^^^^^^^^^^^^^^^^^^^^^^^^^^^^^^^^^^^
  File "D:\Odoo\odoo\odoo\http.py", line 2471, in get_static_file
    if (static != 'static' or not resource or module not in self.statics):
                                                            ^^^^^^^^^^^^
  File "D:\Odoo\odoo\odoo\tools\func.py", line 42, in __get__
    value = self.fget(obj)
            ^^^^^^^^^^^^^^
  File "D:\Odoo\odoo\odoo\http.py", line 2440, in statics
    for module in os.listdir(addons_path):
                  ^^^^^^^^^^^^^^^^^^^^^^^
FileNotFoundError: [WinError 3] The system cannot find the path specified: 'd:\\odoo\\addons'
2026-07-28 06:19:43,925 2396 INFO ? werkzeug: 127.0.0.1 - - [28/Jul/2026 06:19:43] "GET /im_livechat/static/description/icon.png HTTP/1.1" 500 - 0 0.000 0.144
2026-07-28 06:19:43,957 2396 ERROR ? odoo.http: Exception during request handling. 
Traceback (most recent call last):
  File "D:\Odoo\odoo\odoo\http.py", line 2572, in __call__
    if self.get_static_file(httprequest.path):
       ^^^^^^^^^^^^^^^^^^^^^^^^^^^^^^^^^^^^^^
  File "D:\Odoo\odoo\odoo\http.py", line 2471, in get_static_file
    if (static != 'static' or not resource or module not in self.statics):
                                                            ^^^^^^^^^^^^
  File "D:\Odoo\odoo\odoo\tools\func.py", line 42, in __get__
    value = self.fget(obj)
            ^^^^^^^^^^^^^^
  File "D:\Odoo\odoo\odoo\http.py", line 2440, in statics
    for module in os.listdir(addons_path):
                  ^^^^^^^^^^^^^^^^^^^^^^^
FileNotFoundError: [WinError 3] The system cannot find the path specified: 'd:\\odoo\\addons'
2026-07-28 06:19:43,958 2396 INFO ? werkzeug: 127.0.0.1 - - [28/Jul/2026 06:19:43] "GET /base/static/img/icons/appointment.png HTTP/1.1" 500 - 0 0.000 0.146
2026-07-28 06:19:44,185 2396 ERROR ? odoo.http: Exception during request handling. 
Traceback (most recent call last):
  File "D:\Odoo\odoo\odoo\http.py", line 2572, in __call__
    if self.get_static_file(httprequest.path):
       ^^^^^^^^^^^^^^^^^^^^^^^^^^^^^^^^^^^^^^
  File "D:\Odoo\odoo\odoo\http.py", line 2471, in get_static_file
    if (static != 'static' or not resource or module not in self.statics):
                                                            ^^^^^^^^^^^^
  File "D:\Odoo\odoo\odoo\tools\func.py", line 42, in __get__
    value = self.fget(obj)
            ^^^^^^^^^^^^^^
  File "D:\Odoo\odoo\odoo\http.py", line 2440, in statics
    for module in os.listdir(addons_path):
                  ^^^^^^^^^^^^^^^^^^^^^^^
FileNotFoundError: [WinError 3] The system cannot find the path specified: 'd:\\odoo\\addons'
2026-07-28 06:19:44,187 2396 INFO ? werkzeug: 127.0.0.1 - - [28/Jul/2026 06:19:44] "GET /survey/static/description/icon.png HTTP/1.1" 500 - 0 0.000 0.200
2026-07-28 06:19:44,294 2396 ERROR ? odoo.http: Exception during request handling. 
Traceback (most recent call last):
  File "D:\Odoo\odoo\odoo\http.py", line 2572, in __call__
    if self.get_static_file(httprequest.path):
       ^^^^^^^^^^^^^^^^^^^^^^^^^^^^^^^^^^^^^^
  File "D:\Odoo\odoo\odoo\http.py", line 2471, in get_static_file
    if (static != 'static' or not resource or module not in self.statics):
                                                            ^^^^^^^^^^^^
  File "D:\Odoo\odoo\odoo\tools\func.py", line 42, in __get__
    value = self.fget(obj)
            ^^^^^^^^^^^^^^
  File "D:\Odoo\odoo\odoo\http.py", line 2440, in statics
    for module in os.listdir(addons_path):
                  ^^^^^^^^^^^^^^^^^^^^^^^
FileNotFoundError: [WinError 3] The system cannot find the path specified: 'd:\\odoo\\addons'
2026-07-28 06:19:44,296 2396 INFO ? werkzeug: 127.0.0.1 - - [28/Jul/2026 06:19:44] "GET /base/static/img/icons/web_mobile.png HTTP/1.1" 500 - 0 0.000 0.261
2026-07-28 06:19:44,337 2396 ERROR ? odoo.http: Exception during request handling. 
Traceback (most recent call last):
  File "D:\Odoo\odoo\odoo\http.py", line 2572, in __call__
    if self.get_static_file(httprequest.path):
       ^^^^^^^^^^^^^^^^^^^^^^^^^^^^^^^^^^^^^^
  File "D:\Odoo\odoo\odoo\http.py", line 2471, in get_static_file
    if (static != 'static' or not resource or module not in self.statics):
                                                            ^^^^^^^^^^^^
  File "D:\Odoo\odoo\odoo\tools\func.py", line 42, in __get__
    value = self.fget(obj)
            ^^^^^^^^^^^^^^
  File "D:\Odoo\odoo\odoo\http.py", line 2440, in statics
    for module in os.listdir(addons_path):
                  ^^^^^^^^^^^^^^^^^^^^^^^
FileNotFoundError: [WinError 3] The system cannot find the path specified: 'd:\\odoo\\addons'
2026-07-28 06:19:44,339 2396 INFO ? werkzeug: 127.0.0.1 - - [28/Jul/2026 06:19:44] "GET /repair/static/description/icon.png HTTP/1.1" 500 - 0 0.000 0.289
2026-07-28 06:19:44,393 2396 ERROR ? odoo.http: Exception during request handling. 
Traceback (most recent call last):
  File "D:\Odoo\odoo\odoo\http.py", line 2572, in __call__
    if self.get_static_file(httprequest.path):
       ^^^^^^^^^^^^^^^^^^^^^^^^^^^^^^^^^^^^^^
  File "D:\Odoo\odoo\odoo\http.py", line 2471, in get_static_file
    if (static != 'static' or not resource or module not in self.statics):
                                                            ^^^^^^^^^^^^
  File "D:\Odoo\odoo\odoo\tools\func.py", line 42, in __get__
    value = self.fget(obj)
            ^^^^^^^^^^^^^^
  File "D:\Odoo\odoo\odoo\http.py", line 2440, in statics
    for module in os.listdir(addons_path):
                  ^^^^^^^^^^^^^^^^^^^^^^^
FileNotFoundError: [WinError 3] The system cannot find the path specified: 'd:\\odoo\\addons'
2026-07-28 06:19:44,395 2396 INFO ? werkzeug: 127.0.0.1 - - [28/Jul/2026 06:19:44] "GET /hr_attendance/static/description/icon.png HTTP/1.1" 500 - 0 0.000 0.296
2026-07-28 06:19:44,466 2396 ERROR ? odoo.http: Exception during request handling. 
Traceback (most recent call last):
  File "D:\Odoo\odoo\odoo\http.py", line 2572, in __call__
    if self.get_static_file(httprequest.path):
       ^^^^^^^^^^^^^^^^^^^^^^^^^^^^^^^^^^^^^^
  File "D:\Odoo\odoo\odoo\http.py", line 2471, in get_static_file
    if (static != 'static' or not resource or module not in self.statics):
                                                            ^^^^^^^^^^^^
  File "D:\Odoo\odoo\odoo\tools\func.py", line 42, in __get__
    value = self.fget(obj)
            ^^^^^^^^^^^^^^
  File "D:\Odoo\odoo\odoo\http.py", line 2440, in statics
    for module in os.listdir(addons_path):
                  ^^^^^^^^^^^^^^^^^^^^^^^
FileNotFoundError: [WinError 3] The system cannot find the path specified: 'd:\\odoo\\addons'
2026-07-28 06:19:44,468 2396 INFO ? werkzeug: 127.0.0.1 - - [28/Jul/2026 06:19:44] "GET /mass_mailing_sms/static/description/icon.png HTTP/1.1" 500 - 0 0.000 0.229
2026-07-28 06:19:44,486 2396 ERROR ? odoo.http: Exception during request handling. 
Traceback (most recent call last):
  File "D:\Odoo\odoo\odoo\http.py", line 2572, in __call__
    if self.get_static_file(httprequest.path):
       ^^^^^^^^^^^^^^^^^^^^^^^^^^^^^^^^^^^^^^
  File "D:\Odoo\odoo\odoo\http.py", line 2471, in get_static_file
    if (static != 'static' or not resource or module not in self.statics):
                                                            ^^^^^^^^^^^^
  File "D:\Odoo\odoo\odoo\tools\func.py", line 42, in __get__
    value = self.fget(obj)
            ^^^^^^^^^^^^^^
  File "D:\Odoo\odoo\odoo\http.py", line 2440, in statics
    for module in os.listdir(addons_path):
                  ^^^^^^^^^^^^^^^^^^^^^^^
FileNotFoundError: [WinError 3] The system cannot find the path specified: 'd:\\odoo\\addons'
2026-07-28 06:19:44,487 2396 INFO ? werkzeug: 127.0.0.1 - - [28/Jul/2026 06:19:44] "GET /base/static/img/icons/stock_barcode.png HTTP/1.1" 500 - 0 0.000 0.217
2026-07-28 06:19:44,617 2396 ERROR ? odoo.http: Exception during request handling. 
Traceback (most recent call last):
  File "D:\Odoo\odoo\odoo\http.py", line 2572, in __call__
    if self.get_static_file(httprequest.path):
       ^^^^^^^^^^^^^^^^^^^^^^^^^^^^^^^^^^^^^^
  File "D:\Odoo\odoo\odoo\http.py", line 2471, in get_static_file
    if (static != 'static' or not resource or module not in self.statics):
                                                            ^^^^^^^^^^^^
  File "D:\Odoo\odoo\odoo\tools\func.py", line 42, in __get__
    value = self.fget(obj)
            ^^^^^^^^^^^^^^
  File "D:\Odoo\odoo\odoo\http.py", line 2440, in statics
    for module in os.listdir(addons_path):
                  ^^^^^^^^^^^^^^^^^^^^^^^
FileNotFoundError: [WinError 3] The system cannot find the path specified: 'd:\\odoo\\addons'
2026-07-28 06:19:44,619 2396 INFO ? werkzeug: 127.0.0.1 - - [28/Jul/2026 06:19:44] "GET /project_todo/static/description/icon.png HTTP/1.1" 500 - 0 0.000 0.128
2026-07-28 06:19:44,794 2396 ERROR ? odoo.http: Exception during request handling. 
Traceback (most recent call last):
  File "D:\Odoo\odoo\odoo\http.py", line 2572, in __call__
    if self.get_static_file(httprequest.path):
       ^^^^^^^^^^^^^^^^^^^^^^^^^^^^^^^^^^^^^^
  File "D:\Odoo\odoo\odoo\http.py", line 2471, in get_static_file
    if (static != 'static' or not resource or module not in self.statics):
                                                            ^^^^^^^^^^^^
  File "D:\Odoo\odoo\odoo\tools\func.py", line 42, in __get__
    value = self.fget(obj)
            ^^^^^^^^^^^^^^
  File "D:\Odoo\odoo\odoo\http.py", line 2440, in statics
    for module in os.listdir(addons_path):
                  ^^^^^^^^^^^^^^^^^^^^^^^
FileNotFoundError: [WinError 3] The system cannot find the path specified: 'd:\\odoo\\addons'
2026-07-28 06:19:44,797 2396 INFO ? werkzeug: 127.0.0.1 - - [28/Jul/2026 06:19:44] "GET /hr_skills/static/description/icon.png HTTP/1.1" 500 - 0 0.000 0.182
2026-07-28 06:19:44,856 2396 ERROR ? odoo.http: Exception during request handling. 
Traceback (most recent call last):
  File "D:\Odoo\odoo\odoo\http.py", line 2572, in __call__
    if self.get_static_file(httprequest.path):
       ^^^^^^^^^^^^^^^^^^^^^^^^^^^^^^^^^^^^^^
  File "D:\Odoo\odoo\odoo\http.py", line 2471, in get_static_file
    if (static != 'static' or not resource or module not in self.statics):
                                                            ^^^^^^^^^^^^
  File "D:\Odoo\odoo\odoo\tools\func.py", line 42, in __get__
    value = self.fget(obj)
            ^^^^^^^^^^^^^^
  File "D:\Odoo\odoo\odoo\http.py", line 2440, in statics
    for module in os.listdir(addons_path):
                  ^^^^^^^^^^^^^^^^^^^^^^^
FileNotFoundError: [WinError 3] The system cannot find the path specified: 'd:\\odoo\\addons'
2026-07-28 06:19:44,858 2396 INFO ? werkzeug: 127.0.0.1 - - [28/Jul/2026 06:19:44] "GET /base/static/img/icons/voip.png HTTP/1.1" 500 - 0 0.000 0.211
2026-07-28 06:19:44,961 2396 ERROR ? odoo.http: Exception during request handling. 
Traceback (most recent call last):
  File "D:\Odoo\odoo\odoo\http.py", line 2572, in __call__
    if self.get_static_file(httprequest.path):
       ^^^^^^^^^^^^^^^^^^^^^^^^^^^^^^^^^^^^^^
  File "D:\Odoo\odoo\odoo\http.py", line 2471, in get_static_file
    if (static != 'static' or not resource or module not in self.statics):
                                                            ^^^^^^^^^^^^
  File "D:\Odoo\odoo\odoo\tools\func.py", line 42, in __get__
    value = self.fget(obj)
            ^^^^^^^^^^^^^^
  File "D:\Odoo\odoo\odoo\http.py", line 2440, in statics
    for module in os.listdir(addons_path):
                  ^^^^^^^^^^^^^^^^^^^^^^^
FileNotFoundError: [WinError 3] The system cannot find the path specified: 'd:\\odoo\\addons'
2026-07-28 06:19:44,962 2396 INFO ? werkzeug: 127.0.0.1 - - [28/Jul/2026 06:19:44] "GET /lunch/static/description/icon.png HTTP/1.1" 500 - 0 0.000 0.251
2026-07-28 06:19:45,036 2396 ERROR ? odoo.http: Exception during request handling. 
Traceback (most recent call last):
  File "D:\Odoo\odoo\odoo\http.py", line 2572, in __call__
    if self.get_static_file(httprequest.path):
       ^^^^^^^^^^^^^^^^^^^^^^^^^^^^^^^^^^^^^^
  File "D:\Odoo\odoo\odoo\http.py", line 2471, in get_static_file
    if (static != 'static' or not resource or module not in self.statics):
                                                            ^^^^^^^^^^^^
  File "D:\Odoo\odoo\odoo\tools\func.py", line 42, in __get__
    value = self.fget(obj)
            ^^^^^^^^^^^^^^
  File "D:\Odoo\odoo\odoo\http.py", line 2440, in statics
    for module in os.listdir(addons_path):
                  ^^^^^^^^^^^^^^^^^^^^^^^
FileNotFoundError: [WinError 3] The system cannot find the path specified: 'd:\\odoo\\addons'
2026-07-28 06:19:45,037 2396 INFO ? werkzeug: 127.0.0.1 - - [28/Jul/2026 06:19:45] "GET /website_hr_recruitment/static/description/icon.png HTTP/1.1" 500 - 0 0.000 0.260
2026-07-28 06:19:45,050 2396 ERROR ? odoo.http: Exception during request handling. 
Traceback (most recent call last):
  File "D:\Odoo\odoo\odoo\http.py", line 2572, in __call__
    if self.get_static_file(httprequest.path):
       ^^^^^^^^^^^^^^^^^^^^^^^^^^^^^^^^^^^^^^
  File "D:\Odoo\odoo\odoo\http.py", line 2471, in get_static_file
    if (static != 'static' or not resource or module not in self.statics):
                                                            ^^^^^^^^^^^^
  File "D:\Odoo\odoo\odoo\tools\func.py", line 42, in __get__
    value = self.fget(obj)
            ^^^^^^^^^^^^^^
  File "D:\Odoo\odoo\odoo\http.py", line 2440, in statics
    for module in os.listdir(addons_path):
                  ^^^^^^^^^^^^^^^^^^^^^^^
FileNotFoundError: [WinError 3] The system cannot find the path specified: 'd:\\odoo\\addons'
2026-07-28 06:19:45,052 2396 INFO ? werkzeug: 127.0.0.1 - - [28/Jul/2026 06:19:45] "GET /base/static/img/icons/sale_amazon.png HTTP/1.1" 500 - 0 0.000 0.251
2026-07-28 06:19:45,130 2396 ERROR ? odoo.http: Exception during request handling. 
Traceback (most recent call last):
  File "D:\Odoo\odoo\odoo\http.py", line 2572, in __call__
    if self.get_static_file(httprequest.path):
       ^^^^^^^^^^^^^^^^^^^^^^^^^^^^^^^^^^^^^^
  File "D:\Odoo\odoo\odoo\http.py", line 2471, in get_static_file
    if (static != 'static' or not resource or module not in self.statics):
                                                            ^^^^^^^^^^^^
  File "D:\Odoo\odoo\odoo\tools\func.py", line 42, in __get__
    value = self.fget(obj)
            ^^^^^^^^^^^^^^
  File "D:\Odoo\odoo\odoo\http.py", line 2440, in statics
    for module in os.listdir(addons_path):
                  ^^^^^^^^^^^^^^^^^^^^^^^
FileNotFoundError: [WinError 3] The system cannot find the path specified: 'd:\\odoo\\addons'
2026-07-28 06:19:45,131 2396 INFO ? werkzeug: 127.0.0.1 - - [28/Jul/2026 06:19:45] "GET /hr_contract/static/description/icon.png HTTP/1.1" 500 - 0 0.000 0.195
2026-07-28 06:26:01,896 2396 INFO odoo18 werkzeug: 127.0.0.1 - - [28/Jul/2026 06:26:01] "POST /mcp HTTP/1.1" 404 - 65 0.038 0.593
2026-07-28 06:26:01,914 2396 INFO odoo18 werkzeug: 127.0.0.1 - - [28/Jul/2026 06:26:01] "GET /.well-known/oauth-protected-resource/mcp HTTP/1.1" 404 - 9 0.003 0.011
2026-07-28 06:26:01,931 2396 INFO odoo18 werkzeug: 127.0.0.1 - - [28/Jul/2026 06:26:01] "GET /.well-known/oauth-protected-resource HTTP/1.1" 404 - 9 0.002 0.012
2026-07-28 06:27:29,463 1672 INFO ? odoo.sql_db: Connection to the database failed 
2026-07-28 06:27:52,508 6980 ERROR ? odoo.sql_db: bad query: b"SELECT id, name, model, inherit_id, arch_db FROM ir_ui_view WHERE arch_db LIKE '%mcp_enabled%';"
ERROR: operator does not exist: jsonb ~~ unknown
LINE 1: ...inherit_id, arch_db FROM ir_ui_view WHERE arch_db LIKE '%mcp...
                                                             ^
HINT:  No operator matches the given name and argument types. You might need to add explicit type casts.
 
2026-07-28 06:28:03,694 6580 ERROR ? odoo.sql_db: bad query: b"SELECT id, name, model, state, modules FROM ir_model_fields WHERE name = 'mcp_enabled';"
ERROR: column "modules" does not exist
LINE 1: SELECT id, name, model, state, modules FROM ir_model_fields ...
                                       ^
HINT:  Perhaps you meant to reference the column "ir_model_fields.model".
 
2026-07-28 06:28:16,729 11644 ERROR ? odoo.sql_db: bad query: b"\n            SELECT id, name, model, module \n            FROM ir_ui_view v\n            JOIN ir_model_data d ON d.model = 'ir.ui.view' AND d.res_id = v.id\n            WHERE d.module IN ('mcp_server', 'twilio_dialer');\n        "
ERROR: column reference "id" is ambiguous
LINE 2:             SELECT id, name, model, module 
                           ^
 
2026-07-28 06:28:32,828 17828 INFO ? odoo: Odoo version 18.0 
2026-07-28 06:28:32,828 17828 INFO ? odoo: Using configuration file at D:\odoo-mcp\odoo.conf 
2026-07-28 06:28:32,828 17828 INFO ? odoo: addons paths: ['D:\\Odoo\\odoo\\odoo\\addons', 'd:\\odoo\\data\\addons\\18.0', 'd:\\odoo\\odoo\\addons', 'd:\\odoo\\addons', 'd:\\odoo-mcp\\custom_addons', 'd:\\odoo\\odoo\\odoo\\addons'] 
2026-07-28 06:28:32,828 17828 INFO ? odoo: database: odoo@localhost:5432 
2026-07-28 06:28:33,159 17828 INFO ? odoo.addons.base.models.ir_actions_report: You need Wkhtmltopdf to print a pdf version of the reports. 
2026-07-28 06:28:33,173 17828 INFO ? odoo.addons.base.models.ir_actions_report: You need Wkhtmltoimage to generate images from html. 
2026-07-28 06:28:33,803 17828 INFO odoo18 odoo.modules.loading: loading 1 modules... 
2026-07-28 06:28:33,812 17828 INFO odoo18 odoo.modules.loading: 1 modules loaded in 0.01s, 0 queries (+0 extra) 
2026-07-28 06:28:33,853 17828 INFO odoo18 odoo.modules.loading: updating modules list 
2026-07-28 06:28:33,859 17828 INFO odoo18 odoo.addons.base.models.ir_module: ALLOW access to module.update_list on [] to user __system__ #1 via n/a 
2026-07-28 06:28:33,962 17828 WARNING odoo18 odoo.modules.module: addons path does not exist: d:\odoo\addons 
2026-07-28 06:28:36,653 17828 WARNING odoo18 odoo.modules.graph: module muk_web_utils: not installable, skipped 
2026-07-28 06:28:36,659 17828 INFO odoo18 odoo.modules.loading: loading 35 modules... 
2026-07-28 06:28:37,724 17828 INFO odoo18 odoo.modules.loading: 35 modules loaded in 1.06s, 0 queries (+0 extra) 
2026-07-28 06:28:37,924 17828 ERROR odoo18 odoo.modules.loading: Some modules are not loaded, some dependencies or manifest may be missing: ['muk_web_utils'] 
2026-07-28 06:28:38,618 17828 INFO odoo18 odoo.modules.loading: Modules loaded. 
2026-07-28 06:28:38,628 17828 INFO odoo18 odoo.modules.registry: Registry changed, signaling through the database 
2026-07-28 06:28:38,629 17828 INFO odoo18 odoo.modules.registry: Registry loaded in 4.937s 
2026-07-28 06:28:38,630 17828 INFO odoo18 odoo.service.server: Initiating shutdown 
2026-07-28 06:28:38,630 17828 INFO odoo18 odoo.service.server: Hit CTRL-C again or send a second signal to force the shutdown. 
2026-07-28 06:28:38,630 17828 INFO odoo18 odoo.sql_db: ConnectionPool(read/write;used=0/count=0/max=64): Closed 1 connections  
2026-07-28 06:28:54,563 12552 ERROR ? odoo.sql_db: bad query: 
            DELETE FROM ir_model_fields 
            WHERE name LIKE 'mcp_%' 
               OR name LIKE 'twilio_%' 
               OR id IN (
                   SELECT res_id FROM ir_model_data 
                   WHERE model = 'ir.model.fields' AND module IN %s
               );
        
ERROR: tuple index out of range 
2026-07-28 06:28:57,337 2396 INFO odoo18 odoo.modules.registry: Reloading the model registry after database signaling. 
2026-07-28 06:28:57,416 2396 INFO odoo18 odoo.modules.loading: loading 1 modules... 
2026-07-28 06:28:57,425 2396 INFO odoo18 odoo.modules.loading: 1 modules loaded in 0.01s, 0 queries (+0 extra) 
2026-07-28 06:28:57,443 2396 WARNING odoo18 odoo.modules.graph: module muk_web_utils: not installable, skipped 
2026-07-28 06:28:57,450 2396 INFO odoo18 odoo.modules.loading: loading 35 modules... 
2026-07-28 06:28:57,483 2396 INFO odoo18 odoo.modules.loading: 35 modules loaded in 0.03s, 0 queries (+0 extra) 
2026-07-28 06:28:57,604 2396 ERROR odoo18 odoo.modules.loading: Some modules are not loaded, some dependencies or manifest may be missing: ['muk_web_utils'] 
2026-07-28 06:28:57,605 2396 INFO odoo18 odoo.modules.loading: Modules loaded. 
2026-07-28 06:28:57,613 2396 INFO odoo18 odoo.modules.registry: Registry loaded in 0.275s 
2026-07-28 06:28:57,653 2396 INFO odoo18 odoo.addons.base.models.ir_cron: Job 'CRM: enrich leads (IAP)' (18) starting 
2026-07-28 06:28:57,692 2396 INFO odoo18 odoo.addons.base.models.ir_cron: Job 'CRM: enrich leads (IAP)' (18) done in 0.039s 
2026-07-28 06:28:57,698 2396 INFO odoo18 odoo.addons.base.models.ir_cron: Job 'CRM: enrich leads (IAP)' (18) processed 0 records, 0 records remaining 
2026-07-28 06:28:57,705 2396 INFO odoo18 odoo.addons.base.models.ir_cron: Job 'CRM: enrich leads (IAP)' (18) completed 
2026-07-28 06:29:04,964 15696 ERROR ? odoo.sql_db: bad query: b"\n            DELETE FROM ir_model\n            WHERE model LIKE 'mcp.%%'\n               OR model LIKE 'twilio.%%'\n               OR id IN (\n                   SELECT res_id FROM ir_model_data \n                   WHERE model = 'ir.model' AND module IN ('mcp_server', 'twilio_dialer', 'muk_web_utils')\n               );\n        "
ERROR: update or delete on table "ir_act_server" violates foreign key constraint "ir_cron_ir_actions_server_id_fkey" on table "ir_cron"
DETAIL:  Key (id)=(253) is still referenced from table "ir_cron".
 
2026-07-28 06:29:16,068 15752 ERROR ? odoo.sql_db: bad query: b"\n            DELETE FROM ir_model\n            WHERE model LIKE 'mcp.%%'\n               OR model LIKE 'twilio.%%'\n               OR id IN (\n                   SELECT res_id FROM ir_model_data \n                   WHERE model = 'ir.model' AND module IN ('mcp_server', 'twilio_dialer', 'muk_web_utils')\n               );\n        "
ERROR: update or delete on table "ir_act_server" violates foreign key constraint "ir_cron_ir_actions_server_id_fkey" on table "ir_cron"
DETAIL:  Key (id)=(253) is still referenced from table "ir_cron".
 
2026-07-28 06:29:26,433 12512 ERROR ? odoo.sql_db: bad query: b"\n            DELETE FROM ir_cron \n            WHERE cron_name LIKE '%mcp%' \n               OR cron_name LIKE '%twilio%' \n               OR ir_actions_server_id IN (\n                   SELECT id FROM ir_act_server WHERE name LIKE '%mcp%' OR name LIKE '%twilio%'\n               )\n               OR id IN (\n                   SELECT res_id FROM ir_model_data WHERE model = 'ir.cron' AND module IN ('mcp_server', 'twilio_dialer', 'muk_web_utils')\n               );\n        "
ERROR: operator does not exist: jsonb ~~ unknown
LINE 6: ...          SELECT id FROM ir_act_server WHERE name LIKE '%mcp...
                                                             ^
HINT:  No operator matches the given name and argument types. You might need to add explicit type casts.
 
2026-07-28 06:29:38,670 8376 ERROR ? odoo.sql_db: bad query: b"\n            DELETE FROM ir_model\n            WHERE model LIKE 'mcp.%%'\n               OR model LIKE 'twilio.%%'\n               OR id IN (\n                   SELECT res_id FROM ir_model_data \n                   WHERE model = 'ir.model' AND module IN ('mcp_server', 'twilio_dialer', 'muk_web_utils')\n               );\n        "
ERROR: update or delete on table "ir_act_server" violates foreign key constraint "ir_cron_ir_actions_server_id_fkey" on table "ir_cron"
DETAIL:  Key (id)=(253) is still referenced from table "ir_cron".
 
2026-07-28 06:29:50,526 5036 ERROR ? odoo.sql_db: bad query: b"\n            DELETE FROM ir_model\n            WHERE model LIKE 'mcp.%%'\n               OR model LIKE 'twilio.%%'\n               OR id IN (\n                   SELECT res_id FROM ir_model_data \n                   WHERE model = 'ir.model' AND module IN ('mcp_server', 'twilio_dialer', 'muk_web_utils')\n               );\n        "
ERROR: update or delete on table "ir_act_server" violates foreign key constraint "ir_cron_ir_actions_server_id_fkey" on table "ir_cron"
DETAIL:  Key (id)=(253) is still referenced from table "ir_cron".
 
2026-07-28 06:30:11,071 8848 INFO ? odoo: Odoo version 18.0 
2026-07-28 06:30:11,071 8848 INFO ? odoo: Using configuration file at D:\odoo-mcp\odoo.conf 
2026-07-28 06:30:11,071 8848 INFO ? odoo: addons paths: ['D:\\Odoo\\odoo\\odoo\\addons', 'd:\\odoo\\data\\addons\\18.0', 'd:\\odoo\\odoo\\addons', 'd:\\odoo\\addons', 'd:\\odoo-mcp\\custom_addons', 'd:\\odoo\\odoo\\odoo\\addons'] 
2026-07-28 06:30:11,072 8848 INFO ? odoo: database: odoo@localhost:5432 
2026-07-28 06:30:11,420 8848 INFO ? odoo.addons.base.models.ir_actions_report: You need Wkhtmltopdf to print a pdf version of the reports. 
2026-07-28 06:30:11,433 8848 INFO ? odoo.addons.base.models.ir_actions_report: You need Wkhtmltoimage to generate images from html. 
2026-07-28 06:30:12,084 8848 INFO odoo18 odoo.modules.loading: loading 1 modules... 
2026-07-28 06:30:12,084 8848 INFO odoo18 odoo.modules.loading: Loading module base (1/1) 
2026-07-28 06:30:12,128 8848 INFO odoo18 odoo.modules.registry: module base: creating or updating database tables 
2026-07-28 06:30:13,623 8848 INFO odoo18 odoo.modules.loading: loading base/data/res_bank.xml 
2026-07-28 06:30:13,646 8848 INFO odoo18 odoo.modules.loading: loading base/data/res.lang.csv 
2026-07-28 06:30:14,005 8848 INFO odoo18 odoo.modules.loading: loading base/data/res_lang_data.xml 
2026-07-28 06:30:14,100 8848 INFO odoo18 odoo.modules.loading: loading base/data/res_partner_data.xml 
2026-07-28 06:30:14,150 8848 INFO odoo18 odoo.modules.loading: loading base/data/res_currency_data.xml 
2026-07-28 06:30:14,327 8848 INFO odoo18 odoo.modules.loading: loading base/data/res_company_data.xml 
2026-07-28 06:30:14,343 8848 INFO odoo18 odoo.modules.loading: loading base/data/res_users_data.xml 
2026-07-28 06:30:14,370 8848 INFO odoo18 odoo.modules.loading: loading base/data/report_paperformat_data.xml 
2026-07-28 06:30:14,394 8848 INFO odoo18 odoo.modules.loading: loading base/data/res_country_data.xml 
2026-07-28 06:30:14,633 8848 INFO odoo18 odoo.modules.loading: loading base/data/ir_demo_data.xml 
2026-07-28 06:30:14,693 8848 INFO odoo18 odoo.modules.loading: loading base/security/base_groups.xml 
2026-07-28 06:30:14,899 8848 INFO odoo18 odoo.modules.loading: loading base/security/base_security.xml 
2026-07-28 06:30:14,948 8848 INFO odoo18 odoo.modules.loading: loading base/views/base_menus.xml 
2026-07-28 06:30:15,141 8848 INFO odoo18 odoo.modules.loading: loading base/views/decimal_precision_views.xml 
2026-07-28 06:30:15,188 8848 INFO odoo18 odoo.modules.loading: loading base/views/res_config_views.xml 
2026-07-28 06:30:15,215 8848 INFO odoo18 odoo.modules.loading: loading base/data/res.country.state.csv 
2026-07-28 06:30:16,424 8848 INFO odoo18 odoo.modules.loading: loading base/views/ir_actions_views.xml 
2026-07-28 06:30:16,695 8848 INFO odoo18 odoo.modules.loading: loading base/views/ir_asset_views.xml 
2026-07-28 06:30:16,763 8848 INFO odoo18 odoo.modules.loading: loading base/views/ir_config_parameter_views.xml 
2026-07-28 06:30:16,811 8848 INFO odoo18 odoo.modules.loading: loading base/views/ir_cron_views.xml 
2026-07-28 06:30:16,901 8848 INFO odoo18 odoo.modules.loading: loading base/views/ir_cron_trigger_views.xml 
2026-07-28 06:30:16,948 8848 INFO odoo18 odoo.modules.loading: loading base/views/ir_filters_views.xml 
2026-07-28 06:30:16,995 8848 INFO odoo18 odoo.modules.loading: loading base/views/ir_mail_server_views.xml 
2026-07-28 06:30:17,047 8848 INFO odoo18 odoo.modules.loading: loading base/views/ir_model_views.xml 
2026-07-28 06:30:17,316 8848 INFO odoo18 odoo.modules.loading: loading base/views/ir_attachment_views.xml 
2026-07-28 06:30:17,371 8848 INFO odoo18 odoo.modules.loading: loading base/views/ir_rule_views.xml 
2026-07-28 06:30:17,429 8848 INFO odoo18 odoo.modules.loading: loading base/views/ir_sequence_views.xml 
2026-07-28 06:30:17,481 8848 INFO odoo18 odoo.modules.loading: loading base/views/ir_ui_menu_views.xml 
2026-07-28 06:30:17,534 8848 INFO odoo18 odoo.modules.loading: loading base/views/ir_ui_view_views.xml 
2026-07-28 06:30:17,635 8848 INFO odoo18 odoo.modules.loading: loading base/views/ir_default_views.xml 
2026-07-28 06:30:17,690 8848 INFO odoo18 odoo.modules.loading: loading base/data/ir_config_parameter_data.xml 
2026-07-28 06:30:17,707 8848 INFO odoo18 odoo.modules.loading: loading base/data/ir_cron_data.xml 
2026-07-28 06:30:17,781 8848 INFO odoo18 odoo.models.unlink: User #1 deleted ir.model.data records with IDs: [5765] 
2026-07-28 06:30:17,836 8848 INFO odoo18 odoo.models.unlink: User #1 deleted ir.model.data records with IDs: [5767] 
2026-07-28 06:30:17,843 8848 INFO odoo18 odoo.modules.loading: loading base/report/ir_model_report.xml 
2026-07-28 06:30:17,864 8848 INFO odoo18 odoo.modules.loading: loading base/report/ir_model_templates.xml 
2026-07-28 06:30:17,894 8848 INFO odoo18 odoo.modules.loading: loading base/views/ir_logging_views.xml 
2026-07-28 06:30:17,944 8848 INFO odoo18 odoo.modules.loading: loading base/views/ir_qweb_widget_templates.xml 
2026-07-28 06:30:17,984 8848 INFO odoo18 odoo.modules.loading: loading base/views/ir_module_views.xml 
2026-07-28 06:30:18,102 8848 INFO odoo18 odoo.modules.loading: loading base/data/ir_module_category_data.xml 
2026-07-28 06:30:18,383 8848 INFO odoo18 odoo.modules.loading: loading base/data/ir_module_module.xml 
2026-07-28 06:30:18,448 8848 INFO odoo18 odoo.modules.loading: loading base/report/ir_module_reports.xml 
2026-07-28 06:30:18,467 8848 INFO odoo18 odoo.modules.loading: loading base/report/ir_module_report_templates.xml 
2026-07-28 06:30:18,496 8848 INFO odoo18 odoo.modules.loading: loading base/wizard/base_module_update_views.xml 
2026-07-28 06:30:18,541 8848 INFO odoo18 odoo.modules.loading: loading base/wizard/base_language_install_views.xml 
2026-07-28 06:30:18,578 8848 INFO odoo18 odoo.modules.loading: loading base/wizard/base_import_language_views.xml 
2026-07-28 06:30:18,612 8848 INFO odoo18 odoo.modules.loading: loading base/wizard/base_module_upgrade_views.xml 
2026-07-28 06:30:18,663 8848 INFO odoo18 odoo.modules.loading: loading base/wizard/base_module_uninstall_views.xml 
2026-07-28 06:30:18,700 8848 INFO odoo18 odoo.modules.loading: loading base/wizard/base_export_language_views.xml 
2026-07-28 06:30:18,742 8848 INFO odoo18 odoo.modules.loading: loading base/wizard/base_partner_merge_views.xml 
2026-07-28 06:30:18,782 8848 INFO odoo18 odoo.modules.loading: loading base/data/ir_demo_failure_data.xml 
2026-07-28 06:30:18,828 8848 INFO odoo18 odoo.modules.loading: loading base/views/ir_profile_views.xml 
2026-07-28 06:30:18,882 8848 INFO odoo18 odoo.modules.loading: loading base/views/res_company_views.xml 
2026-07-28 06:30:18,940 8848 INFO odoo18 odoo.modules.loading: loading base/views/res_lang_views.xml 
2026-07-28 06:30:18,998 8848 INFO odoo18 odoo.modules.loading: loading base/views/res_partner_views.xml 
2026-07-28 06:30:19,192 8848 INFO odoo18 odoo.modules.loading: loading base/views/res_bank_views.xml 
2026-07-28 06:30:19,267 8848 INFO odoo18 odoo.modules.loading: loading base/views/res_country_views.xml 
2026-07-28 06:30:19,358 8848 INFO odoo18 odoo.modules.loading: loading base/views/res_currency_views.xml 
2026-07-28 06:30:19,442 8848 INFO odoo18 odoo.modules.loading: loading base/views/res_users_views.xml 
2026-07-28 06:30:19,677 8848 INFO odoo18 odoo.modules.loading: loading base/views/res_device_views.xml 
2026-07-28 06:30:19,726 8848 INFO odoo18 odoo.modules.loading: loading base/views/res_users_identitycheck_views.xml 
2026-07-28 06:30:19,753 8848 INFO odoo18 odoo.modules.loading: loading base/views/res_config_settings_views.xml 
2026-07-28 06:30:19,781 8848 INFO odoo18 odoo.modules.loading: loading base/views/report_paperformat_views.xml 
2026-07-28 06:30:19,842 8848 INFO odoo18 odoo.modules.loading: loading base/security/ir.model.access.csv 
2026-07-28 06:30:20,373 8848 INFO odoo18 odoo.modules.loading: Module base loaded in 8.29s, 5270 queries (+5270 other) 
2026-07-28 06:30:20,373 8848 INFO odoo18 odoo.modules.loading: 1 modules loaded in 8.29s, 5270 queries (+5270 extra) 
2026-07-28 06:30:20,412 8848 INFO odoo18 odoo.modules.loading: updating modules list 
2026-07-28 06:30:20,415 8848 INFO odoo18 odoo.addons.base.models.ir_module: ALLOW access to module.update_list on [] to user __system__ #1 via n/a 
2026-07-28 06:30:20,512 8848 WARNING odoo18 odoo.modules.module: addons path does not exist: d:\odoo\addons 
2026-07-28 06:30:23,251 8848 INFO odoo18 odoo.addons.base.models.ir_module: ALLOW access to module.button_upgrade on ['Base'] to user __system__ #1 via n/a 
2026-07-28 06:30:23,251 8848 INFO odoo18 odoo.addons.base.models.ir_module: ALLOW access to module.update_list on ['Base'] to user __system__ #1 via n/a 
2026-07-28 06:30:23,332 8848 WARNING odoo18 odoo.modules.module: addons path does not exist: d:\odoo\addons 
2026-07-28 06:30:24,507 8848 INFO odoo18 odoo.addons.base.models.ir_module: ALLOW access to module.button_install on [] to user __system__ #1 via n/a 
2026-07-28 06:30:24,743 8848 INFO odoo18 odoo.modules.loading: loading 35 modules... 
2026-07-28 06:30:24,743 8848 INFO odoo18 odoo.modules.loading: Loading module web (2/35) 
2026-07-28 06:30:24,818 8848 INFO odoo18 odoo.modules.registry: module web: creating or updating database tables 
2026-07-28 06:30:26,125 8848 INFO odoo18 odoo.modules.loading: loading web/security/ir.model.access.csv 
2026-07-28 06:30:26,142 8848 INFO odoo18 odoo.modules.loading: loading web/views/webclient_templates.xml 
2026-07-28 06:30:26,265 8848 INFO odoo18 odoo.modules.loading: loading web/views/report_templates.xml 
2026-07-28 06:30:26,476 8848 INFO odoo18 odoo.modules.loading: loading web/views/base_document_layout_views.xml 
2026-07-28 06:30:26,504 8848 INFO odoo18 odoo.modules.loading: loading web/views/partner_view.xml 
2026-07-28 06:30:26,512 8848 INFO odoo18 odoo.modules.loading: loading web/views/speedscope_template.xml 
2026-07-28 06:30:26,526 8848 INFO odoo18 odoo.modules.loading: loading web/views/neutralize_views.xml 
2026-07-28 06:30:26,540 8848 INFO odoo18 odoo.modules.loading: loading web/data/ir_attachment.xml 
2026-07-28 06:30:26,545 8848 INFO odoo18 odoo.modules.loading: loading web/data/report_layout.xml 
2026-07-28 06:30:26,636 8848 INFO odoo18 odoo.modules.loading: Module web loaded in 1.89s, 1229 queries (+1229 other) 
2026-07-28 06:30:26,637 8848 INFO odoo18 odoo.modules.loading: Loading module auth_totp (3/35) 
2026-07-28 06:30:26,749 8848 INFO odoo18 odoo.modules.registry: module auth_totp: creating or updating database tables 
2026-07-28 06:30:26,819 8848 INFO odoo18 odoo.modules.loading: loading auth_totp/security/security.xml 
2026-07-28 06:30:26,866 8848 INFO odoo18 odoo.modules.loading: loading auth_totp/security/ir.model.access.csv 
2026-07-28 06:30:26,879 8848 INFO odoo18 odoo.modules.loading: loading auth_totp/data/ir_action_data.xml 
2026-07-28 06:30:26,892 8848 INFO odoo18 odoo.modules.loading: loading auth_totp/views/res_users_views.xml 
2026-07-28 06:30:26,955 8848 INFO odoo18 odoo.modules.loading: loading auth_totp/views/templates.xml 
2026-07-28 06:30:26,967 8848 INFO odoo18 odoo.modules.loading: loading auth_totp/wizard/auth_totp_wizard_views.xml 
2026-07-28 06:30:27,005 8848 INFO odoo18 odoo.modules.loading: Module auth_totp loaded in 0.37s, 188 queries (+188 other) 
2026-07-28 06:30:27,006 8848 INFO odoo18 odoo.modules.loading: Loading module base_import (4/35) 
2026-07-28 06:30:27,434 8848 INFO odoo18 odoo.modules.registry: module base_import: creating or updating database tables 
2026-07-28 06:30:28,486 6504 INFO ? odoo: Odoo version 18.0 
2026-07-28 06:30:28,486 6504 INFO ? odoo: Using configuration file at D:\odoo-mcp\odoo.conf 
2026-07-28 06:30:28,486 6504 INFO ? odoo: addons paths: ['D:\\Odoo\\odoo\\odoo\\addons', 'd:\\odoo\\data\\addons\\18.0', 'd:\\odoo\\odoo\\addons', 'd:\\odoo\\addons', 'd:\\odoo-mcp\\custom_addons', 'd:\\odoo\\odoo\\odoo\\addons'] 
2026-07-28 06:30:28,486 6504 INFO ? odoo: database: odoo@localhost:5432 
2026-07-28 06:30:28,728 8848 INFO odoo18 odoo.modules.loading: loading base_import/security/ir.model.access.csv 
2026-07-28 06:30:28,757 8848 INFO odoo18 odoo.modules.loading: Module base_import loaded in 1.75s, 861 queries (+861 other) 
2026-07-28 06:30:28,757 8848 INFO odoo18 odoo.modules.loading: Loading module base_import_module (5/35) 
2026-07-28 06:30:28,833 6504 INFO ? odoo.addons.base.models.ir_actions_report: You need Wkhtmltopdf to print a pdf version of the reports. 
2026-07-28 06:30:28,841 8848 INFO odoo18 odoo.modules.registry: module base_import_module: creating or updating database tables 
2026-07-28 06:30:28,846 6504 INFO ? odoo.addons.base.models.ir_actions_report: You need Wkhtmltoimage to generate images from html. 
2026-07-28 06:30:28,926 8848 INFO odoo18 odoo.modules.loading: loading base_import_module/security/ir.model.access.csv 
2026-07-28 06:30:28,940 8848 INFO odoo18 odoo.modules.loading: loading base_import_module/views/base_import_module_view.xml 
2026-07-28 06:30:28,972 8848 INFO odoo18 odoo.modules.loading: loading base_import_module/views/ir_module_views.xml 
2026-07-28 06:30:29,063 8848 INFO odoo18 odoo.modules.loading: Module base_import_module loaded in 0.31s, 164 queries (+164 other) 
2026-07-28 06:30:29,063 8848 INFO odoo18 odoo.modules.loading: Loading module base_setup (6/35) 
2026-07-28 06:30:29,157 8848 INFO odoo18 odoo.modules.registry: module base_setup: creating or updating database tables 
2026-07-28 06:30:29,305 8848 INFO odoo18 odoo.modules.loading: loading base_setup/data/base_setup_data.xml 
2026-07-28 06:30:29,310 8848 INFO odoo18 odoo.modules.loading: loading base_setup/views/res_config_settings_views.xml 
2026-07-28 06:30:29,366 8848 INFO odoo18 odoo.modules.loading: loading base_setup/views/res_partner_views.xml 
2026-07-28 06:30:29,407 8848 INFO odoo18 odoo.modules.loading: Module base_setup loaded in 0.34s, 132 queries (+132 other) 
2026-07-28 06:30:29,407 8848 INFO odoo18 odoo.modules.loading: Loading module bus (7/35) 
2026-07-28 06:30:29,515 8848 INFO odoo18 odoo.modules.registry: module bus: creating or updating database tables 
2026-07-28 06:30:29,540 6504 INFO odoo18 odoo.modules.loading: loading 1 modules... 
2026-07-28 06:30:29,552 6504 INFO odoo18 odoo.modules.loading: 1 modules loaded in 0.01s, 0 queries (+0 extra) 
2026-07-28 06:30:29,594 6504 INFO odoo18 odoo.modules.loading: updating modules list 
2026-07-28 06:30:29,599 6504 INFO odoo18 odoo.addons.base.models.ir_module: ALLOW access to module.update_list on [] to user __system__ #1 via n/a 
2026-07-28 06:30:29,701 6504 WARNING odoo18 odoo.modules.module: addons path does not exist: d:\odoo\addons 
2026-07-28 06:30:29,760 8848 INFO odoo18 odoo.modules.loading: loading bus/security/ir.model.access.csv 
2026-07-28 06:30:29,793 8848 INFO odoo18 odoo.modules.loading: Module bus loaded in 0.39s, 155 queries (+155 other) 
2026-07-28 06:30:29,793 8848 INFO odoo18 odoo.modules.loading: Loading module http_routing (8/35) 
2026-07-28 06:30:29,876 8848 INFO odoo18 odoo.modules.registry: module http_routing: creating or updating database tables 
2026-07-28 06:30:29,932 8848 INFO odoo18 odoo.modules.loading: loading http_routing/views/http_routing_template.xml 
2026-07-28 06:30:29,991 8848 INFO odoo18 odoo.modules.loading: loading http_routing/views/res_lang_views.xml 
2026-07-28 06:30:30,043 8848 INFO odoo18 odoo.modules.loading: Module http_routing loaded in 0.25s, 139 queries (+139 other) 
2026-07-28 06:30:30,043 8848 INFO odoo18 odoo.modules.loading: Loading module resource (9/35) 
2026-07-28 06:30:30,147 8848 INFO odoo18 odoo.modules.registry: module resource: creating or updating database tables 
2026-07-28 06:30:30,277 8848 INFO odoo18 odoo.modules.loading: loading resource/data/resource_data.xml 
2026-07-28 06:30:30,287 8848 INFO odoo18 odoo.modules.loading: loading resource/security/ir.model.access.csv 
2026-07-28 06:30:30,315 8848 INFO odoo18 odoo.modules.loading: loading resource/security/resource_security.xml 
2026-07-28 06:30:30,323 8848 INFO odoo18 odoo.modules.loading: loading resource/views/resource_resource_views.xml 
2026-07-28 06:30:30,368 8848 INFO odoo18 odoo.modules.loading: loading resource/views/resource_calendar_leaves_views.xml 
2026-07-28 06:30:30,412 8848 INFO odoo18 odoo.modules.loading: loading resource/views/resource_calendar_attendance_views.xml 
2026-07-28 06:30:30,435 8848 INFO odoo18 odoo.modules.loading: loading resource/views/resource_calendar_views.xml 
2026-07-28 06:30:30,470 8848 INFO odoo18 odoo.modules.loading: loading resource/views/menuitems.xml 
2026-07-28 06:30:30,524 8848 INFO odoo18 odoo.modules.loading: Module resource loaded in 0.48s, 294 queries (+294 other) 
2026-07-28 06:30:30,524 8848 INFO odoo18 odoo.modules.loading: Loading module utm (10/35) 
2026-07-28 06:30:30,617 8848 INFO odoo18 odoo.modules.registry: module utm: creating or updating database tables 
2026-07-28 06:30:30,710 8848 INFO odoo18 odoo.modules.loading: loading utm/data/utm_medium_data.xml 
2026-07-28 06:30:30,728 8848 INFO odoo18 odoo.modules.loading: loading utm/data/utm_source_data.xml 
2026-07-28 06:30:30,743 8848 INFO odoo18 odoo.modules.loading: loading utm/data/utm_stage_data.xml 
2026-07-28 06:30:30,752 8848 INFO odoo18 odoo.modules.loading: loading utm/data/utm_tag_data.xml 
2026-07-28 06:30:30,761 8848 INFO odoo18 odoo.modules.loading: loading utm/views/utm_campaign_views.xml 
2026-07-28 06:30:30,813 8848 INFO odoo18 odoo.modules.loading: loading utm/views/utm_medium_views.xml 
2026-07-28 06:30:30,843 8848 INFO odoo18 odoo.modules.loading: loading utm/views/utm_source_views.xml 
2026-07-28 06:30:30,867 8848 INFO odoo18 odoo.modules.loading: loading utm/views/utm_stage_views.xml 
2026-07-28 06:30:30,897 8848 INFO odoo18 odoo.modules.loading: loading utm/views/utm_tag_views.xml 
2026-07-28 06:30:30,913 8848 INFO odoo18 odoo.modules.loading: loading utm/views/utm_menus.xml 
2026-07-28 06:30:30,967 8848 INFO odoo18 odoo.modules.loading: loading utm/security/ir.model.access.csv 
2026-07-28 06:30:31,028 8848 INFO odoo18 odoo.modules.loading: Module utm loaded in 0.50s, 340 queries (+340 other) 
2026-07-28 06:30:31,028 8848 INFO odoo18 odoo.modules.loading: Loading module web_tour (11/35) 
2026-07-28 06:30:31,115 8848 INFO odoo18 odoo.modules.registry: module web_tour: creating or updating database tables 
2026-07-28 06:30:31,202 8848 INFO odoo18 odoo.modules.loading: loading web_tour/security/ir.model.access.csv 
2026-07-28 06:30:31,236 8848 INFO odoo18 odoo.modules.loading: loading web_tour/views/tour_views.xml 
2026-07-28 06:30:31,302 8848 INFO odoo18 odoo.modules.loading: loading web_tour/views/res_users_views.xml 
2026-07-28 06:30:31,368 8848 INFO odoo18 odoo.modules.loading: Module web_tour loaded in 0.34s, 160 queries (+160 other) 
2026-07-28 06:30:31,368 8848 INFO odoo18 odoo.modules.loading: Loading module html_editor (12/35) 
2026-07-28 06:30:31,676 8848 INFO odoo18 odoo.modules.registry: module html_editor: creating or updating database tables 
2026-07-28 06:30:31,740 8848 INFO odoo18 odoo.modules.loading: Module html_editor loaded in 0.37s, 38 queries (+38 other) 
2026-07-28 06:30:31,740 8848 INFO odoo18 odoo.modules.loading: Loading module iap (13/35) 
2026-07-28 06:30:31,822 8848 INFO odoo18 odoo.modules.registry: module iap: creating or updating database tables 
2026-07-28 06:30:31,880 8848 INFO odoo18 odoo.modules.loading: loading iap/data/services.xml 
2026-07-28 06:30:31,890 8848 INFO odoo18 odoo.modules.loading: loading iap/security/ir.model.access.csv 
2026-07-28 06:30:31,910 8848 INFO odoo18 odoo.modules.loading: loading iap/security/ir_rule.xml 
2026-07-28 06:30:31,915 8848 INFO odoo18 odoo.modules.loading: loading iap/views/iap_views.xml 
2026-07-28 06:30:31,956 8848 INFO odoo18 odoo.modules.loading: loading iap/views/res_config_settings.xml 
2026-07-28 06:30:32,007 8848 INFO odoo18 odoo.modules.loading: Module iap loaded in 0.27s, 146 queries (+146 other) 
2026-07-28 06:30:32,007 8848 INFO odoo18 odoo.modules.loading: Loading module mail (14/35) 
2026-07-28 06:30:32,134 8848 INFO odoo18 odoo.modules.registry: module mail: creating or updating database tables 
2026-07-28 06:30:32,512 6504 ERROR odoo18 odoo.sql_db: bad query: b' UPDATE "ir_module_module"\n                    SET "write_date" = "__tmp"."write_date"::timestamp, "write_uid" = "__tmp"."write_uid"::int4\n                    FROM (VALUES (1, \'2026-07-28 06:30:29.507911\', 1), (2, \'2026-07-28 06:30:29.507911\', 1), (3, \'2026-07-28 06:30:29.507911\', 1), (4, \'2026-07-28 06:30:29.507911\', 1), (5, \'2026-07-28 06:30:29.507911\', 1), (6, \'2026-07-28 06:30:29.507911\', 1), (7, \'2026-07-28 06:30:29.507911\', 1), (8, \'2026-07-28 06:30:29.507911\', 1), (9, \'2026-07-28 06:30:29.507911\', 1), (10, \'2026-07-28 06:30:29.507911\', 1), (11, \'2026-07-28 06:30:29.507911\', 1), (12, \'2026-07-28 06:30:29.507911\', 1), (13, \'2026-07-28 06:30:29.507911\', 1), (16, \'2026-07-28 06:30:29.507911\', 1), (17, \'2026-07-28 06:30:29.507911\', 1), (18, \'2026-07-28 06:30:29.507911\', 1), (19, \'2026-07-28 06:30:29.507911\', 1), (20, \'2026-07-28 06:30:29.507911\', 1), (21, \'2026-07-28 06:30:29.507911\', 1), (22, \'2026-07-28 06:30:29.507911\', 1), (23, \'2026-07-28 06:30:29.507911\', 1), (24, \'2026-07-28 06:30:29.507911\', 1), (26, \'2026-07-28 06:30:29.507911\', 1), (27, \'2026-07-28 06:30:29.507911\', 1), (31, \'2026-07-28 06:30:29.507911\', 1), (32, \'2026-07-28 06:30:29.507911\', 1), (33, \'2026-07-28 06:30:29.507911\', 1), (34, \'2026-07-28 06:30:29.507911\', 1), (35, \'2026-07-28 06:30:29.507911\', 1), (37, \'2026-07-28 06:30:29.507911\', 1), (38, \'2026-07-28 06:30:29.507911\', 1), (39, \'2026-07-28 06:30:29.507911\', 1), (40, \'2026-07-28 06:30:29.507911\', 1), (41, \'2026-07-28 06:30:29.507911\', 1), (42, \'2026-07-28 06:30:29.507911\', 1), (43, \'2026-07-28 06:30:29.507911\', 1), (44, \'2026-07-28 06:30:29.507911\', 1), (46, \'2026-07-28 06:30:29.507911\', 1), (48, \'2026-07-28 06:30:29.507911\', 1), (49, \'2026-07-28 06:30:29.507911\', 1), (64, \'2026-07-28 06:30:29.507911\', 1), (77, \'2026-07-28 06:30:29.507911\', 1), (79, \'2026-07-28 06:30:29.507911\', 1), (80, \'2026-07-28 06:30:29.507911\', 1), (90, \'2026-07-28 06:30:29.507911\', 1), (96, \'2026-07-28 06:30:29.507911\', 1), (100, \'2026-07-28 06:30:29.507911\', 1), (103, \'2026-07-28 06:30:29.507911\', 1), (104, \'2026-07-28 06:30:29.507911\', 1), (106, \'2026-07-28 06:30:29.507911\', 1), (110, \'2026-07-28 06:30:29.507911\', 1), (111, \'2026-07-28 06:30:29.507911\', 1), (112, \'2026-07-28 06:30:29.507911\', 1), (115, \'2026-07-28 06:30:29.507911\', 1), (116, \'2026-07-28 06:30:29.507911\', 1), (117, \'2026-07-28 06:30:29.507911\', 1), (119, \'2026-07-28 06:30:29.507911\', 1), (120, \'2026-07-28 06:30:29.507911\', 1), (121, \'2026-07-28 06:30:29.507911\', 1), (122, \'2026-07-28 06:30:29.507911\', 1), (123, \'2026-07-28 06:30:29.507911\', 1), (124, \'2026-07-28 06:30:29.507911\', 1), (125, \'2026-07-28 06:30:29.507911\', 1), (126, \'2026-07-28 06:30:29.507911\', 1), (127, \'2026-07-28 06:30:29.507911\', 1), (128, \'2026-07-28 06:30:29.507911\', 1), (129, \'2026-07-28 06:30:29.507911\', 1), (130, \'2026-07-28 06:30:29.507911\', 1), (131, \'2026-07-28 06:30:29.507911\', 1), (133, \'2026-07-28 06:30:29.507911\', 1), (134, \'2026-07-28 06:30:29.507911\', 1), (135, \'2026-07-28 06:30:29.507911\', 1), (136, \'2026-07-28 06:30:29.507911\', 1), (137, \'2026-07-28 06:30:29.507911\', 1), (138, \'2026-07-28 06:30:29.507911\', 1), (139, \'2026-07-28 06:30:29.507911\', 1), (140, \'2026-07-28 06:30:29.507911\', 1), (143, \'2026-07-28 06:30:29.507911\', 1), (144, \'2026-07-28 06:30:29.507911\', 1), (145, \'2026-07-28 06:30:29.507911\', 1), (146, \'2026-07-28 06:30:29.507911\', 1), (147, \'2026-07-28 06:30:29.507911\', 1), (148, \'2026-07-28 06:30:29.507911\', 1), (149, \'2026-07-28 06:30:29.507911\', 1), (150, \'2026-07-28 06:30:29.507911\', 1), (151, \'2026-07-28 06:30:29.507911\', 1), (152, \'2026-07-28 06:30:29.507911\', 1), (153, \'2026-07-28 06:30:29.507911\', 1), (154, \'2026-07-28 06:30:29.507911\', 1), (155, \'2026-07-28 06:30:29.507911\', 1), (156, \'2026-07-28 06:30:29.507911\', 1), (157, \'2026-07-28 06:30:29.507911\', 1), (158, \'2026-07-28 06:30:29.507911\', 1), (159, \'2026-07-28 06:30:29.507911\', 1), (160, \'2026-07-28 06:30:29.507911\', 1), (161, \'2026-07-28 06:30:29.507911\', 1), (162, \'2026-07-28 06:30:29.507911\', 1), (163, \'2026-07-28 06:30:29.507911\', 1), (164, \'2026-07-28 06:30:29.507911\', 1), (165, \'2026-07-28 06:30:29.507911\', 1)) AS "__tmp"("id", "write_date", "write_uid")\n                    WHERE "ir_module_module"."id" = "__tmp"."id"\n                '
ERROR: could not serialize access due to concurrent update
 
2026-07-28 06:30:34,253 8848 INFO odoo18 odoo.modules.loading: loading mail/data/mail_groups.xml 
2026-07-28 06:30:34,262 8848 INFO odoo18 odoo.modules.loading: loading mail/wizard/mail_activity_schedule_views.xml 
2026-07-28 06:30:34,284 8848 INFO odoo18 odoo.modules.loading: loading mail/wizard/mail_blacklist_remove_views.xml 
2026-07-28 06:30:34,296 8848 INFO odoo18 odoo.modules.loading: loading mail/wizard/mail_compose_message_views.xml 
2026-07-28 06:30:34,327 8848 INFO odoo18 odoo.modules.loading: loading mail/wizard/mail_resend_message_views.xml 
2026-07-28 06:30:34,347 8848 INFO odoo18 odoo.modules.loading: loading mail/wizard/mail_resend_partner_views.xml 
2026-07-28 06:30:34,362 8848 INFO odoo18 odoo.modules.loading: loading mail/wizard/mail_template_preview_views.xml 
2026-07-28 06:30:34,377 8848 INFO odoo18 odoo.modules.loading: loading mail/wizard/mail_wizard_invite_views.xml 
2026-07-28 06:30:34,390 8848 INFO odoo18 odoo.modules.loading: loading mail/wizard/mail_template_reset_views.xml 
2026-07-28 06:30:34,404 8848 INFO odoo18 odoo.modules.loading: loading mail/views/fetchmail_views.xml 
2026-07-28 06:30:34,436 8848 INFO odoo18 odoo.modules.loading: loading mail/views/mail_message_subtype_views.xml 
2026-07-28 06:30:34,466 8848 INFO odoo18 odoo.modules.loading: loading mail/views/mail_tracking_value_views.xml 
2026-07-28 06:30:34,556 8848 INFO odoo18 odoo.modules.loading: loading mail/views/mail_notification_views.xml 
2026-07-28 06:30:34,578 8848 INFO odoo18 odoo.modules.loading: loading mail/views/mail_message_views.xml 
2026-07-28 06:30:34,627 8848 INFO odoo18 odoo.modules.loading: loading mail/views/mail_message_schedule_views.xml 
2026-07-28 06:30:34,659 8848 INFO odoo18 odoo.modules.loading: loading mail/views/mail_mail_views.xml 
2026-07-28 06:30:34,699 8848 INFO odoo18 odoo.modules.loading: loading mail/views/mail_followers_views.xml 
2026-07-28 06:30:34,719 8848 INFO odoo18 odoo.modules.loading: loading mail/views/mail_ice_server_views.xml 
2026-07-28 06:30:34,738 8848 INFO odoo18 odoo.modules.loading: loading mail/views/discuss_channel_member_views.xml 
2026-07-28 06:30:34,758 8848 INFO odoo18 odoo.modules.loading: loading mail/views/discuss_channel_rtc_session_views.xml 
2026-07-28 06:30:34,786 8848 INFO odoo18 odoo.modules.loading: loading mail/views/mail_link_preview_views.xml 
2026-07-28 06:30:34,805 8848 INFO odoo18 odoo.modules.loading: loading mail/views/discuss/discuss_gif_favorite_views.xml 
2026-07-28 06:30:34,826 8848 INFO odoo18 odoo.modules.loading: loading mail/views/discuss_channel_views.xml 
2026-07-28 06:30:34,868 8848 INFO odoo18 odoo.modules.loading: loading mail/views/mail_canned_response_views.xml 
2026-07-28 06:30:34,900 8848 INFO odoo18 odoo.modules.loading: loading mail/views/mail_activity_views.xml 
2026-07-28 06:30:35,487 8848 INFO odoo18 odoo.modules.loading: loading mail/views/mail_activity_plan_views.xml 
2026-07-28 06:30:35,565 8848 INFO odoo18 odoo.modules.loading: loading mail/views/mail_activity_plan_template_views.xml 
2026-07-28 06:30:35,581 8848 INFO odoo18 odoo.modules.loading: loading mail/views/res_config_settings_views.xml 
2026-07-28 06:30:35,621 8848 INFO odoo18 odoo.modules.loading: loading mail/data/ir_config_parameter_data.xml 
2026-07-28 06:30:35,626 8848 INFO odoo18 odoo.modules.loading: loading mail/data/res_partner_data.xml 
2026-07-28 06:30:35,632 8848 INFO odoo18 odoo.modules.loading: loading mail/data/mail_message_subtype_data.xml 
2026-07-28 06:30:35,640 8848 INFO odoo18 odoo.modules.loading: loading mail/data/mail_templates_chatter.xml 
2026-07-28 06:30:35,673 8848 INFO odoo18 odoo.modules.loading: loading mail/data/mail_templates_email_layouts.xml 
2026-07-28 06:30:35,711 8848 INFO odoo18 odoo.modules.loading: loading mail/data/mail_templates_mailgateway.xml 
2026-07-28 06:30:35,744 8848 INFO odoo18 odoo.modules.loading: loading mail/data/discuss_channel_data.xml 
2026-07-28 06:30:35,774 8848 INFO odoo18 odoo.modules.loading: loading mail/data/mail_activity_data.xml 
2026-07-28 06:30:35,789 8848 INFO odoo18 odoo.modules.loading: loading mail/data/security_notifications_templates.xml 
2026-07-28 06:30:35,800 8848 INFO odoo18 odoo.modules.loading: loading mail/data/ir_cron_data.xml 
2026-07-28 06:30:35,825 8848 INFO odoo18 odoo.models.unlink: User #1 deleted ir.model.data records with IDs: [12193] 
2026-07-28 06:30:35,847 8848 INFO odoo18 odoo.models.unlink: User #1 deleted ir.model.data records with IDs: [12195] 
2026-07-28 06:30:35,869 8848 INFO odoo18 odoo.models.unlink: User #1 deleted ir.model.data records with IDs: [12198] 
2026-07-28 06:30:35,889 8848 INFO odoo18 odoo.models.unlink: User #1 deleted ir.model.data records with IDs: [12200] 
2026-07-28 06:30:35,905 8848 INFO odoo18 odoo.models.unlink: User #1 deleted ir.model.data records with IDs: [12202] 
2026-07-28 06:30:35,923 8848 INFO odoo18 odoo.models.unlink: User #1 deleted ir.model.data records with IDs: [12204] 
2026-07-28 06:30:35,939 8848 INFO odoo18 odoo.models.unlink: User #1 deleted ir.model.data records with IDs: [12206] 
2026-07-28 06:30:35,957 8848 INFO odoo18 odoo.models.unlink: User #1 deleted ir.model.data records with IDs: [12208] 
2026-07-28 06:30:35,973 8848 INFO odoo18 odoo.models.unlink: User #1 deleted ir.model.data records with IDs: [12210] 
2026-07-28 06:30:35,980 8848 INFO odoo18 odoo.modules.loading: loading mail/data/ir_actions_client.xml 
2026-07-28 06:30:35,987 8848 INFO odoo18 odoo.modules.loading: loading mail/security/mail_security.xml 
2026-07-28 06:30:36,010 8848 INFO odoo18 odoo.modules.loading: loading mail/security/ir.model.access.csv 
2026-07-28 06:30:36,168 8848 INFO odoo18 odoo.modules.loading: loading mail/views/discuss_public_templates.xml 
2026-07-28 06:30:36,178 8848 INFO odoo18 odoo.modules.loading: loading mail/views/mail_alias_domain_views.xml 
2026-07-28 06:30:36,206 8848 INFO odoo18 odoo.modules.loading: loading mail/views/mail_alias_views.xml 
2026-07-28 06:30:36,238 8848 INFO odoo18 odoo.modules.loading: loading mail/views/mail_gateway_allowed_views.xml 
2026-07-28 06:30:36,258 8848 INFO odoo18 odoo.modules.loading: loading mail/views/mail_guest_views.xml 
2026-07-28 06:30:36,277 8848 INFO odoo18 odoo.modules.loading: loading mail/views/mail_message_reaction_views.xml 
2026-07-28 06:30:36,300 8848 INFO odoo18 odoo.modules.loading: loading mail/views/mail_templates_public.xml 
2026-07-28 06:30:36,318 8848 INFO odoo18 odoo.modules.loading: loading mail/views/res_users_views.xml 
2026-07-28 06:30:36,364 8848 INFO odoo18 odoo.modules.loading: loading mail/views/res_users_settings_views.xml 
2026-07-28 06:30:36,389 8848 INFO odoo18 odoo.modules.loading: loading mail/views/mail_template_views.xml 
2026-07-28 06:30:36,431 8848 INFO odoo18 odoo.modules.loading: loading mail/views/ir_actions_server_views.xml 
2026-07-28 06:30:36,455 8848 INFO odoo18 odoo.modules.loading: loading mail/views/ir_model_views.xml 
2026-07-28 06:30:36,513 8848 INFO odoo18 odoo.modules.loading: loading mail/views/res_partner_views.xml 
2026-07-28 06:30:36,611 8848 INFO odoo18 odoo.modules.loading: loading mail/views/mail_blacklist_views.xml 
2026-07-28 06:30:36,641 8848 INFO odoo18 odoo.modules.loading: loading mail/views/mail_menus.xml 
2026-07-28 06:30:36,850 8848 INFO odoo18 odoo.modules.loading: loading mail/views/res_company_views.xml 
2026-07-28 06:30:36,867 8848 INFO odoo18 odoo.modules.loading: loading mail/views/mail_scheduled_message_views.xml 
2026-07-28 06:30:36,879 8848 INFO odoo18 odoo.modules.loading: loading mail/data/mail_canned_response_data.xml 
2026-07-28 06:30:36,887 8848 INFO odoo18 odoo.modules.loading: loading mail/data/mail_templates_invite.xml 
2026-07-28 06:30:36,901 8848 INFO odoo18 odoo.modules.loading: loading mail/data/web_tour_tour.xml 
2026-07-28 06:30:36,945 6504 ERROR odoo18 odoo.sql_db: bad query: b"UPDATE ir_module_module SET state='installed' WHERE state IN ('to remove', 'to upgrade')"
ERROR: could not serialize access due to concurrent update
 
2026-07-28 06:30:36,946 6504 ERROR odoo18 odoo.modules.registry: Failed to load registry 
2026-07-28 06:30:36,969 8848 INFO odoo18 odoo.modules.loading: Module mail loaded in 4.96s, 3358 queries (+3358 other) 
2026-07-28 06:30:36,969 8848 INFO odoo18 odoo.modules.loading: Loading module web_editor (15/35) 
2026-07-28 06:30:36,946 6504 CRITICAL odoo18 odoo.service.server: Failed to initialize database `odoo18`. 
Traceback (most recent call last):
  File "D:\Odoo\odoo\odoo\modules\registry.py", line 115, in new
    odoo.modules.load_modules(registry, force_demo, status, update_module)
  File "D:\Odoo\odoo\odoo\modules\loading.py", line 464, in load_modules
    env.flush_all()
  File "D:\Odoo\odoo\odoo\api.py", line 862, in flush_all
    self[model_name].flush_model()
  File "D:\Odoo\odoo\odoo\models.py", line 6774, in flush_model
    self._flush(fnames)
  File "D:\Odoo\odoo\odoo\models.py", line 6852, in _flush
    model.browse(some_ids)._write_multi(vals_list)
  File "D:\Odoo\odoo\odoo\models.py", line 4938, in _write_multi
    self.env.execute_query(SQL(
  File "D:\Odoo\odoo\odoo\api.py", line 993, in execute_query
    self.cr.execute(query)
  File "D:\Odoo\odoo\odoo\sql_db.py", line 371, in execute
    res = self._obj.execute(query, params)
          ^^^^^^^^^^^^^^^^^^^^^^^^^^^^^^^^
psycopg2.errors.SerializationFailure: could not serialize access due to concurrent update


During handling of the above exception, another exception occurred:

Traceback (most recent call last):
  File "D:\Odoo\odoo\odoo\service\server.py", line 1414, in preload_registries
    registry = Registry.new(dbname, update_module=update_module)
               ^^^^^^^^^^^^^^^^^^^^^^^^^^^^^^^^^^^^^^^^^^^^^^^^^
  File "D:\Odoo\venv\Lib\site-packages\decorator.py", line 232, in fun
    return caller(func, *(extras + args), **kw)
           ^^^^^^^^^^^^^^^^^^^^^^^^^^^^^^^^^^^^
  File "D:\Odoo\odoo\odoo\tools\func.py", line 97, in locked
    return func(inst, *args, **kwargs)
           ^^^^^^^^^^^^^^^^^^^^^^^^^^^
  File "D:\Odoo\odoo\odoo\modules\registry.py", line 117, in new
    odoo.modules.reset_modules_state(db_name)
  File "D:\Odoo\odoo\odoo\modules\loading.py", line 641, in reset_modules_state
    cr.execute(
  File "D:\Odoo\odoo\odoo\sql_db.py", line 371, in execute
    res = self._obj.execute(query, params)
          ^^^^^^^^^^^^^^^^^^^^^^^^^^^^^^^^
psycopg2.errors.SerializationFailure: could not serialize access due to concurrent update

2026-07-28 06:30:36,978 6504 INFO odoo18 odoo.service.server: Initiating shutdown 
2026-07-28 06:30:36,978 6504 INFO odoo18 odoo.service.server: Hit CTRL-C again or send a second signal to force the shutdown. 
2026-07-28 06:30:36,978 6504 INFO odoo18 odoo.sql_db: ConnectionPool(read/write;used=0/count=0/max=64): Closed 1 connections  
2026-07-28 06:30:37,152 8848 INFO odoo18 odoo.modules.registry: module web_editor: creating or updating database tables 
2026-07-28 06:30:39,456 8848 INFO odoo18 odoo.modules.loading: loading web_editor/security/ir.model.access.csv 
2026-07-28 06:30:39,500 8848 INFO odoo18 odoo.modules.loading: loading web_editor/data/editor_assets.xml 
2026-07-28 06:30:39,527 8848 INFO odoo18 odoo.modules.loading: loading web_editor/views/editor.xml 
2026-07-28 06:30:39,571 8848 INFO odoo18 odoo.modules.loading: loading web_editor/views/snippets.xml 
2026-07-28 06:30:39,699 8848 INFO odoo18 odoo.modules.loading: Module web_editor loaded in 2.73s, 1473 queries (+1473 other) 
2026-07-28 06:30:39,699 8848 INFO odoo18 odoo.modules.loading: Loading module auth_signup (16/35) 
2026-07-28 06:30:39,852 8848 INFO odoo18 odoo.modules.registry: module auth_signup: creating or updating database tables 
2026-07-28 06:30:40,007 8848 INFO odoo18 odoo.modules.loading: loading auth_signup/data/ir_config_parameter_data.xml 
2026-07-28 06:30:40,010 8848 INFO odoo18 odoo.modules.loading: loading auth_signup/data/ir_cron_data.xml 
2026-07-28 06:30:40,023 8848 INFO odoo18 odoo.models.unlink: User #1 deleted ir.model.data records with IDs: [13028] 
2026-07-28 06:30:40,034 8848 INFO odoo18 odoo.modules.loading: loading auth_signup/data/mail_template_data.xml 
2026-07-28 06:30:40,044 8848 INFO odoo18 odoo.modules.loading: loading auth_signup/views/res_config_settings_views.xml 
2026-07-28 06:30:40,094 8848 INFO odoo18 odoo.modules.loading: loading auth_signup/views/res_users_views.xml 
2026-07-28 06:30:40,137 8848 INFO odoo18 odoo.modules.loading: loading auth_signup/views/auth_signup_login_templates.xml 
2026-07-28 06:30:40,173 8848 INFO odoo18 odoo.modules.loading: loading auth_signup/views/auth_signup_templates_email.xml 
2026-07-28 06:30:40,195 8848 INFO odoo18 odoo.modules.loading: loading auth_signup/views/webclient_templates.xml 
2026-07-28 06:30:40,237 8848 INFO odoo18 odoo.modules.loading: Module auth_signup loaded in 0.54s, 248 queries (+248 other) 
2026-07-28 06:30:40,237 8848 INFO odoo18 odoo.modules.loading: Loading module auth_totp_mail (17/35) 
2026-07-28 06:30:40,373 8848 INFO odoo18 odoo.modules.registry: module auth_totp_mail: creating or updating database tables 
2026-07-28 06:30:40,450 8848 INFO odoo18 odoo.modules.loading: loading auth_totp_mail/data/ir_action_data.xml 
2026-07-28 06:30:40,465 8848 INFO odoo18 odoo.modules.loading: loading auth_totp_mail/data/mail_template_data.xml 
2026-07-28 06:30:40,471 8848 INFO odoo18 odoo.modules.loading: loading auth_totp_mail/data/security_notifications_template.xml 
2026-07-28 06:30:40,487 8848 INFO odoo18 odoo.modules.loading: loading auth_totp_mail/views/res_users_views.xml 
2026-07-28 06:30:40,566 8848 INFO odoo18 odoo.modules.loading: Module auth_totp_mail loaded in 0.33s, 132 queries (+132 other) 
2026-07-28 06:30:40,566 8848 INFO odoo18 odoo.modules.loading: Loading module base_install_request (18/35) 
2026-07-28 06:30:40,704 8848 INFO odoo18 odoo.modules.registry: module base_install_request: creating or updating database tables 
2026-07-28 06:30:40,779 8848 INFO odoo18 odoo.modules.loading: loading base_install_request/security/ir.model.access.csv 
2026-07-28 06:30:40,801 8848 INFO odoo18 odoo.modules.loading: loading base_install_request/wizard/base_module_install_request_views.xml 
2026-07-28 06:30:40,833 8848 INFO odoo18 odoo.modules.loading: loading base_install_request/data/mail_template_data.xml 
2026-07-28 06:30:40,837 8848 INFO odoo18 odoo.modules.loading: loading base_install_request/data/mail_templates_module_install.xml 
2026-07-28 06:30:40,847 8848 INFO odoo18 odoo.modules.loading: loading base_install_request/views/ir_module_module_views.xml 
2026-07-28 06:30:40,895 8848 INFO odoo18 odoo.modules.loading: Module base_install_request loaded in 0.33s, 134 queries (+134 other) 
2026-07-28 06:30:40,896 8848 INFO odoo18 odoo.modules.loading: Loading module calendar (19/35) 
2026-07-28 06:30:41,065 8848 INFO odoo18 odoo.modules.registry: module calendar: creating or updating database tables 
2026-07-28 06:30:41,376 8848 INFO odoo18 odoo.modules.loading: loading calendar/security/ir.model.access.csv 
2026-07-28 06:30:41,422 8848 INFO odoo18 odoo.modules.loading: loading calendar/security/calendar_security.xml 
2026-07-28 06:30:41,429 8848 INFO odoo18 odoo.modules.loading: loading calendar/data/calendar_cron.xml 
2026-07-28 06:30:41,440 8848 INFO odoo18 odoo.models.unlink: User #1 deleted ir.model.data records with IDs: [27452] 
2026-07-28 06:30:41,454 8848 INFO odoo18 odoo.modules.loading: loading calendar/data/mail_template_data.xml 
2026-07-28 06:30:41,462 8848 INFO odoo18 odoo.modules.loading: loading calendar/data/calendar_data.xml 
2026-07-28 06:30:41,474 8848 INFO odoo18 odoo.modules.loading: loading calendar/data/mail_activity_type_data.xml 
2026-07-28 06:30:41,478 8848 INFO odoo18 odoo.modules.loading: loading calendar/data/mail_message_subtype_data.xml 
2026-07-28 06:30:41,483 8848 INFO odoo18 odoo.modules.loading: loading calendar/views/mail_activity_views.xml 
2026-07-28 06:30:41,506 8848 INFO odoo18 odoo.modules.loading: loading calendar/views/calendar_templates.xml 
2026-07-28 06:30:41,518 8848 INFO odoo18 odoo.modules.loading: loading calendar/views/calendar_views.xml 
2026-07-28 06:30:41,792 8848 INFO odoo18 odoo.modules.loading: loading calendar/views/res_config_settings_views.xml 
2026-07-28 06:30:41,826 8848 INFO odoo18 odoo.modules.loading: loading calendar/views/res_partner_views.xml 
2026-07-28 06:30:41,864 8848 INFO odoo18 odoo.modules.loading: loading calendar/views/res_users_views.xml 
2026-07-28 06:30:41,908 8848 INFO odoo18 odoo.modules.loading: loading calendar/wizard/calendar_provider_config.xml 
2026-07-28 06:30:41,922 8848 INFO odoo18 odoo.modules.loading: loading calendar/wizard/calendar_popover_delete_wizard.xml 
2026-07-28 06:30:41,933 8848 INFO odoo18 odoo.modules.loading: loading calendar/wizard/mail_activity_schedule_views.xml 
2026-07-28 06:30:41,991 8848 INFO odoo18 odoo.modules.loading: Module calendar loaded in 1.09s, 621 queries (+621 other) 
2026-07-28 06:30:41,991 8848 INFO odoo18 odoo.modules.loading: Loading module contacts (20/35) 
2026-07-28 06:30:42,134 8848 INFO odoo18 odoo.modules.registry: module contacts: creating or updating database tables 
2026-07-28 06:30:42,258 8848 INFO odoo18 odoo.modules.loading: loading contacts/views/contact_views.xml 
2026-07-28 06:30:42,376 8848 INFO odoo18 odoo.modules.loading: Module contacts loaded in 0.39s, 213 queries (+213 other) 
2026-07-28 06:30:42,376 8848 INFO odoo18 odoo.modules.loading: Loading module google_gmail (21/35) 
2026-07-28 06:30:42,546 8848 INFO odoo18 odoo.modules.registry: module google_gmail: creating or updating database tables 
2026-07-28 06:30:42,637 8848 INFO odoo18 odoo.modules.loading: loading google_gmail/views/fetchmail_server_views.xml 
2026-07-28 06:30:42,664 8848 INFO odoo18 odoo.modules.loading: loading google_gmail/views/ir_mail_server_views.xml 
2026-07-28 06:30:42,684 8848 INFO odoo18 odoo.modules.loading: loading google_gmail/views/res_config_settings_views.xml 
2026-07-28 06:30:42,741 8848 INFO odoo18 odoo.modules.loading: Module google_gmail loaded in 0.37s, 118 queries (+118 other) 
2026-07-28 06:30:42,741 8848 INFO odoo18 odoo.modules.loading: Loading module iap_mail (22/35) 
2026-07-28 06:30:42,890 8848 INFO odoo18 odoo.modules.registry: module iap_mail: creating or updating database tables 
2026-07-28 06:30:42,948 8848 INFO odoo18 odoo.modules.loading: loading iap_mail/data/mail_templates.xml 
2026-07-28 06:30:42,975 8848 INFO odoo18 odoo.modules.loading: loading iap_mail/views/iap_views.xml 
2026-07-28 06:30:43,014 8848 INFO odoo18 odoo.modules.loading: Module iap_mail loaded in 0.27s, 82 queries (+82 other) 
2026-07-28 06:30:43,014 8848 INFO odoo18 odoo.modules.loading: Loading module mail_bot (23/35) 
2026-07-28 06:30:43,174 8848 INFO odoo18 odoo.modules.registry: module mail_bot: creating or updating database tables 
2026-07-28 06:30:43,275 8848 INFO odoo18 odoo.modules.loading: loading mail_bot/views/res_users_views.xml 
2026-07-28 06:30:43,336 8848 INFO odoo18 odoo.modules.loading: loading mail_bot/data/mailbot_data.xml 
2026-07-28 06:30:43,360 8848 INFO odoo18 odoo.modules.loading: Module mail_bot loaded in 0.35s, 130 queries (+130 other) 
2026-07-28 06:30:43,360 8848 INFO odoo18 odoo.modules.loading: Loading module phone_validation (24/35) 
2026-07-28 06:30:43,556 8848 INFO odoo18 odoo.modules.registry: module phone_validation: creating or updating database tables 
2026-07-28 06:30:46,078 8848 INFO odoo18 odoo.modules.loading: loading phone_validation/security/ir.model.access.csv 
2026-07-28 06:30:46,097 8848 INFO odoo18 odoo.modules.loading: loading phone_validation/views/phone_blacklist_views.xml 
2026-07-28 06:30:46,147 8848 INFO odoo18 odoo.modules.loading: loading phone_validation/wizard/phone_blacklist_remove_view.xml 
2026-07-28 06:30:46,182 8848 INFO odoo18 odoo.modules.loading: Module phone_validation loaded in 2.82s, 1549 queries (+1549 other) 
2026-07-28 06:30:46,183 8848 INFO odoo18 odoo.modules.loading: Loading module privacy_lookup (25/35) 
2026-07-28 06:30:46,341 8848 INFO odoo18 odoo.modules.registry: module privacy_lookup: creating or updating database tables 
2026-07-28 06:30:46,423 17848 INFO ? odoo: Odoo version 18.0 
2026-07-28 06:30:46,424 17848 INFO ? odoo: Using configuration file at D:\odoo-mcp\odoo.conf 
2026-07-28 06:30:46,424 17848 INFO ? odoo: addons paths: ['D:\\Odoo\\odoo\\odoo\\addons', 'd:\\odoo\\data\\addons\\18.0', 'd:\\odoo\\odoo\\addons', 'd:\\odoo\\addons', 'd:\\odoo-mcp\\custom_addons', 'd:\\odoo\\odoo\\odoo\\addons'] 
2026-07-28 06:30:46,424 17848 INFO ? odoo: database: odoo@localhost:5432 
2026-07-28 06:30:46,513 8848 INFO odoo18 odoo.modules.loading: loading privacy_lookup/wizard/privacy_lookup_wizard_views.xml 
2026-07-28 06:30:46,570 8848 INFO odoo18 odoo.modules.loading: loading privacy_lookup/views/privacy_log_views.xml 
2026-07-28 06:30:46,605 8848 INFO odoo18 odoo.modules.loading: loading privacy_lookup/security/ir.model.access.csv 
2026-07-28 06:30:46,636 8848 INFO odoo18 odoo.modules.loading: loading privacy_lookup/data/ir_actions_server_data.xml 
2026-07-28 06:30:46,675 8848 INFO odoo18 odoo.modules.loading: Module privacy_lookup loaded in 0.49s, 217 queries (+217 other) 
2026-07-28 06:30:46,675 8848 INFO odoo18 odoo.modules.loading: Loading module resource_mail (26/35) 
2026-07-28 06:30:46,869 17848 INFO ? odoo.addons.base.models.ir_actions_report: You need Wkhtmltopdf to print a pdf version of the reports. 
2026-07-28 06:30:46,882 17848 INFO ? odoo.addons.base.models.ir_actions_report: You need Wkhtmltoimage to generate images from html. 
2026-07-28 06:30:46,903 8848 INFO odoo18 odoo.modules.registry: module resource_mail: creating or updating database tables 
2026-07-28 06:30:46,969 8848 INFO odoo18 odoo.modules.loading: Module resource_mail loaded in 0.29s, 37 queries (+37 other) 
2026-07-28 06:30:46,969 8848 INFO odoo18 odoo.modules.loading: Loading module sales_team (27/35) 
2026-07-28 06:30:47,137 8848 INFO odoo18 odoo.modules.registry: module sales_team: creating or updating database tables 
2026-07-28 06:30:47,265 8848 INFO odoo18 odoo.modules.loading: loading sales_team/security/sales_team_security.xml 
2026-07-28 06:30:47,351 8848 INFO odoo18 odoo.modules.loading: loading sales_team/security/ir.model.access.csv 
2026-07-28 06:30:47,391 8848 INFO odoo18 odoo.modules.loading: loading sales_team/data/crm_team_data.xml 
2026-07-28 06:30:47,409 8848 INFO odoo18 odoo.modules.loading: loading sales_team/views/crm_tag_views.xml 
2026-07-28 06:30:47,440 8848 INFO odoo18 odoo.modules.loading: loading sales_team/views/crm_team_views.xml 
2026-07-28 06:30:47,464 17848 INFO odoo18 odoo.modules.loading: loading 1 modules... 
2026-07-28 06:30:47,474 17848 INFO odoo18 odoo.modules.loading: 1 modules loaded in 0.01s, 0 queries (+0 extra) 
2026-07-28 06:30:47,505 8848 INFO odoo18 odoo.modules.loading: loading sales_team/views/crm_team_member_views.xml 
2026-07-28 06:30:47,517 17848 INFO odoo18 odoo.modules.loading: updating modules list 
2026-07-28 06:30:47,522 17848 INFO odoo18 odoo.addons.base.models.ir_module: ALLOW access to module.update_list on [] to user __system__ #1 via n/a 
2026-07-28 06:30:47,576 8848 INFO odoo18 odoo.modules.loading: loading sales_team/views/mail_activity_views.xml 
2026-07-28 06:30:47,612 8848 INFO odoo18 odoo.modules.loading: Module sales_team loaded in 0.64s, 349 queries (+349 other) 
2026-07-28 06:30:47,612 8848 INFO odoo18 odoo.modules.loading: Loading module web_unsplash (28/35) 
2026-07-28 06:30:47,624 17848 WARNING odoo18 odoo.modules.module: addons path does not exist: d:\odoo\addons 
2026-07-28 06:30:47,777 8848 INFO odoo18 odoo.modules.registry: module web_unsplash: creating or updating database tables 
2026-07-28 06:30:47,899 8848 INFO odoo18 odoo.modules.loading: loading web_unsplash/views/res_config_settings_view.xml 
2026-07-28 06:30:47,976 8848 INFO odoo18 odoo.modules.loading: Module web_unsplash loaded in 0.36s, 101 queries (+101 other) 
2026-07-28 06:30:47,976 8848 INFO odoo18 odoo.modules.loading: Loading module portal (29/35) 
2026-07-28 06:30:48,166 8848 INFO odoo18 odoo.modules.registry: module portal: creating or updating database tables 
2026-07-28 06:30:48,593 8848 INFO odoo18 odoo.modules.loading: loading portal/security/ir.model.access.csv 
2026-07-28 06:30:48,612 8848 INFO odoo18 odoo.modules.loading: loading portal/data/mail_template_data.xml 
2026-07-28 06:30:48,617 8848 INFO odoo18 odoo.modules.loading: loading portal/data/mail_templates.xml 
2026-07-28 06:30:48,623 8848 INFO odoo18 odoo.modules.loading: loading portal/views/mail_templates_public.xml 
2026-07-28 06:30:48,639 8848 INFO odoo18 odoo.modules.loading: loading portal/views/portal_templates.xml 
2026-07-28 06:30:48,896 8848 INFO odoo18 odoo.modules.loading: loading portal/views/res_config_settings_views.xml 
2026-07-28 06:30:48,940 8848 INFO odoo18 odoo.modules.loading: loading portal/wizard/portal_share_views.xml 
2026-07-28 06:30:48,958 8848 INFO odoo18 odoo.modules.loading: loading portal/wizard/portal_wizard_views.xml 
2026-07-28 06:30:49,023 8848 INFO odoo18 odoo.modules.loading: Module portal loaded in 1.05s, 600 queries (+600 other) 
2026-07-28 06:30:49,023 8848 INFO odoo18 odoo.modules.loading: Loading module auth_totp_portal (30/35) 
2026-07-28 06:30:49,183 8848 INFO odoo18 odoo.modules.registry: module auth_totp_portal: creating or updating database tables 
2026-07-28 06:30:49,260 8848 INFO odoo18 odoo.modules.loading: loading auth_totp_portal/security/security.xml 
2026-07-28 06:30:49,267 8848 INFO odoo18 odoo.modules.loading: loading auth_totp_portal/views/templates.xml 
2026-07-28 06:30:49,307 8848 INFO odoo18 odoo.modules.loading: Module auth_totp_portal loaded in 0.28s, 73 queries (+73 other) 
2026-07-28 06:30:49,308 8848 INFO odoo18 odoo.modules.loading: Loading module digest (31/35) 
2026-07-28 06:30:49,509 8848 INFO odoo18 odoo.modules.registry: module digest: creating or updating database tables 
2026-07-28 06:30:49,644 8848 INFO odoo18 odoo.modules.loading: loading digest/security/ir.model.access.csv 
2026-07-28 06:30:49,666 8848 INFO odoo18 odoo.modules.loading: loading digest/data/digest_data.xml 
2026-07-28 06:30:49,674 8848 INFO odoo18 odoo.modules.loading: loading digest/data/digest_tips_data.xml 
2026-07-28 06:30:49,708 8848 INFO odoo18 odoo.modules.loading: loading digest/data/ir_cron_data.xml 
2026-07-28 06:30:49,733 8848 INFO odoo18 odoo.models.unlink: User #1 deleted ir.model.data records with IDs: [28657] 
2026-07-28 06:30:49,744 8848 INFO odoo18 odoo.modules.loading: loading digest/data/res_config_settings_data.xml 
2026-07-28 06:30:49,752 8848 INFO odoo18 odoo.modules.loading: loading digest/views/digest_views.xml 
2026-07-28 06:30:49,837 8848 INFO odoo18 odoo.modules.loading: loading digest/views/digest_templates.xml 
2026-07-28 06:30:49,848 8848 INFO odoo18 odoo.modules.loading: loading digest/views/res_config_settings_views.xml 
2026-07-28 06:30:49,936 8848 INFO odoo18 odoo.modules.loading: Module digest loaded in 0.63s, 284 queries (+284 other) 
2026-07-28 06:30:49,936 8848 INFO odoo18 odoo.modules.loading: Loading module crm (32/35) 
2026-07-28 06:30:50,157 8848 INFO odoo18 odoo.modules.registry: module crm: creating or updating database tables 
2026-07-28 06:30:50,417 17848 INFO odoo18 odoo.addons.base.models.ir_module: ALLOW access to module.button_install on ['MCP Connector'] to user __system__ #1 via n/a 
2026-07-28 06:30:50,444 17848 ERROR odoo18 odoo.sql_db: bad query: b' UPDATE "ir_module_module"\n                    SET "write_date" = "__tmp"."write_date"::timestamp, "write_uid" = "__tmp"."write_uid"::int4\n                    FROM (VALUES (1, \'2026-07-28 06:30:47.431777\', 1), (2, \'2026-07-28 06:30:47.431777\', 1), (3, \'2026-07-28 06:30:47.431777\', 1), (4, \'2026-07-28 06:30:47.431777\', 1), (5, \'2026-07-28 06:30:47.431777\', 1), (6, \'2026-07-28 06:30:47.431777\', 1), (7, \'2026-07-28 06:30:47.431777\', 1), (8, \'2026-07-28 06:30:47.431777\', 1), (9, \'2026-07-28 06:30:47.431777\', 1), (10, \'2026-07-28 06:30:47.431777\', 1), (11, \'2026-07-28 06:30:47.431777\', 1), (12, \'2026-07-28 06:30:47.431777\', 1), (13, \'2026-07-28 06:30:47.431777\', 1), (16, \'2026-07-28 06:30:47.431777\', 1), (17, \'2026-07-28 06:30:47.431777\', 1), (18, \'2026-07-28 06:30:47.431777\', 1), (19, \'2026-07-28 06:30:47.431777\', 1), (20, \'2026-07-28 06:30:47.431777\', 1), (21, \'2026-07-28 06:30:47.431777\', 1), (22, \'2026-07-28 06:30:47.431777\', 1), (23, \'2026-07-28 06:30:47.431777\', 1), (24, \'2026-07-28 06:30:47.431777\', 1), (26, \'2026-07-28 06:30:47.431777\', 1), (27, \'2026-07-28 06:30:47.431777\', 1), (31, \'2026-07-28 06:30:47.431777\', 1), (32, \'2026-07-28 06:30:47.431777\', 1), (33, \'2026-07-28 06:30:47.431777\', 1), (34, \'2026-07-28 06:30:47.431777\', 1), (35, \'2026-07-28 06:30:47.431777\', 1), (37, \'2026-07-28 06:30:47.431777\', 1), (38, \'2026-07-28 06:30:47.431777\', 1), (39, \'2026-07-28 06:30:47.431777\', 1), (40, \'2026-07-28 06:30:47.431777\', 1), (41, \'2026-07-28 06:30:47.431777\', 1), (42, \'2026-07-28 06:30:47.431777\', 1), (43, \'2026-07-28 06:30:47.431777\', 1), (44, \'2026-07-28 06:30:47.431777\', 1), (46, \'2026-07-28 06:30:47.431777\', 1), (48, \'2026-07-28 06:30:47.431777\', 1), (49, \'2026-07-28 06:30:47.431777\', 1), (64, \'2026-07-28 06:30:47.431777\', 1), (77, \'2026-07-28 06:30:47.431777\', 1), (79, \'2026-07-28 06:30:47.431777\', 1), (80, \'2026-07-28 06:30:47.431777\', 1), (90, \'2026-07-28 06:30:47.431777\', 1), (96, \'2026-07-28 06:30:47.431777\', 1), (100, \'2026-07-28 06:30:47.431777\', 1), (103, \'2026-07-28 06:30:47.431777\', 1), (104, \'2026-07-28 06:30:47.431777\', 1), (106, \'2026-07-28 06:30:47.431777\', 1), (110, \'2026-07-28 06:30:47.431777\', 1), (111, \'2026-07-28 06:30:47.431777\', 1), (112, \'2026-07-28 06:30:47.431777\', 1), (115, \'2026-07-28 06:30:47.431777\', 1), (116, \'2026-07-28 06:30:47.431777\', 1), (117, \'2026-07-28 06:30:47.431777\', 1), (119, \'2026-07-28 06:30:47.431777\', 1), (120, \'2026-07-28 06:30:47.431777\', 1), (121, \'2026-07-28 06:30:47.431777\', 1), (122, \'2026-07-28 06:30:47.431777\', 1), (123, \'2026-07-28 06:30:47.431777\', 1), (124, \'2026-07-28 06:30:47.431777\', 1), (125, \'2026-07-28 06:30:47.431777\', 1), (126, \'2026-07-28 06:30:47.431777\', 1), (127, \'2026-07-28 06:30:47.431777\', 1), (128, \'2026-07-28 06:30:47.431777\', 1), (129, \'2026-07-28 06:30:47.431777\', 1), (130, \'2026-07-28 06:30:47.431777\', 1), (131, \'2026-07-28 06:30:47.431777\', 1), (133, \'2026-07-28 06:30:47.431777\', 1), (134, \'2026-07-28 06:30:47.431777\', 1), (135, \'2026-07-28 06:30:47.431777\', 1), (136, \'2026-07-28 06:30:47.431777\', 1), (137, \'2026-07-28 06:30:47.431777\', 1), (138, \'2026-07-28 06:30:47.431777\', 1), (139, \'2026-07-28 06:30:47.431777\', 1), (140, \'2026-07-28 06:30:47.431777\', 1), (143, \'2026-07-28 06:30:47.431777\', 1), (144, \'2026-07-28 06:30:47.431777\', 1), (145, \'2026-07-28 06:30:47.431777\', 1), (146, \'2026-07-28 06:30:47.431777\', 1), (147, \'2026-07-28 06:30:47.431777\', 1), (148, \'2026-07-28 06:30:47.431777\', 1), (149, \'2026-07-28 06:30:47.431777\', 1), (150, \'2026-07-28 06:30:47.431777\', 1), (151, \'2026-07-28 06:30:47.431777\', 1), (152, \'2026-07-28 06:30:47.431777\', 1), (153, \'2026-07-28 06:30:47.431777\', 1), (154, \'2026-07-28 06:30:47.431777\', 1), (155, \'2026-07-28 06:30:47.431777\', 1), (156, \'2026-07-28 06:30:47.431777\', 1), (157, \'2026-07-28 06:30:47.431777\', 1), (158, \'2026-07-28 06:30:47.431777\', 1), (159, \'2026-07-28 06:30:47.431777\', 1), (160, \'2026-07-28 06:30:47.431777\', 1), (161, \'2026-07-28 06:30:47.431777\', 1), (162, \'2026-07-28 06:30:47.431777\', 1), (163, \'2026-07-28 06:30:47.431777\', 1), (164, \'2026-07-28 06:30:47.431777\', 1), (165, \'2026-07-28 06:30:47.431777\', 1)) AS "__tmp"("id", "write_date", "write_uid")\n                    WHERE "ir_module_module"."id" = "__tmp"."id"\n                '
ERROR: could not serialize access due to concurrent update
 
2026-07-28 06:30:50,695 8848 INFO odoo18 odoo.modules.loading: loading crm/security/crm_security.xml 
2026-07-28 06:30:51,458 17848 ERROR odoo18 odoo.sql_db: bad query: b"UPDATE ir_module_module SET state='installed' WHERE state IN ('to remove', 'to upgrade')"
ERROR: deadlock detected
DETAIL:  Process 3492 waits for ShareLock on transaction 11069; blocked by process 6028.
Process 6028 waits for ShareLock on transaction 11070; blocked by process 3492.
HINT:  See server log for query details.
CONTEXT:  while updating tuple (104,5) in relation "ir_module_module"
 
2026-07-28 06:30:51,458 17848 ERROR odoo18 odoo.modules.registry: Failed to load registry 
2026-07-28 06:30:51,479 8848 INFO odoo18 odoo.modules.loading: loading crm/security/ir.model.access.csv 
2026-07-28 06:30:51,458 17848 CRITICAL odoo18 odoo.service.server: Failed to initialize database `odoo18`. 
Traceback (most recent call last):
  File "D:\Odoo\odoo\odoo\modules\registry.py", line 115, in new
    odoo.modules.load_modules(registry, force_demo, status, update_module)
  File "D:\Odoo\odoo\odoo\modules\loading.py", line 456, in load_modules
    modules.button_install()
  File "D:\Odoo\venv\Lib\site-packages\decorator.py", line 232, in fun
    return caller(func, *(extras + args), **kw)
           ^^^^^^^^^^^^^^^^^^^^^^^^^^^^^^^^^^^^
  File "D:\Odoo\odoo\odoo\addons\base\models\ir_module.py", line 77, in check_and_log
    return method(self, *args, **kwargs)
           ^^^^^^^^^^^^^^^^^^^^^^^^^^^^^
  File "D:\Odoo\odoo\odoo\addons\base\models\ir_module.py", line 441, in button_install
    modules = self.search(auto_domain).filtered(must_install)
              ^^^^^^^^^^^^^^^^^^^^^^^^
  File "D:\Odoo\odoo\odoo\models.py", line 1754, in search
    return self.search_fetch(domain, [], offset=offset, limit=limit, order=order)
           ^^^^^^^^^^^^^^^^^^^^^^^^^^^^^^^^^^^^^^^^^^^^^^^^^^^^^^^^^^^^^^^^^^^^^^
  File "D:\Odoo\odoo\odoo\models.py", line 1786, in search_fetch
    return self._fetch_query(query, fields_to_fetch)
           ^^^^^^^^^^^^^^^^^^^^^^^^^^^^^^^^^^^^^^^^^
  File "D:\Odoo\odoo\odoo\models.py", line 4264, in _fetch_query
    fetched = self.browse(query)
              ^^^^^^^^^^^^^^^^^^
  File "D:\Odoo\odoo\odoo\models.py", line 6239, in browse
    if not ids:
           ^^^
  File "D:\Odoo\odoo\odoo\tools\query.py", line 262, in __bool__
    return bool(self.get_result_ids())
                ^^^^^^^^^^^^^^^^^^^^^
  File "D:\Odoo\odoo\odoo\tools\query.py", line 226, in get_result_ids
    self._ids = tuple(id_ for id_, in self._env.execute_query(self.select()))
                                      ^^^^^^^^^^^^^^^^^^^^^^^^^^^^^^^^^^^^^^
  File "D:\Odoo\odoo\odoo\api.py", line 992, in execute_query
    self.flush_query(query)
  File "D:\Odoo\odoo\odoo\api.py", line 984, in flush_query
    self[model_name].flush_model(field_names)
  File "D:\Odoo\odoo\odoo\models.py", line 6774, in flush_model
    self._flush(fnames)
  File "D:\Odoo\odoo\odoo\models.py", line 6852, in _flush
    model.browse(some_ids)._write_multi(vals_list)
  File "D:\Odoo\odoo\odoo\models.py", line 4938, in _write_multi
    self.env.execute_query(SQL(
  File "D:\Odoo\odoo\odoo\api.py", line 993, in execute_query
    self.cr.execute(query)
  File "D:\Odoo\odoo\odoo\sql_db.py", line 371, in execute
    res = self._obj.execute(query, params)
          ^^^^^^^^^^^^^^^^^^^^^^^^^^^^^^^^
psycopg2.errors.SerializationFailure: could not serialize access due to concurrent update


During handling of the above exception, another exception occurred:

Traceback (most recent call last):
  File "D:\Odoo\odoo\odoo\service\server.py", line 1414, in preload_registries
    registry = Registry.new(dbname, update_module=update_module)
               ^^^^^^^^^^^^^^^^^^^^^^^^^^^^^^^^^^^^^^^^^^^^^^^^^
  File "D:\Odoo\venv\Lib\site-packages\decorator.py", line 232, in fun
    return caller(func, *(extras + args), **kw)
           ^^^^^^^^^^^^^^^^^^^^^^^^^^^^^^^^^^^^
  File "D:\Odoo\odoo\odoo\tools\func.py", line 97, in locked
    return func(inst, *args, **kwargs)
           ^^^^^^^^^^^^^^^^^^^^^^^^^^^
  File "D:\Odoo\odoo\odoo\modules\registry.py", line 117, in new
    odoo.modules.reset_modules_state(db_name)
  File "D:\Odoo\odoo\odoo\modules\loading.py", line 641, in reset_modules_state
    cr.execute(
  File "D:\Odoo\odoo\odoo\sql_db.py", line 371, in execute
    res = self._obj.execute(query, params)
          ^^^^^^^^^^^^^^^^^^^^^^^^^^^^^^^^
psycopg2.errors.DeadlockDetected: deadlock detected
DETAIL:  Process 3492 waits for ShareLock on transaction 11069; blocked by process 6028.
Process 6028 waits for ShareLock on transaction 11070; blocked by process 3492.
HINT:  See server log for query details.
CONTEXT:  while updating tuple (104,5) in relation "ir_module_module"

2026-07-28 06:30:51,493 17848 INFO odoo18 odoo.service.server: Initiating shutdown 
2026-07-28 06:30:51,493 17848 INFO odoo18 odoo.service.server: Hit CTRL-C again or send a second signal to force the shutdown. 
2026-07-28 06:30:51,493 17848 INFO odoo18 odoo.sql_db: ConnectionPool(read/write;used=0/count=0/max=64): Closed 1 connections  
2026-07-28 06:30:51,584 8848 INFO odoo18 odoo.modules.loading: loading crm/data/crm_lead_merge_template.xml 
2026-07-28 06:30:51,607 8848 INFO odoo18 odoo.modules.loading: loading crm/data/crm_lead_prediction_data.xml 
2026-07-28 06:30:51,636 8848 INFO odoo18 odoo.models.unlink: User #1 deleted ir.model.data records with IDs: [29801] 
2026-07-28 06:30:51,652 8848 INFO odoo18 odoo.modules.loading: loading crm/data/crm_lost_reason_data.xml 
2026-07-28 06:30:51,665 8848 INFO odoo18 odoo.modules.loading: loading crm/data/crm_stage_data.xml 
2026-07-28 06:30:51,676 8848 INFO odoo18 odoo.modules.loading: loading crm/data/crm_team_data.xml 
2026-07-28 06:30:51,685 8848 INFO odoo18 odoo.modules.loading: loading crm/data/digest_data.xml 
2026-07-28 06:30:51,720 8848 INFO odoo18 odoo.modules.loading: loading crm/data/ir_action_data.xml 
2026-07-28 06:30:51,737 8848 INFO odoo18 odoo.modules.loading: loading crm/data/ir_cron_data.xml 
2026-07-28 06:30:51,763 8848 INFO odoo18 odoo.models.unlink: User #1 deleted ir.model.data records with IDs: [29824] 
2026-07-28 06:30:51,772 8848 INFO odoo18 odoo.modules.loading: loading crm/data/mail_message_subtype_data.xml 
2026-07-28 06:30:51,787 8848 INFO odoo18 odoo.modules.loading: loading crm/data/crm_recurring_plan_data.xml 
2026-07-28 06:30:51,797 8848 INFO odoo18 odoo.modules.loading: loading crm/data/crm_tour.xml 
2026-07-28 06:30:51,806 8848 INFO odoo18 odoo.modules.loading: loading crm/wizard/crm_lead_lost_views.xml 
2026-07-28 06:30:51,836 8848 INFO odoo18 odoo.modules.loading: loading crm/wizard/crm_lead_to_opportunity_views.xml 
2026-07-28 06:30:51,860 8848 INFO odoo18 odoo.modules.loading: loading crm/wizard/crm_lead_to_opportunity_mass_views.xml 
2026-07-28 06:30:51,880 8848 INFO odoo18 odoo.modules.loading: loading crm/wizard/crm_merge_opportunities_views.xml 
2026-07-28 06:30:51,901 8848 INFO odoo18 odoo.modules.loading: loading crm/wizard/crm_lead_pls_update_views.xml 
2026-07-28 06:30:51,918 8848 INFO odoo18 odoo.modules.loading: loading crm/views/calendar_views.xml 
2026-07-28 06:30:51,937 8848 INFO odoo18 odoo.modules.loading: loading crm/views/crm_recurring_plan_views.xml 
2026-07-28 06:30:51,963 8848 INFO odoo18 odoo.modules.loading: loading crm/views/crm_lost_reason_views.xml 
2026-07-28 06:30:51,997 8848 INFO odoo18 odoo.modules.loading: loading crm/views/crm_stage_views.xml 
2026-07-28 06:30:52,030 8848 INFO odoo18 odoo.modules.loading: loading crm/views/crm_lead_views.xml 
2026-07-28 06:30:52,347 8848 INFO odoo18 odoo.modules.loading: loading crm/views/crm_team_member_views.xml 
2026-07-28 06:30:52,393 8848 INFO odoo18 odoo.modules.loading: loading crm/views/digest_views.xml 
2026-07-28 06:30:52,412 8848 INFO odoo18 odoo.modules.loading: loading crm/views/mail_activity_plan_views.xml 
2026-07-28 06:30:52,423 8848 INFO odoo18 odoo.modules.loading: loading crm/views/mail_activity_views.xml 
2026-07-28 06:30:52,429 8848 INFO odoo18 odoo.modules.loading: loading crm/views/res_config_settings_views.xml 
2026-07-28 06:30:52,476 8848 INFO odoo18 odoo.modules.loading: loading crm/views/res_partner_views.xml 
2026-07-28 06:30:52,515 8848 INFO odoo18 odoo.modules.loading: loading crm/views/utm_campaign_views.xml 
2026-07-28 06:30:52,542 8848 INFO odoo18 odoo.modules.loading: loading crm/report/crm_activity_report_views.xml 
2026-07-28 06:30:52,587 8848 INFO odoo18 odoo.modules.loading: loading crm/report/crm_opportunity_report_views.xml 
2026-07-28 06:30:52,681 8848 INFO odoo18 odoo.models.unlink: User #1 deleted ir.actions.act_window.view records with IDs: [53, 54, 55] 
2026-07-28 06:30:52,701 8848 INFO odoo18 odoo.models.unlink: User #1 deleted ir.actions.act_window.view records with IDs: [56, 57, 58, 59] 
2026-07-28 06:30:52,707 8848 INFO odoo18 odoo.modules.loading: loading crm/views/crm_team_views.xml 
2026-07-28 06:30:52,722 8848 INFO odoo18 odoo.models.unlink: User #1 deleted ir.actions.act_window.view records with IDs: [60, 61] 
2026-07-28 06:30:52,813 8848 INFO odoo18 odoo.modules.loading: loading crm/views/crm_menu_views.xml 
2026-07-28 06:30:52,976 8848 INFO odoo18 odoo.modules.loading: loading crm/views/crm_helper_templates.xml 
2026-07-28 06:30:53,028 8848 INFO odoo18 odoo.modules.loading: Module crm loaded in 3.09s, 1592 queries (+1592 other) 
2026-07-28 06:30:53,028 8848 INFO odoo18 odoo.modules.loading: Loading module iap_crm (33/35) 
2026-07-28 06:30:53,208 8848 INFO odoo18 odoo.modules.registry: module iap_crm: creating or updating database tables 
2026-07-28 06:30:53,296 8848 INFO odoo18 odoo.modules.loading: Module iap_crm loaded in 0.27s, 58 queries (+58 other) 
2026-07-28 06:30:53,296 8848 INFO odoo18 odoo.modules.loading: Loading module crm_iap_enrich (34/35) 
2026-07-28 06:30:53,477 8848 INFO odoo18 odoo.modules.registry: module crm_iap_enrich: creating or updating database tables 
2026-07-28 06:30:53,573 8848 INFO odoo18 odoo.modules.loading: loading crm_iap_enrich/data/ir_cron.xml 
2026-07-28 06:30:53,584 8848 INFO odoo18 odoo.models.unlink: User #1 deleted ir.model.data records with IDs: [30057] 
2026-07-28 06:30:53,598 8848 INFO odoo18 odoo.modules.loading: loading crm_iap_enrich/data/ir_action.xml 
2026-07-28 06:30:53,607 8848 INFO odoo18 odoo.modules.loading: loading crm_iap_enrich/data/mail_templates.xml 
2026-07-28 06:30:53,612 8848 INFO odoo18 odoo.modules.loading: loading crm_iap_enrich/views/crm_lead_views.xml 
2026-07-28 06:30:53,650 8848 INFO odoo18 odoo.modules.loading: loading crm_iap_enrich/views/res_config_settings_view.xml 
2026-07-28 06:30:53,724 8848 INFO odoo18 odoo.modules.loading: Module crm_iap_enrich loaded in 0.43s, 157 queries (+157 other) 
2026-07-28 06:30:53,724 8848 INFO odoo18 odoo.modules.loading: Loading module crm_iap_mine (35/35) 
2026-07-28 06:30:53,914 8848 INFO odoo18 odoo.modules.registry: module crm_iap_mine: creating or updating database tables 
2026-07-28 06:30:54,054 8848 INFO odoo18 odoo.modules.loading: loading crm_iap_mine/data/crm.iap.lead.industry.csv 
2026-07-28 06:30:54,073 8848 INFO odoo18 odoo.modules.loading: loading crm_iap_mine/data/crm.iap.lead.role.csv 
2026-07-28 06:30:54,091 8848 INFO odoo18 odoo.modules.loading: loading crm_iap_mine/data/crm.iap.lead.seniority.csv 
2026-07-28 06:30:54,102 8848 INFO odoo18 odoo.modules.loading: loading crm_iap_mine/data/mail_template_data.xml 
2026-07-28 06:30:54,106 8848 INFO odoo18 odoo.modules.loading: loading crm_iap_mine/data/ir_sequence_data.xml 
2026-07-28 06:30:54,112 8848 INFO odoo18 odoo.modules.loading: loading crm_iap_mine/security/ir.model.access.csv 
2026-07-28 06:30:54,134 8848 INFO odoo18 odoo.modules.loading: loading crm_iap_mine/views/crm_lead_views.xml 
2026-07-28 06:30:54,197 8848 INFO odoo18 odoo.modules.loading: loading crm_iap_mine/views/crm_iap_lead_mining_request_views.xml 
2026-07-28 06:30:54,234 8848 INFO odoo18 odoo.modules.loading: loading crm_iap_mine/views/res_config_settings_views.xml 
2026-07-28 06:30:54,275 8848 INFO odoo18 odoo.modules.loading: loading crm_iap_mine/views/mail_templates.xml 
2026-07-28 06:30:54,293 8848 INFO odoo18 odoo.modules.loading: loading crm_iap_mine/views/crm_menus.xml 
2026-07-28 06:30:54,334 8848 INFO odoo18 odoo.modules.loading: Module crm_iap_mine loaded in 0.61s, 295 queries (+295 other) 
2026-07-28 06:30:54,334 8848 INFO odoo18 odoo.modules.loading: 35 modules loaded in 29.59s, 15667 queries (+15667 extra) 
2026-07-28 06:30:54,675 8848 INFO odoo18 odoo.modules.loading: Model iap.autocomplete.api is declared but cannot be loaded! (Perhaps a module was partially removed or renamed) 
2026-07-28 06:30:54,675 8848 INFO odoo18 odoo.modules.loading: Model res.partner.autocomplete.sync is declared but cannot be loaded! (Perhaps a module was partially removed or renamed) 
2026-07-28 06:30:54,697 8848 INFO odoo18 odoo.addons.base.models.ir_model: Deleting 81@ir.model.inherit (portal.model_inherit__twilio_auto_dialer__mail_thread) 
2026-07-28 06:30:54,699 8848 INFO odoo18 odoo.addons.base.models.ir_model: Deleting 79@ir.model.inherit (portal.model_inherit__twilio_call_log__mail_thread) 
2026-07-28 06:30:54,700 8848 INFO odoo18 odoo.addons.base.models.ir_model: Deleting 3654@ir.model.fields (portal.field_twilio_auto_dialer__website_message_ids) 
2026-07-28 06:30:54,701 8848 INFO odoo18 odoo.addons.base.models.ir_model: Deleting 3653@ir.model.fields (portal.field_twilio_call_log__website_message_ids) 
2026-07-28 06:30:54,702 8848 INFO odoo18 odoo.addons.base.models.ir_model: Deleting 82@ir.model.inherit (calendar.model_inherit__twilio_auto_dialer__mail_activity_mixin) 
2026-07-28 06:30:54,703 8848 INFO odoo18 odoo.addons.base.models.ir_model: Deleting 80@ir.model.inherit (calendar.model_inherit__twilio_call_log__mail_activity_mixin) 
2026-07-28 06:30:54,704 8848 INFO odoo18 odoo.addons.base.models.ir_model: Deleting 3526@ir.model.fields (calendar.field_twilio_auto_dialer__activity_calendar_event_id) 
2026-07-28 06:30:54,705 8848 INFO odoo18 odoo.addons.base.models.ir_model: Deleting 3525@ir.model.fields (calendar.field_twilio_call_log__activity_calendar_event_id) 
2026-07-28 06:30:54,706 8848 INFO odoo18 odoo.addons.base.models.ir_model: Deleting 1079@ir.model.fields.selection (mail.selection__twilio_auto_dialer__activity_exception_decoration__danger) 
2026-07-28 06:30:54,707 8848 INFO odoo18 odoo.addons.base.models.ir_model: Deleting 1078@ir.model.fields.selection (mail.selection__twilio_auto_dialer__activity_exception_decoration__warning) 
2026-07-28 06:30:54,708 8848 INFO odoo18 odoo.addons.base.models.ir_model: Deleting 1077@ir.model.fields.selection (mail.selection__twilio_auto_dialer__activity_state__planned) 
2026-07-28 06:30:54,708 8848 INFO odoo18 odoo.addons.base.models.ir_model: Deleting 1076@ir.model.fields.selection (mail.selection__twilio_auto_dialer__activity_state__today) 
2026-07-28 06:30:54,710 8848 INFO odoo18 odoo.addons.base.models.ir_model: Deleting 1075@ir.model.fields.selection (mail.selection__twilio_auto_dialer__activity_state__overdue) 
2026-07-28 06:30:54,711 8848 INFO odoo18 odoo.addons.base.models.ir_model: Deleting 1059@ir.model.fields.selection (mail.selection__twilio_call_log__activity_exception_decoration__danger) 
2026-07-28 06:30:54,712 8848 INFO odoo18 odoo.addons.base.models.ir_model: Deleting 1058@ir.model.fields.selection (mail.selection__twilio_call_log__activity_exception_decoration__warning) 
2026-07-28 06:30:54,713 8848 INFO odoo18 odoo.addons.base.models.ir_model: Deleting 1057@ir.model.fields.selection (mail.selection__twilio_call_log__activity_state__planned) 
2026-07-28 06:30:54,714 8848 INFO odoo18 odoo.addons.base.models.ir_model: Deleting 1056@ir.model.fields.selection (mail.selection__twilio_call_log__activity_state__today) 
2026-07-28 06:30:54,716 8848 INFO odoo18 odoo.addons.base.models.ir_model: Deleting 1055@ir.model.fields.selection (mail.selection__twilio_call_log__activity_state__overdue) 
2026-07-28 06:30:54,740 8848 INFO odoo18 odoo.models.unlink: User #1 deleted ir.model.data records with IDs: [28497, 28493, 27707, 27706, 27429, 27426, 26643, 26642, 23545, 23544, 23543, 23542, 23541, 23515, 23514, 23513, 23512, 23511] 
2026-07-28 06:30:55,344 8848 INFO odoo18 odoo.modules.loading: Modules loaded. 
2026-07-28 06:30:55,348 8848 INFO odoo18 odoo.modules.registry: Registry changed, signaling through the database 
2026-07-28 06:30:55,350 8848 INFO odoo18 odoo.modules.registry: Registry loaded in 43.381s 
2026-07-28 06:30:55,351 8848 INFO odoo18 odoo.service.server: Initiating shutdown 
2026-07-28 06:30:55,351 8848 INFO odoo18 odoo.service.server: Hit CTRL-C again or send a second signal to force the shutdown. 
2026-07-28 06:30:55,351 8848 INFO odoo18 odoo.sql_db: ConnectionPool(read/write;used=0/count=0/max=64): Closed 1 connections  
2026-07-28 06:30:57,729 2396 INFO odoo18 odoo.modules.registry: Reloading the model registry after database signaling. 
2026-07-28 06:30:57,738 2396 INFO odoo18 odoo.modules.loading: loading 1 modules... 
2026-07-28 06:30:57,746 2396 INFO odoo18 odoo.modules.loading: 1 modules loaded in 0.01s, 0 queries (+0 extra) 
2026-07-28 06:30:57,753 2396 INFO odoo18 odoo.modules.loading: loading 35 modules... 
2026-07-28 06:30:57,787 2396 INFO odoo18 odoo.modules.loading: 35 modules loaded in 0.03s, 0 queries (+0 extra) 
2026-07-28 06:30:57,982 2396 INFO odoo18 odoo.modules.loading: Modules loaded. 
2026-07-28 06:30:57,985 2396 INFO odoo18 odoo.modules.registry: Registry loaded in 0.256s 
2026-07-28 06:30:58,014 2396 INFO odoo18 odoo.addons.base.models.ir_cron: Job 'Base: Auto-vacuum internal data' (21) starting 
2026-07-28 06:30:58,064 2396 INFO odoo18 odoo.addons.base.models.ir_attachment: _file_gc could not unlink d:\odoo\data\filestore\odoo18\4a/4a5f660109d66d1ba4c476cbbfa23d7bf7883f03 
Traceback (most recent call last):
  File "D:\Odoo\odoo\odoo\addons\base\models\ir_attachment.py", line 219, in _gc_file_store_unsafe
    os.unlink(self._full_path(fname))
FileNotFoundError: [WinError 3] The system cannot find the path specified: 'd:\\odoo\\data\\filestore\\odoo18\\4a/4a5f660109d66d1ba4c476cbbfa23d7bf7883f03'
2026-07-28 06:30:58,066 2396 INFO odoo18 odoo.addons.base.models.ir_attachment: _file_gc could not unlink d:\odoo\data\filestore\odoo18\75/753b25c211ee54a3b526a779d558de8031c70afa 
Traceback (most recent call last):
  File "D:\Odoo\odoo\odoo\addons\base\models\ir_attachment.py", line 219, in _gc_file_store_unsafe
    os.unlink(self._full_path(fname))
FileNotFoundError: [WinError 3] The system cannot find the path specified: 'd:\\odoo\\data\\filestore\\odoo18\\75/753b25c211ee54a3b526a779d558de8031c70afa'
2026-07-28 06:30:58,067 2396 INFO odoo18 odoo.addons.base.models.ir_attachment: _file_gc could not unlink d:\odoo\data\filestore\odoo18\87/87f13e4494c26037702045f9f787607ee79a09ae 
Traceback (most recent call last):
  File "D:\Odoo\odoo\odoo\addons\base\models\ir_attachment.py", line 219, in _gc_file_store_unsafe
    os.unlink(self._full_path(fname))
FileNotFoundError: [WinError 3] The system cannot find the path specified: 'd:\\odoo\\data\\filestore\\odoo18\\87/87f13e4494c26037702045f9f787607ee79a09ae'
2026-07-28 06:30:58,069 2396 INFO odoo18 odoo.addons.base.models.ir_attachment: filestore gc 18 checked, 0 removed 
2026-07-28 06:30:58,156 2396 INFO odoo18 odoo.addons.base.models.res_users: GC'd 1 user log entries 
2026-07-28 06:30:58,173 2396 INFO odoo18 odoo.addons.base.models.res_users: GC 'res.users.apikeys' delete 0 entries 
2026-07-28 06:30:58,186 2396 INFO odoo18 odoo.addons.base.models.res_device: GC device logs delete 2 entries 
2026-07-28 06:30:58,189 2396 INFO odoo18 odoo.addons.base.models.res_device: GC device logs delete 0 entries 
2026-07-28 06:30:58,222 2396 INFO odoo18 odoo.addons.base.models.res_users: GC 'auth_totp.device' delete 0 entries 
2026-07-28 06:30:58,431 2396 INFO odoo18 odoo.addons.base.models.ir_cron: Job 'Base: Auto-vacuum internal data' (21) done in 0.416s 
2026-07-28 06:30:58,435 2396 INFO odoo18 odoo.addons.base.models.ir_cron: Job 'Base: Auto-vacuum internal data' (21) processed 0 records, 0 records remaining 
2026-07-28 06:30:58,444 2396 INFO odoo18 odoo.addons.base.models.ir_cron: Job 'Base: Auto-vacuum internal data' (21) completed 
2026-07-28 06:30:58,456 2396 INFO odoo18 odoo.addons.base.models.ir_cron: Job 'Notification: Delete Notifications older than 6 Month' (25) starting 
2026-07-28 06:30:58,478 2396 INFO odoo18 odoo.addons.base.models.ir_cron: Job 'Notification: Delete Notifications older than 6 Month' (25) done in 0.023s 
2026-07-28 06:30:58,482 2396 INFO odoo18 odoo.addons.base.models.ir_cron: Job 'Notification: Delete Notifications older than 6 Month' (25) processed 0 records, 0 records remaining 
2026-07-28 06:30:58,485 2396 INFO odoo18 odoo.addons.base.models.ir_cron: Job 'Notification: Delete Notifications older than 6 Month' (25) completed 
2026-07-28 06:30:58,496 2396 INFO odoo18 odoo.addons.base.models.ir_cron: Job 'Mail: Post scheduled messages' (27) starting 
2026-07-28 06:30:58,501 2396 INFO odoo18 odoo.addons.mail.models.mail_scheduled_message: Posting 0 scheduled messages 
2026-07-28 06:30:58,502 2396 INFO odoo18 odoo.addons.base.models.ir_cron: Job 'Mail: Post scheduled messages' (27) done in 0.006s 
2026-07-28 06:30:58,505 2396 INFO odoo18 odoo.addons.base.models.ir_cron: Job 'Mail: Post scheduled messages' (27) processed 0 records, 0 records remaining 
2026-07-28 06:30:58,509 2396 INFO odoo18 odoo.addons.base.models.ir_cron: Job 'Mail: Post scheduled messages' (27) completed 
2026-07-28 06:30:58,519 2396 INFO odoo18 odoo.addons.base.models.ir_cron: Job 'Notification: Notify scheduled messages' (28) starting 
2026-07-28 06:30:58,525 2396 INFO odoo18 odoo.addons.base.models.ir_cron: Job 'Notification: Notify scheduled messages' (28) done in 0.006s 
2026-07-28 06:30:58,530 2396 INFO odoo18 odoo.addons.base.models.ir_cron: Job 'Notification: Notify scheduled messages' (28) processed 0 records, 0 records remaining 
2026-07-28 06:30:58,533 2396 INFO odoo18 odoo.addons.base.models.ir_cron: Job 'Notification: Notify scheduled messages' (28) completed 
2026-07-28 06:30:58,543 2396 INFO odoo18 odoo.addons.base.models.ir_cron: Job 'Mail: send web push notification' (29) starting 
2026-07-28 06:30:58,549 2396 INFO odoo18 odoo.addons.base.models.ir_cron: Job 'Mail: send web push notification' (29) done in 0.006s 
2026-07-28 06:30:58,552 2396 INFO odoo18 odoo.addons.base.models.ir_cron: Job 'Mail: send web push notification' (29) processed 0 records, 0 records remaining 
2026-07-28 06:30:58,555 2396 INFO odoo18 odoo.addons.base.models.ir_cron: Job 'Mail: send web push notification' (29) completed 
2026-07-28 06:30:58,567 2396 INFO odoo18 odoo.addons.base.models.ir_cron: Job 'Discuss: channel member unmute' (30) starting 
2026-07-28 06:30:58,572 2396 INFO odoo18 odoo.addons.base.models.ir_cron: Job 'Discuss: channel member unmute' (30) done in 0.004s 
2026-07-28 06:30:58,575 2396 INFO odoo18 odoo.addons.base.models.ir_cron: Job 'Discuss: channel member unmute' (30) processed 0 records, 0 records remaining 
2026-07-28 06:30:58,578 2396 INFO odoo18 odoo.addons.base.models.ir_cron: Job 'Discuss: channel member unmute' (30) completed 
2026-07-28 06:30:58,588 2396 INFO odoo18 odoo.addons.base.models.ir_cron: Job 'Discuss: users settings unmute' (31) starting 
2026-07-28 06:30:58,596 2396 INFO odoo18 odoo.addons.base.models.ir_cron: Job 'Discuss: users settings unmute' (31) done in 0.009s 
2026-07-28 06:30:58,601 2396 INFO odoo18 odoo.addons.base.models.ir_cron: Job 'Discuss: users settings unmute' (31) processed 0 records, 0 records remaining 
2026-07-28 06:30:58,604 2396 INFO odoo18 odoo.addons.base.models.ir_cron: Job 'Discuss: users settings unmute' (31) completed 
2026-07-28 06:30:58,614 2396 INFO odoo18 odoo.addons.base.models.ir_cron: Job 'Calendar: Event Reminder' (33) starting 
2026-07-28 06:30:58,628 2396 INFO odoo18 odoo.addons.base.models.ir_cron: Job 'Calendar: Event Reminder' (33) done in 0.014s 
2026-07-28 06:30:58,631 2396 INFO odoo18 odoo.addons.base.models.ir_cron: Job 'Calendar: Event Reminder' (33) processed 0 records, 0 records remaining 
2026-07-28 06:30:58,634 2396 INFO odoo18 odoo.addons.base.models.ir_cron: Job 'Calendar: Event Reminder' (33) completed 
2026-07-28 06:30:58,642 2396 INFO odoo18 odoo.addons.base.models.ir_cron: Job 'CRM: enrich leads (IAP)' (37) starting 
2026-07-28 06:30:58,647 2396 INFO odoo18 odoo.addons.base.models.ir_cron: Job 'CRM: enrich leads (IAP)' (37) done in 0.005s 
2026-07-28 06:30:58,650 2396 INFO odoo18 odoo.addons.base.models.ir_cron: Job 'CRM: enrich leads (IAP)' (37) processed 0 records, 0 records remaining 
2026-07-28 06:30:58,653 2396 INFO odoo18 odoo.addons.base.models.ir_cron: Job 'CRM: enrich leads (IAP)' (37) completed 
2026-07-28 06:30:58,663 2396 INFO odoo18 odoo.addons.base.models.ir_cron: Job 'Mail: Email Queue Manager' (23) starting 
2026-07-28 06:30:58,673 2396 INFO odoo18 odoo.addons.base.models.ir_cron: Job 'Mail: Email Queue Manager' (23) done in 0.010s 
2026-07-28 06:30:58,675 2396 INFO odoo18 odoo.addons.base.models.ir_cron: Job 'Mail: Email Queue Manager' (23) processed 0 records, 0 records remaining 
2026-07-28 06:30:58,679 2396 INFO odoo18 odoo.addons.base.models.ir_cron: Job 'Mail: Email Queue Manager' (23) completed 
2026-07-28 06:30:58,687 2396 INFO odoo18 odoo.addons.base.models.ir_cron: Job 'Users: Notify About Unregistered Users' (32) starting 
2026-07-28 06:30:58,700 2396 INFO odoo18 odoo.addons.base.models.ir_cron: Job 'Users: Notify About Unregistered Users' (32) done in 0.013s 
2026-07-28 06:30:58,703 2396 INFO odoo18 odoo.addons.base.models.ir_cron: Job 'Users: Notify About Unregistered Users' (32) processed 0 records, 0 records remaining 
2026-07-28 06:30:58,706 2396 INFO odoo18 odoo.addons.base.models.ir_cron: Job 'Users: Notify About Unregistered Users' (32) completed 
2026-07-28 06:30:58,714 2396 INFO odoo18 odoo.addons.base.models.ir_cron: Job 'Base: Portal Users Deletion' (22) starting 
2026-07-28 06:30:58,721 2396 INFO odoo18 odoo.addons.base.models.ir_cron: Job 'Base: Portal Users Deletion' (22) done in 0.006s 
2026-07-28 06:30:58,723 2396 INFO odoo18 odoo.addons.base.models.ir_cron: Job 'Base: Portal Users Deletion' (22) processed 0 records, 0 records remaining 
2026-07-28 06:30:58,728 2396 INFO odoo18 odoo.addons.base.models.ir_cron: Job 'Base: Portal Users Deletion' (22) completed 
2026-07-28 06:31:02,679 18320 INFO ? odoo: Odoo version 18.0 
2026-07-28 06:31:02,679 18320 INFO ? odoo: Using configuration file at D:\odoo-mcp\odoo.conf 
2026-07-28 06:31:02,679 18320 INFO ? odoo: addons paths: ['D:\\Odoo\\odoo\\odoo\\addons', 'd:\\odoo\\data\\addons\\18.0', 'd:\\odoo\\odoo\\addons', 'd:\\odoo\\addons', 'd:\\odoo-mcp\\custom_addons', 'd:\\odoo\\odoo\\odoo\\addons'] 
2026-07-28 06:31:02,679 18320 INFO ? odoo: database: odoo@localhost:5432 
2026-07-28 06:31:02,952 18320 INFO ? odoo.addons.base.models.ir_actions_report: You need Wkhtmltopdf to print a pdf version of the reports. 
2026-07-28 06:31:02,967 18320 INFO ? odoo.addons.base.models.ir_actions_report: You need Wkhtmltoimage to generate images from html. 
2026-07-28 06:31:04,278 18320 INFO ? odoo.service.server: HTTP service (werkzeug) running on Annu:8069 
2026-07-28 06:31:28,090 2396 INFO odoo18 odoo.addons.base.models.ir_http: Generating routing map for key None 
2026-07-28 06:31:28,165 2396 ERROR odoo18 odoo.addons.base.models.ir_model: Missing model twilio.call.log 
2026-07-28 06:31:28,166 2396 ERROR odoo18 odoo.addons.base.models.ir_model: Missing model mcp.enabled.model 
2026-07-28 06:31:28,166 2396 ERROR odoo18 odoo.addons.base.models.ir_model: Missing model twilio.auto.dialer 
2026-07-28 06:31:28,166 2396 ERROR odoo18 odoo.addons.base.models.ir_model: Missing model mcp.log 
2026-07-28 06:31:28,167 2396 ERROR odoo18 odoo.addons.base.models.ir_model: Missing model mcp.oauth.client 
2026-07-28 06:31:28,167 2396 ERROR odoo18 odoo.addons.base.models.ir_model: Missing model mcp.oauth.token 
2026-07-28 06:31:28,167 2396 ERROR odoo18 odoo.addons.base.models.ir_model: Missing model mcp.custom.tool 
2026-07-28 06:31:28,213 2396 INFO odoo18 odoo.addons.base.models.ir_attachment: _read_file reading d:\odoo\data\filestore\odoo18\b6/b6b80ab26f20f0e18980e06707a78cf44c0a7e7e 
Traceback (most recent call last):
  File "D:\Odoo\odoo\odoo\tools\cache.py", line 103, in lookup
    r = d[key]
        ~^^^^^
  File "D:\Odoo\venv\Lib\site-packages\decorator.py", line 232, in fun
    return caller(func, *(extras + args), **kw)
           ^^^^^^^^^^^^^^^^^^^^^^^^^^^^^^^^^^^^
  File "D:\Odoo\odoo\odoo\tools\func.py", line 97, in locked
    return func(inst, *args, **kwargs)
           ^^^^^^^^^^^^^^^^^^^^^^^^^^^
  File "D:\Odoo\odoo\odoo\tools\lru.py", line 33, in __getitem__
    a = self.d[obj]
        ~~~~~~^^^^^
KeyError: ('ir.ui.menu', <function IrUiMenu.load_menus at 0x000001A1B8132C00>, 2, '', ('en_US',))

During handling of the above exception, another exception occurred:

Traceback (most recent call last):
  File "D:\Odoo\odoo\odoo\addons\base\models\ir_attachment.py", line 127, in _file_read
    with open(full_path, 'rb') as f:
         ^^^^^^^^^^^^^^^^^^^^^
FileNotFoundError: [Errno 2] No such file or directory: 'd:\\odoo\\data\\filestore\\odoo18\\b6/b6b80ab26f20f0e18980e06707a78cf44c0a7e7e'
2026-07-28 06:31:30,137 2396 INFO odoo18 werkzeug: 127.0.0.1 - - [28/Jul/2026 06:31:30] "GET /odoo/apps HTTP/1.1" 200 - 107 0.086 1.963
2026-07-28 06:31:30,197 2396 INFO odoo18 werkzeug: 127.0.0.1 - - [28/Jul/2026 06:31:30] "GET /web/assets/e126dd8/web.assets_web.min.css HTTP/1.1" 200 - 3 0.001 0.020
2026-07-28 06:31:30,547 2396 INFO odoo18 werkzeug: 127.0.0.1 - - [28/Jul/2026 06:31:30] "GET /web/webclient/translations/4385049a5976cc5f836221b40576602d93b36aa0?lang=en_US HTTP/1.1" 200 - 1 0.001 0.060
2026-07-28 06:31:30,561 2396 INFO odoo18 werkzeug: 127.0.0.1 - - [28/Jul/2026 06:31:30] "GET /web/assets/9f20094/web.assets_web.min.js HTTP/1.1" 200 - 3 0.008 0.067
2026-07-28 06:31:30,571 2396 INFO odoo18 werkzeug: 127.0.0.1 - - [28/Jul/2026 06:31:30] "GET /web/manifest.webmanifest HTTP/1.1" 200 - 9 0.018 0.065
2026-07-28 06:31:30,609 2396 INFO odoo18 werkzeug: 127.0.0.1 - - [28/Jul/2026 06:31:30] "GET /web/webclient/load_menus/9a3f09a04d58db7247ccaa05bdb8f3a30b0fe073616731309dc54a716ab3783a HTTP/1.1" 200 - 40 0.042 0.081
2026-07-28 06:31:30,898 2396 INFO odoo18 werkzeug: 127.0.0.1 - - [28/Jul/2026 06:31:30] "GET /web/webclient/translations/4385049a5976cc5f836221b40576602d93b36aa0?lang=en_US HTTP/1.1" 200 - 1 0.001 0.004
2026-07-28 06:31:31,332 2396 ERROR ? odoo.http: Exception during request handling. 
Traceback (most recent call last):
  File "D:\Odoo\odoo\odoo\http.py", line 2572, in __call__
    if self.get_static_file(httprequest.path):
       ^^^^^^^^^^^^^^^^^^^^^^^^^^^^^^^^^^^^^^
  File "D:\Odoo\odoo\odoo\http.py", line 2471, in get_static_file
    if (static != 'static' or not resource or module not in self.statics):
                                                            ^^^^^^^^^^^^
  File "D:\Odoo\odoo\odoo\tools\func.py", line 42, in __get__
    value = self.fget(obj)
            ^^^^^^^^^^^^^^
  File "D:\Odoo\odoo\odoo\http.py", line 2440, in statics
    for module in os.listdir(addons_path):
                  ^^^^^^^^^^^^^^^^^^^^^^^
FileNotFoundError: [WinError 3] The system cannot find the path specified: 'd:\\odoo\\addons'
2026-07-28 06:31:31,333 2396 INFO ? werkzeug: 127.0.0.1 - - [28/Jul/2026 06:31:31] "GET /web/static/lib/odoo_ui_icons/fonts/odoo_ui_icons.woff2 HTTP/1.1" 500 - 0 0.000 0.156
2026-07-28 06:31:31,384 2396 INFO odoo18 werkzeug: 127.0.0.1 - - [28/Jul/2026 06:31:31] "POST /web/action/load HTTP/1.1" 200 - 11 0.014 0.018
2026-07-28 06:31:31,435 2396 INFO odoo18 werkzeug: 127.0.0.1 - - [28/Jul/2026 06:31:31] "GET /web/image?model=res.users&field=avatar_128&id=2 HTTP/1.1" 200 - 16 0.057 0.023
2026-07-28 06:31:31,446 2396 ERROR ? odoo.http: Exception during request handling. 
Traceback (most recent call last):
  File "D:\Odoo\odoo\odoo\http.py", line 2572, in __call__
    if self.get_static_file(httprequest.path):
       ^^^^^^^^^^^^^^^^^^^^^^^^^^^^^^^^^^^^^^
  File "D:\Odoo\odoo\odoo\http.py", line 2471, in get_static_file
    if (static != 'static' or not resource or module not in self.statics):
                                                            ^^^^^^^^^^^^
  File "D:\Odoo\odoo\odoo\tools\func.py", line 42, in __get__
    value = self.fget(obj)
            ^^^^^^^^^^^^^^
  File "D:\Odoo\odoo\odoo\http.py", line 2440, in statics
    for module in os.listdir(addons_path):
                  ^^^^^^^^^^^^^^^^^^^^^^^
FileNotFoundError: [WinError 3] The system cannot find the path specified: 'd:\\odoo\\addons'
2026-07-28 06:31:31,449 2396 INFO ? werkzeug: 127.0.0.1 - - [28/Jul/2026 06:31:31] "GET /web/static/src/libs/fontawesome/fonts/fontawesome-webfont.woff2?v=4.7.0 HTTP/1.1" 500 - 0 0.000 0.223
2026-07-28 06:31:31,455 2396 INFO odoo18 werkzeug: 127.0.0.1 - - [28/Jul/2026 06:31:31] "POST /mail/data HTTP/1.1" 200 - 34 0.069 0.032
2026-07-28 06:31:31,555 2396 ERROR ? odoo.http: Exception during request handling. 
Traceback (most recent call last):
  File "D:\Odoo\odoo\odoo\http.py", line 2572, in __call__
    if self.get_static_file(httprequest.path):
       ^^^^^^^^^^^^^^^^^^^^^^^^^^^^^^^^^^^^^^
  File "D:\Odoo\odoo\odoo\http.py", line 2471, in get_static_file
    if (static != 'static' or not resource or module not in self.statics):
                                                            ^^^^^^^^^^^^
  File "D:\Odoo\odoo\odoo\tools\func.py", line 42, in __get__
    value = self.fget(obj)
            ^^^^^^^^^^^^^^
  File "D:\Odoo\odoo\odoo\http.py", line 2440, in statics
    for module in os.listdir(addons_path):
                  ^^^^^^^^^^^^^^^^^^^^^^^
FileNotFoundError: [WinError 3] The system cannot find the path specified: 'd:\\odoo\\addons'
2026-07-28 06:31:31,556 2396 INFO ? werkzeug: 127.0.0.1 - - [28/Jul/2026 06:31:31] "GET /web/static/lib/odoo_ui_icons/fonts/odoo_ui_icons.woff HTTP/1.1" 500 - 0 0.000 0.203
2026-07-28 06:31:31,768 2396 INFO odoo18 werkzeug: 127.0.0.1 - - [28/Jul/2026 06:31:31] "GET /web/image/res.partner/3/avatar_128?unique=1784944650000 HTTP/1.1" 200 - 7 0.009 0.016
2026-07-28 06:31:31,790 2396 INFO odoo18 werkzeug: 127.0.0.1 - - [28/Jul/2026 06:31:31] "GET /web/assets/d437b6b/web.assets_web_print.min.css HTTP/1.1" 200 - 3 0.009 0.018
2026-07-28 06:31:31,798 2396 ERROR odoo18 odoo.http: Exception during request handling. 
Traceback (most recent call last):
  File "D:\Odoo\odoo\odoo\http.py", line 2577, in __call__
    response = request._serve_db()
               ^^^^^^^^^^^^^^^^^^^
  File "D:\Odoo\odoo\odoo\http.py", line 2104, in _serve_db
    return self._transactioning(
           ^^^^^^^^^^^^^^^^^^^^^
  File "D:\Odoo\odoo\odoo\http.py", line 2167, in _transactioning
    return service_model.retrying(func, env=self.env)
           ^^^^^^^^^^^^^^^^^^^^^^^^^^^^^^^^^^^^^^^^^^
  File "D:\Odoo\odoo\odoo\service\model.py", line 157, in retrying
    result = func()
             ^^^^^^
  File "D:\Odoo\odoo\odoo\http.py", line 2134, in _serve_ir_http
    response = self.dispatcher.dispatch(rule.endpoint, args)
               ^^^^^^^^^^^^^^^^^^^^^^^^^^^^^^^^^^^^^^^^^^^^^
  File "D:\Odoo\odoo\odoo\http.py", line 2295, in dispatch
    return self.request.registry['ir.http']._dispatch(endpoint)
           ^^^^^^^^^^^^^^^^^^^^^^^^^^^^^^^^^^^^^^^^^^^^^^^^^^^^
  File "D:\Odoo\odoo\odoo\addons\base\models\ir_http.py", line 333, in _dispatch
    result = endpoint(**request.params)
             ^^^^^^^^^^^^^^^^^^^^^^^^^^
  File "D:\Odoo\odoo\odoo\http.py", line 754, in route_wrapper
    result = endpoint(self, *args, **params_ok)
             ^^^^^^^^^^^^^^^^^^^^^^^^^^^^^^^^^^
  File "d:\odoo\odoo\addons\bus\controllers\websocket.py", line 64, in get_websocket_worker_bundle
    stream = request.env['ir.binary']._get_stream_from(bundle.js())
             ^^^^^^^^^^^^^^^^^^^^^^^^^^^^^^^^^^^^^^^^^^^^^^^^^^^^^^
  File "D:\Odoo\odoo\odoo\addons\base\models\ir_binary.py", line 127, in _get_stream_from
    stream = self._record_to_stream(record, field_name)
             ^^^^^^^^^^^^^^^^^^^^^^^^^^^^^^^^^^^^^^^^^^
  File "D:\Odoo\odoo\odoo\addons\base\models\ir_binary.py", line 74, in _record_to_stream
    return record._to_http_stream()
           ^^^^^^^^^^^^^^^^^^^^^^^^
  File "D:\Odoo\odoo\odoo\addons\base\models\ir_attachment.py", line 822, in _to_http_stream
    stat = os.stat(stream.path)
           ^^^^^^^^^^^^^^^^^^^^
FileNotFoundError: [WinError 3] The system cannot find the path specified: 'd:\\odoo\\data\\filestore\\odoo18/98/985c54ad8e118256b787b9c73701c7a135b7735c'
2026-07-28 06:31:31,805 2396 INFO odoo18 werkzeug: 127.0.0.1 - - [28/Jul/2026 06:31:31] "GET /bus/websocket_worker_bundle?v=18.0-7 HTTP/1.1" 500 - 4 0.006 0.031
2026-07-28 06:31:31,822 2396 INFO odoo18 werkzeug: 127.0.0.1 - - [28/Jul/2026 06:31:31] "POST /web/dataset/call_kw/ir.module.module/get_views HTTP/1.1" 200 - 57 0.064 0.062
2026-07-28 06:31:31,866 2396 ERROR ? odoo.http: Exception during request handling. 
Traceback (most recent call last):
  File "D:\Odoo\odoo\odoo\http.py", line 2572, in __call__
    if self.get_static_file(httprequest.path):
       ^^^^^^^^^^^^^^^^^^^^^^^^^^^^^^^^^^^^^^
  File "D:\Odoo\odoo\odoo\http.py", line 2471, in get_static_file
    if (static != 'static' or not resource or module not in self.statics):
                                                            ^^^^^^^^^^^^
  File "D:\Odoo\odoo\odoo\tools\func.py", line 42, in __get__
    value = self.fget(obj)
            ^^^^^^^^^^^^^^
  File "D:\Odoo\odoo\odoo\http.py", line 2440, in statics
    for module in os.listdir(addons_path):
                  ^^^^^^^^^^^^^^^^^^^^^^^
FileNotFoundError: [WinError 3] The system cannot find the path specified: 'd:\\odoo\\addons'
2026-07-28 06:31:31,867 2396 INFO ? werkzeug: 127.0.0.1 - - [28/Jul/2026 06:31:31] "GET /web/static/src/libs/fontawesome/fonts/fontawesome-webfont.woff?v=4.7.0 HTTP/1.1" 500 - 0 0.000 0.218
2026-07-28 06:31:32,137 2396 INFO odoo18 werkzeug: 127.0.0.1 - - [28/Jul/2026 06:31:32] "POST /web/dataset/call_kw/ir.module.module/search_panel_select_range HTTP/1.1" 200 - 1 0.001 0.004
2026-07-28 06:31:32,191 2396 ERROR odoo18 odoo.http: Exception during request handling. 
Traceback (most recent call last):
  File "D:\Odoo\odoo\odoo\http.py", line 2577, in __call__
    response = request._serve_db()
               ^^^^^^^^^^^^^^^^^^^
  File "D:\Odoo\odoo\odoo\http.py", line 2104, in _serve_db
    return self._transactioning(
           ^^^^^^^^^^^^^^^^^^^^^
  File "D:\Odoo\odoo\odoo\http.py", line 2167, in _transactioning
    return service_model.retrying(func, env=self.env)
           ^^^^^^^^^^^^^^^^^^^^^^^^^^^^^^^^^^^^^^^^^^
  File "D:\Odoo\odoo\odoo\service\model.py", line 157, in retrying
    result = func()
             ^^^^^^
  File "D:\Odoo\odoo\odoo\http.py", line 2134, in _serve_ir_http
    response = self.dispatcher.dispatch(rule.endpoint, args)
               ^^^^^^^^^^^^^^^^^^^^^^^^^^^^^^^^^^^^^^^^^^^^^
  File "D:\Odoo\odoo\odoo\http.py", line 2295, in dispatch
    return self.request.registry['ir.http']._dispatch(endpoint)
           ^^^^^^^^^^^^^^^^^^^^^^^^^^^^^^^^^^^^^^^^^^^^^^^^^^^^
  File "D:\Odoo\odoo\odoo\addons\base\models\ir_http.py", line 333, in _dispatch
    result = endpoint(**request.params)
             ^^^^^^^^^^^^^^^^^^^^^^^^^^
  File "D:\Odoo\odoo\odoo\http.py", line 754, in route_wrapper
    result = endpoint(self, *args, **params_ok)
             ^^^^^^^^^^^^^^^^^^^^^^^^^^^^^^^^^^
  File "d:\odoo\odoo\addons\bus\controllers\websocket.py", line 64, in get_websocket_worker_bundle
    stream = request.env['ir.binary']._get_stream_from(bundle.js())
             ^^^^^^^^^^^^^^^^^^^^^^^^^^^^^^^^^^^^^^^^^^^^^^^^^^^^^^
  File "D:\Odoo\odoo\odoo\addons\base\models\ir_binary.py", line 127, in _get_stream_from
    stream = self._record_to_stream(record, field_name)
             ^^^^^^^^^^^^^^^^^^^^^^^^^^^^^^^^^^^^^^^^^^
  File "D:\Odoo\odoo\odoo\addons\base\models\ir_binary.py", line 74, in _record_to_stream
    return record._to_http_stream()
           ^^^^^^^^^^^^^^^^^^^^^^^^
  File "D:\Odoo\odoo\odoo\addons\base\models\ir_attachment.py", line 822, in _to_http_stream
    stat = os.stat(stream.path)
           ^^^^^^^^^^^^^^^^^^^^
FileNotFoundError: [WinError 3] The system cannot find the path specified: 'd:\\odoo\\data\\filestore\\odoo18/98/985c54ad8e118256b787b9c73701c7a135b7735c'
2026-07-28 06:31:32,201 2396 INFO odoo18 werkzeug: 127.0.0.1 - - [28/Jul/2026 06:31:32] "GET /bus/websocket_worker_bundle?v=18.0-7 HTTP/1.1" 500 - 3 0.005 0.017
2026-07-28 06:31:32,213 2396 INFO odoo18 werkzeug: 127.0.0.1 - - [28/Jul/2026 06:31:32] "POST /web/dataset/call_kw/ir.module.module/search_panel_select_range HTTP/1.1" 200 - 59 0.044 0.031
2026-07-28 06:31:32,268 2396 INFO odoo18 werkzeug: 127.0.0.1 - - [28/Jul/2026 06:31:32] "POST /web/dataset/call_kw/ir.module.module/web_search_read HTTP/1.1" 200 - 4 0.011 0.117
2026-07-28 06:31:32,342 2396 ERROR ? odoo.http: Exception during request handling. 
Traceback (most recent call last):
  File "D:\Odoo\odoo\odoo\http.py", line 2572, in __call__
    if self.get_static_file(httprequest.path):
       ^^^^^^^^^^^^^^^^^^^^^^^^^^^^^^^^^^^^^^
  File "D:\Odoo\odoo\odoo\http.py", line 2471, in get_static_file
    if (static != 'static' or not resource or module not in self.statics):
                                                            ^^^^^^^^^^^^
  File "D:\Odoo\odoo\odoo\tools\func.py", line 42, in __get__
    value = self.fget(obj)
            ^^^^^^^^^^^^^^
  File "D:\Odoo\odoo\odoo\http.py", line 2440, in statics
    for module in os.listdir(addons_path):
                  ^^^^^^^^^^^^^^^^^^^^^^^
FileNotFoundError: [WinError 3] The system cannot find the path specified: 'd:\\odoo\\addons'
2026-07-28 06:31:32,343 2396 INFO ? werkzeug: 127.0.0.1 - - [28/Jul/2026 06:31:32] "GET /web/static/img/favicon.ico HTTP/1.1" 500 - 0 0.000 0.196
2026-07-28 06:31:33,263 2396 ERROR ? odoo.http: Exception during request handling. 
Traceback (most recent call last):
  File "D:\Odoo\odoo\odoo\http.py", line 2572, in __call__
    if self.get_static_file(httprequest.path):
       ^^^^^^^^^^^^^^^^^^^^^^^^^^^^^^^^^^^^^^
  File "D:\Odoo\odoo\odoo\http.py", line 2471, in get_static_file
    if (static != 'static' or not resource or module not in self.statics):
                                                            ^^^^^^^^^^^^
  File "D:\Odoo\odoo\odoo\tools\func.py", line 42, in __get__
    value = self.fget(obj)
            ^^^^^^^^^^^^^^
  File "D:\Odoo\odoo\odoo\http.py", line 2440, in statics
    for module in os.listdir(addons_path):
                  ^^^^^^^^^^^^^^^^^^^^^^^
FileNotFoundError: [WinError 3] The system cannot find the path specified: 'd:\\odoo\\addons'
2026-07-28 06:31:33,267 2396 INFO ? werkzeug: 127.0.0.1 - - [28/Jul/2026 06:31:33] "GET /hr_expense/static/description/icon.png HTTP/1.1" 500 - 0 0.000 0.480
2026-07-28 06:31:33,269 2396 ERROR ? odoo.http: Exception during request handling. 
Traceback (most recent call last):
  File "D:\Odoo\odoo\odoo\http.py", line 2572, in __call__
    if self.get_static_file(httprequest.path):
       ^^^^^^^^^^^^^^^^^^^^^^^^^^^^^^^^^^^^^^
  File "D:\Odoo\odoo\odoo\http.py", line 2471, in get_static_file
    if (static != 'static' or not resource or module not in self.statics):
                                                            ^^^^^^^^^^^^
  File "D:\Odoo\odoo\odoo\tools\func.py", line 42, in __get__
    value = self.fget(obj)
            ^^^^^^^^^^^^^^
  File "D:\Odoo\odoo\odoo\http.py", line 2440, in statics
    for module in os.listdir(addons_path):
                  ^^^^^^^^^^^^^^^^^^^^^^^
FileNotFoundError: [WinError 3] The system cannot find the path specified: 'd:\\odoo\\addons'
2026-07-28 06:31:33,275 2396 INFO ? werkzeug: 127.0.0.1 - - [28/Jul/2026 06:31:33] "GET /base/static/img/icons/account_accountant.png HTTP/1.1" 500 - 0 0.000 0.486
2026-07-28 06:31:33,328 2396 ERROR ? odoo.http: Exception during request handling. 
Traceback (most recent call last):
  File "D:\Odoo\odoo\odoo\http.py", line 2572, in __call__
    if self.get_static_file(httprequest.path):
       ^^^^^^^^^^^^^^^^^^^^^^^^^^^^^^^^^^^^^^
  File "D:\Odoo\odoo\odoo\http.py", line 2471, in get_static_file
    if (static != 'static' or not resource or module not in self.statics):
                                                            ^^^^^^^^^^^^
  File "D:\Odoo\odoo\odoo\tools\func.py", line 42, in __get__
    value = self.fget(obj)
            ^^^^^^^^^^^^^^
  File "D:\Odoo\odoo\odoo\http.py", line 2440, in statics
    for module in os.listdir(addons_path):
                  ^^^^^^^^^^^^^^^^^^^^^^^
FileNotFoundError: [WinError 3] The system cannot find the path specified: 'd:\\odoo\\addons'
2026-07-28 06:31:33,331 2396 INFO ? werkzeug: 127.0.0.1 - - [28/Jul/2026 06:31:33] "GET /project/static/description/icon.png HTTP/1.1" 500 - 0 0.000 0.527
2026-07-28 06:31:33,337 2396 ERROR ? odoo.http: Exception during request handling. 
Traceback (most recent call last):
  File "D:\Odoo\odoo\odoo\http.py", line 2572, in __call__
    if self.get_static_file(httprequest.path):
       ^^^^^^^^^^^^^^^^^^^^^^^^^^^^^^^^^^^^^^
  File "D:\Odoo\odoo\odoo\http.py", line 2471, in get_static_file
    if (static != 'static' or not resource or module not in self.statics):
                                                            ^^^^^^^^^^^^
  File "D:\Odoo\odoo\odoo\tools\func.py", line 42, in __get__
    value = self.fget(obj)
            ^^^^^^^^^^^^^^
  File "D:\Odoo\odoo\odoo\http.py", line 2440, in statics
    for module in os.listdir(addons_path):
                  ^^^^^^^^^^^^^^^^^^^^^^^
FileNotFoundError: [WinError 3] The system cannot find the path specified: 'd:\\odoo\\addons'
2026-07-28 06:31:33,339 2396 INFO ? werkzeug: 127.0.0.1 - - [28/Jul/2026 06:31:33] "GET /base/static/img/icons/web_studio.png HTTP/1.1" 500 - 0 0.000 0.534
2026-07-28 06:31:33,346 2396 ERROR ? odoo.http: Exception during request handling. 
Traceback (most recent call last):
  File "D:\Odoo\odoo\odoo\http.py", line 2572, in __call__
    if self.get_static_file(httprequest.path):
       ^^^^^^^^^^^^^^^^^^^^^^^^^^^^^^^^^^^^^^
  File "D:\Odoo\odoo\odoo\http.py", line 2471, in get_static_file
    if (static != 'static' or not resource or module not in self.statics):
                                                            ^^^^^^^^^^^^
  File "D:\Odoo\odoo\odoo\tools\func.py", line 42, in __get__
    value = self.fget(obj)
            ^^^^^^^^^^^^^^
  File "D:\Odoo\odoo\odoo\http.py", line 2440, in statics
    for module in os.listdir(addons_path):
                  ^^^^^^^^^^^^^^^^^^^^^^^
FileNotFoundError: [WinError 3] The system cannot find the path specified: 'd:\\odoo\\addons'
2026-07-28 06:31:33,347 2396 INFO ? werkzeug: 127.0.0.1 - - [28/Jul/2026 06:31:33] "GET /purchase/static/description/icon.png HTTP/1.1" 500 - 0 0.000 0.541
2026-07-28 06:31:33,352 2396 ERROR ? odoo.http: Exception during request handling. 
Traceback (most recent call last):
  File "D:\Odoo\odoo\odoo\http.py", line 2572, in __call__
    if self.get_static_file(httprequest.path):
       ^^^^^^^^^^^^^^^^^^^^^^^^^^^^^^^^^^^^^^
  File "D:\Odoo\odoo\odoo\http.py", line 2471, in get_static_file
    if (static != 'static' or not resource or module not in self.statics):
                                                            ^^^^^^^^^^^^
  File "D:\Odoo\odoo\odoo\tools\func.py", line 42, in __get__
    value = self.fget(obj)
            ^^^^^^^^^^^^^^
  File "D:\Odoo\odoo\odoo\http.py", line 2440, in statics
    for module in os.listdir(addons_path):
                  ^^^^^^^^^^^^^^^^^^^^^^^
FileNotFoundError: [WinError 3] The system cannot find the path specified: 'd:\\odoo\\addons'
2026-07-28 06:31:33,353 2396 INFO ? werkzeug: 127.0.0.1 - - [28/Jul/2026 06:31:33] "GET /mrp/static/description/icon.png HTTP/1.1" 500 - 0 0.000 0.543
2026-07-28 06:31:33,899 2396 ERROR ? odoo.http: Exception during request handling. 
Traceback (most recent call last):
  File "D:\Odoo\odoo\odoo\http.py", line 2572, in __call__
    if self.get_static_file(httprequest.path):
       ^^^^^^^^^^^^^^^^^^^^^^^^^^^^^^^^^^^^^^
  File "D:\Odoo\odoo\odoo\http.py", line 2471, in get_static_file
    if (static != 'static' or not resource or module not in self.statics):
                                                            ^^^^^^^^^^^^
  File "D:\Odoo\odoo\odoo\tools\func.py", line 42, in __get__
    value = self.fget(obj)
            ^^^^^^^^^^^^^^
  File "D:\Odoo\odoo\odoo\http.py", line 2440, in statics
    for module in os.listdir(addons_path):
                  ^^^^^^^^^^^^^^^^^^^^^^^
FileNotFoundError: [WinError 3] The system cannot find the path specified: 'd:\\odoo\\addons'
2026-07-28 06:31:33,904 2396 INFO ? werkzeug: 127.0.0.1 - - [28/Jul/2026 06:31:33] "GET /base/static/img/icons/knowledge.png HTTP/1.1" 500 - 0 0.000 0.318
2026-07-28 06:31:33,913 2396 ERROR ? odoo.http: Exception during request handling. 
Traceback (most recent call last):
  File "D:\Odoo\odoo\odoo\http.py", line 2572, in __call__
    if self.get_static_file(httprequest.path):
       ^^^^^^^^^^^^^^^^^^^^^^^^^^^^^^^^^^^^^^
  File "D:\Odoo\odoo\odoo\http.py", line 2471, in get_static_file
    if (static != 'static' or not resource or module not in self.statics):
                                                            ^^^^^^^^^^^^
  File "D:\Odoo\odoo\odoo\tools\func.py", line 42, in __get__
    value = self.fget(obj)
            ^^^^^^^^^^^^^^
  File "D:\Odoo\odoo\odoo\http.py", line 2440, in statics
    for module in os.listdir(addons_path):
                  ^^^^^^^^^^^^^^^^^^^^^^^
FileNotFoundError: [WinError 3] The system cannot find the path specified: 'd:\\odoo\\addons'
2026-07-28 06:31:33,916 2396 INFO ? werkzeug: 127.0.0.1 - - [28/Jul/2026 06:31:33] "GET /website_sale/static/description/icon.png HTTP/1.1" 500 - 0 0.000 0.332
2026-07-28 06:31:34,079 2396 ERROR ? odoo.http: Exception during request handling. 
Traceback (most recent call last):
  File "D:\Odoo\odoo\odoo\http.py", line 2572, in __call__
    if self.get_static_file(httprequest.path):
       ^^^^^^^^^^^^^^^^^^^^^^^^^^^^^^^^^^^^^^
  File "D:\Odoo\odoo\odoo\http.py", line 2471, in get_static_file
    if (static != 'static' or not resource or module not in self.statics):
                                                            ^^^^^^^^^^^^
  File "D:\Odoo\odoo\odoo\tools\func.py", line 42, in __get__
    value = self.fget(obj)
            ^^^^^^^^^^^^^^
  File "D:\Odoo\odoo\odoo\http.py", line 2440, in statics
    for module in os.listdir(addons_path):
                  ^^^^^^^^^^^^^^^^^^^^^^^
FileNotFoundError: [WinError 3] The system cannot find the path specified: 'd:\\odoo\\addons'
2026-07-28 06:31:34,081 2396 INFO ? werkzeug: 127.0.0.1 - - [28/Jul/2026 06:31:34] "GET /mass_mailing/static/description/icon.png HTTP/1.1" 500 - 0 0.000 0.433
2026-07-28 06:31:34,095 2396 ERROR ? odoo.http: Exception during request handling. 
Traceback (most recent call last):
  File "D:\Odoo\odoo\odoo\http.py", line 2572, in __call__
    if self.get_static_file(httprequest.path):
       ^^^^^^^^^^^^^^^^^^^^^^^^^^^^^^^^^^^^^^
  File "D:\Odoo\odoo\odoo\http.py", line 2471, in get_static_file
    if (static != 'static' or not resource or module not in self.statics):
                                                            ^^^^^^^^^^^^
  File "D:\Odoo\odoo\odoo\tools\func.py", line 42, in __get__
    value = self.fget(obj)
            ^^^^^^^^^^^^^^
  File "D:\Odoo\odoo\odoo\http.py", line 2440, in statics
    for module in os.listdir(addons_path):
                  ^^^^^^^^^^^^^^^^^^^^^^^
FileNotFoundError: [WinError 3] The system cannot find the path specified: 'd:\\odoo\\addons'
2026-07-28 06:31:34,096 2396 INFO ? werkzeug: 127.0.0.1 - - [28/Jul/2026 06:31:34] "GET /base/static/img/icons/timesheet_grid.png HTTP/1.1" 500 - 0 0.000 0.445
2026-07-28 06:31:34,103 2396 ERROR ? odoo.http: Exception during request handling. 
Traceback (most recent call last):
  File "D:\Odoo\odoo\odoo\http.py", line 2572, in __call__
    if self.get_static_file(httprequest.path):
       ^^^^^^^^^^^^^^^^^^^^^^^^^^^^^^^^^^^^^^
  File "D:\Odoo\odoo\odoo\http.py", line 2471, in get_static_file
    if (static != 'static' or not resource or module not in self.statics):
                                                            ^^^^^^^^^^^^
  File "D:\Odoo\odoo\odoo\tools\func.py", line 42, in __get__
    value = self.fget(obj)
            ^^^^^^^^^^^^^^
  File "D:\Odoo\odoo\odoo\http.py", line 2440, in statics
    for module in os.listdir(addons_path):
                  ^^^^^^^^^^^^^^^^^^^^^^^
FileNotFoundError: [WinError 3] The system cannot find the path specified: 'd:\\odoo\\addons'
2026-07-28 06:31:34,104 2396 ERROR ? odoo.http: Exception during request handling. 
Traceback (most recent call last):
  File "D:\Odoo\odoo\odoo\http.py", line 2572, in __call__
    if self.get_static_file(httprequest.path):
       ^^^^^^^^^^^^^^^^^^^^^^^^^^^^^^^^^^^^^^
  File "D:\Odoo\odoo\odoo\http.py", line 2471, in get_static_file
    if (static != 'static' or not resource or module not in self.statics):
                                                            ^^^^^^^^^^^^
  File "D:\Odoo\odoo\odoo\tools\func.py", line 42, in __get__
    value = self.fget(obj)
            ^^^^^^^^^^^^^^
  File "D:\Odoo\odoo\odoo\http.py", line 2440, in statics
    for module in os.listdir(addons_path):
                  ^^^^^^^^^^^^^^^^^^^^^^^
FileNotFoundError: [WinError 3] The system cannot find the path specified: 'd:\\odoo\\addons'
2026-07-28 06:31:34,104 2396 INFO ? werkzeug: 127.0.0.1 - - [28/Jul/2026 06:31:34] "GET /sale_management/static/description/icon.png HTTP/1.1" 500 - 0 0.000 0.436
2026-07-28 06:31:34,106 2396 INFO ? werkzeug: 127.0.0.1 - - [28/Jul/2026 06:31:34] "GET /point_of_sale/static/description/icon.png HTTP/1.1" 500 - 0 0.000 0.441
2026-07-28 06:31:34,374 2396 ERROR ? odoo.http: Exception during request handling. 
Traceback (most recent call last):
  File "D:\Odoo\odoo\odoo\http.py", line 2572, in __call__
    if self.get_static_file(httprequest.path):
       ^^^^^^^^^^^^^^^^^^^^^^^^^^^^^^^^^^^^^^
  File "D:\Odoo\odoo\odoo\http.py", line 2471, in get_static_file
    if (static != 'static' or not resource or module not in self.statics):
                                                            ^^^^^^^^^^^^
  File "D:\Odoo\odoo\odoo\tools\func.py", line 42, in __get__
    value = self.fget(obj)
            ^^^^^^^^^^^^^^
  File "D:\Odoo\odoo\odoo\http.py", line 2440, in statics
    for module in os.listdir(addons_path):
                  ^^^^^^^^^^^^^^^^^^^^^^^
FileNotFoundError: [WinError 3] The system cannot find the path specified: 'd:\\odoo\\addons'
2026-07-28 06:31:34,374 2396 ERROR ? odoo.http: Exception during request handling. 
Traceback (most recent call last):
  File "D:\Odoo\odoo\odoo\http.py", line 2572, in __call__
    if self.get_static_file(httprequest.path):
       ^^^^^^^^^^^^^^^^^^^^^^^^^^^^^^^^^^^^^^
  File "D:\Odoo\odoo\odoo\http.py", line 2471, in get_static_file
    if (static != 'static' or not resource or module not in self.statics):
                                                            ^^^^^^^^^^^^
  File "D:\Odoo\odoo\odoo\tools\func.py", line 42, in __get__
    value = self.fget(obj)
            ^^^^^^^^^^^^^^
  File "D:\Odoo\odoo\odoo\http.py", line 2440, in statics
    for module in os.listdir(addons_path):
                  ^^^^^^^^^^^^^^^^^^^^^^^
FileNotFoundError: [WinError 3] The system cannot find the path specified: 'd:\\odoo\\addons'
2026-07-28 06:31:34,375 2396 INFO ? werkzeug: 127.0.0.1 - - [28/Jul/2026 06:31:34] "GET /pos_restaurant/static/description/icon.png HTTP/1.1" 500 - 0 0.000 0.153
2026-07-28 06:31:34,376 2396 INFO ? werkzeug: 127.0.0.1 - - [28/Jul/2026 06:31:34] "GET /account/static/description/icon.png HTTP/1.1" 500 - 0 0.000 0.153
2026-07-28 06:31:34,660 2396 ERROR ? odoo.http: Exception during request handling. 
Traceback (most recent call last):
  File "D:\Odoo\odoo\odoo\http.py", line 2572, in __call__
    if self.get_static_file(httprequest.path):
       ^^^^^^^^^^^^^^^^^^^^^^^^^^^^^^^^^^^^^^
  File "D:\Odoo\odoo\odoo\http.py", line 2471, in get_static_file
    if (static != 'static' or not resource or module not in self.statics):
                                                            ^^^^^^^^^^^^
  File "D:\Odoo\odoo\odoo\tools\func.py", line 42, in __get__
    value = self.fget(obj)
            ^^^^^^^^^^^^^^
  File "D:\Odoo\odoo\odoo\http.py", line 2440, in statics
    for module in os.listdir(addons_path):
                  ^^^^^^^^^^^^^^^^^^^^^^^
FileNotFoundError: [WinError 3] The system cannot find the path specified: 'd:\\odoo\\addons'
2026-07-28 06:31:34,663 2396 INFO ? werkzeug: 127.0.0.1 - - [28/Jul/2026 06:31:34] "GET /base/static/img/icons/mrp_workorder.png HTTP/1.1" 500 - 0 0.000 0.269
2026-07-28 06:31:34,710 2396 ERROR ? odoo.http: Exception during request handling. 
Traceback (most recent call last):
  File "D:\Odoo\odoo\odoo\http.py", line 2572, in __call__
    if self.get_static_file(httprequest.path):
       ^^^^^^^^^^^^^^^^^^^^^^^^^^^^^^^^^^^^^^
  File "D:\Odoo\odoo\odoo\http.py", line 2471, in get_static_file
    if (static != 'static' or not resource or module not in self.statics):
                                                            ^^^^^^^^^^^^
  File "D:\Odoo\odoo\odoo\tools\func.py", line 42, in __get__
    value = self.fget(obj)
            ^^^^^^^^^^^^^^
  File "D:\Odoo\odoo\odoo\http.py", line 2440, in statics
    for module in os.listdir(addons_path):
                  ^^^^^^^^^^^^^^^^^^^^^^^
FileNotFoundError: [WinError 3] The system cannot find the path specified: 'd:\\odoo\\addons'
2026-07-28 06:31:34,714 2396 ERROR ? odoo.http: Exception during request handling. 
Traceback (most recent call last):
  File "D:\Odoo\odoo\odoo\http.py", line 2572, in __call__
    if self.get_static_file(httprequest.path):
       ^^^^^^^^^^^^^^^^^^^^^^^^^^^^^^^^^^^^^^
  File "D:\Odoo\odoo\odoo\http.py", line 2471, in get_static_file
    if (static != 'static' or not resource or module not in self.statics):
                                                            ^^^^^^^^^^^^
  File "D:\Odoo\odoo\odoo\tools\func.py", line 42, in __get__
    value = self.fget(obj)
            ^^^^^^^^^^^^^^
  File "D:\Odoo\odoo\odoo\http.py", line 2440, in statics
    for module in os.listdir(addons_path):
                  ^^^^^^^^^^^^^^^^^^^^^^^
FileNotFoundError: [WinError 3] The system cannot find the path specified: 'd:\\odoo\\addons'
2026-07-28 06:31:34,715 2396 INFO ? werkzeug: 127.0.0.1 - - [28/Jul/2026 06:31:34] "GET /stock/static/description/icon.png HTTP/1.1" 500 - 0 0.000 0.303
2026-07-28 06:31:34,719 2396 INFO odoo18 werkzeug: 127.0.0.1 - - [28/Jul/2026 06:31:34] "POST /web/action/load HTTP/1.1" 200 - 11 0.013 0.015
2026-07-28 06:31:34,720 2396 INFO ? werkzeug: 127.0.0.1 - - [28/Jul/2026 06:31:34] "GET /website/static/description/icon.png HTTP/1.1" 500 - 0 0.000 0.310
2026-07-28 06:31:34,739 2396 ERROR ? odoo.http: Exception during request handling. 
Traceback (most recent call last):
  File "D:\Odoo\odoo\odoo\http.py", line 2572, in __call__
    if self.get_static_file(httprequest.path):
       ^^^^^^^^^^^^^^^^^^^^^^^^^^^^^^^^^^^^^^
  File "D:\Odoo\odoo\odoo\http.py", line 2471, in get_static_file
    if (static != 'static' or not resource or module not in self.statics):
                                                            ^^^^^^^^^^^^
  File "D:\Odoo\odoo\odoo\tools\func.py", line 42, in __get__
    value = self.fget(obj)
            ^^^^^^^^^^^^^^
  File "D:\Odoo\odoo\odoo\http.py", line 2440, in statics
    for module in os.listdir(addons_path):
                  ^^^^^^^^^^^^^^^^^^^^^^^
FileNotFoundError: [WinError 3] The system cannot find the path specified: 'd:\\odoo\\addons'
2026-07-28 06:31:34,741 2396 INFO ? werkzeug: 127.0.0.1 - - [28/Jul/2026 06:31:34] "GET /hr_holidays/static/description/icon.png HTTP/1.1" 500 - 0 0.000 0.315
2026-07-28 06:31:34,854 2396 ERROR ? odoo.http: Exception during request handling. 
Traceback (most recent call last):
  File "D:\Odoo\odoo\odoo\http.py", line 2572, in __call__
    if self.get_static_file(httprequest.path):
       ^^^^^^^^^^^^^^^^^^^^^^^^^^^^^^^^^^^^^^
  File "D:\Odoo\odoo\odoo\http.py", line 2471, in get_static_file
    if (static != 'static' or not resource or module not in self.statics):
                                                            ^^^^^^^^^^^^
  File "D:\Odoo\odoo\odoo\tools\func.py", line 42, in __get__
    value = self.fget(obj)
            ^^^^^^^^^^^^^^
  File "D:\Odoo\odoo\odoo\http.py", line 2440, in statics
    for module in os.listdir(addons_path):
                  ^^^^^^^^^^^^^^^^^^^^^^^
FileNotFoundError: [WinError 3] The system cannot find the path specified: 'd:\\odoo\\addons'
2026-07-28 06:31:34,855 2396 INFO ? werkzeug: 127.0.0.1 - - [28/Jul/2026 06:31:34] "GET /hr_recruitment/static/description/icon.png HTTP/1.1" 500 - 0 0.000 0.162
2026-07-28 06:31:35,107 2396 ERROR odoo18 odoo.addons.base.models.ir_model: Missing model twilio.auto.dialer.add.contacts.wizard 
2026-07-28 06:31:35,113 2396 INFO odoo18 werkzeug: 127.0.0.1 - - [28/Jul/2026 06:31:35] "POST /web/dataset/call_kw/res.partner/get_views HTTP/1.1" 200 - 53 0.043 0.097
2026-07-28 06:31:35,221 2396 INFO odoo18 odoo.addons.base.models.ir_attachment: _read_file reading d:\odoo\data\filestore\odoo18\60/60a2a24a2fcfd3b3045bbaa75c5d68815df9d541 
Traceback (most recent call last):
  File "D:\Odoo\odoo\odoo\addons\base\models\ir_attachment.py", line 127, in _file_read
    with open(full_path, 'rb') as f:
         ^^^^^^^^^^^^^^^^^^^^^
FileNotFoundError: [Errno 2] No such file or directory: 'd:\\odoo\\data\\filestore\\odoo18\\60/60a2a24a2fcfd3b3045bbaa75c5d68815df9d541'
2026-07-28 06:31:35,288 2396 INFO odoo18 werkzeug: 127.0.0.1 - - [28/Jul/2026 06:31:35] "POST /web/dataset/call_kw/res.partner/web_search_read HTTP/1.1" 200 - 28 0.075 0.051
2026-07-28 06:31:35,493 2396 ERROR ? odoo.http: Exception during request handling. 
Traceback (most recent call last):
  File "D:\Odoo\odoo\odoo\http.py", line 2572, in __call__
    if self.get_static_file(httprequest.path):
       ^^^^^^^^^^^^^^^^^^^^^^^^^^^^^^^^^^^^^^
  File "D:\Odoo\odoo\odoo\http.py", line 2471, in get_static_file
    if (static != 'static' or not resource or module not in self.statics):
                                                            ^^^^^^^^^^^^
  File "D:\Odoo\odoo\odoo\tools\func.py", line 42, in __get__
    value = self.fget(obj)
            ^^^^^^^^^^^^^^
  File "D:\Odoo\odoo\odoo\http.py", line 2440, in statics
    for module in os.listdir(addons_path):
                  ^^^^^^^^^^^^^^^^^^^^^^^
FileNotFoundError: [WinError 3] The system cannot find the path specified: 'd:\\odoo\\addons'
2026-07-28 06:31:35,495 2396 INFO ? werkzeug: 127.0.0.1 - - [28/Jul/2026 06:31:35] "GET /hr/static/description/icon.png HTTP/1.1" 500 - 0 0.000 0.457
2026-07-28 06:31:35,496 2396 ERROR ? odoo.http: Exception during request handling. 
Traceback (most recent call last):
  File "D:\Odoo\odoo\odoo\http.py", line 2572, in __call__
    if self.get_static_file(httprequest.path):
       ^^^^^^^^^^^^^^^^^^^^^^^^^^^^^^^^^^^^^^
  File "D:\Odoo\odoo\odoo\http.py", line 2471, in get_static_file
    if (static != 'static' or not resource or module not in self.statics):
                                                            ^^^^^^^^^^^^
  File "D:\Odoo\odoo\odoo\tools\func.py", line 42, in __get__
    value = self.fget(obj)
            ^^^^^^^^^^^^^^
  File "D:\Odoo\odoo\odoo\http.py", line 2440, in statics
    for module in os.listdir(addons_path):
                  ^^^^^^^^^^^^^^^^^^^^^^^
FileNotFoundError: [WinError 3] The system cannot find the path specified: 'd:\\odoo\\addons'
2026-07-28 06:31:35,497 2396 ERROR ? odoo.http: Exception during request handling. 
Traceback (most recent call last):
  File "D:\Odoo\odoo\odoo\http.py", line 2572, in __call__
    if self.get_static_file(httprequest.path):
       ^^^^^^^^^^^^^^^^^^^^^^^^^^^^^^^^^^^^^^
  File "D:\Odoo\odoo\odoo\http.py", line 2471, in get_static_file
    if (static != 'static' or not resource or module not in self.statics):
                                                            ^^^^^^^^^^^^
  File "D:\Odoo\odoo\odoo\tools\func.py", line 42, in __get__
    value = self.fget(obj)
            ^^^^^^^^^^^^^^
  File "D:\Odoo\odoo\odoo\http.py", line 2440, in statics
    for module in os.listdir(addons_path):
                  ^^^^^^^^^^^^^^^^^^^^^^^
FileNotFoundError: [WinError 3] The system cannot find the path specified: 'd:\\odoo\\addons'
2026-07-28 06:31:35,500 2396 INFO ? werkzeug: 127.0.0.1 - - [28/Jul/2026 06:31:35] "GET /data_recycle/static/description/icon.png HTTP/1.1" 500 - 0 0.000 0.460
2026-07-28 06:31:35,502 2396 INFO ? werkzeug: 127.0.0.1 - - [28/Jul/2026 06:31:35] "GET /base/static/img/icons/industry_fsm.png HTTP/1.1" 500 - 0 0.000 0.465
2026-07-28 06:31:35,512 2396 ERROR ? odoo.http: Exception during request handling. 
Traceback (most recent call last):
  File "D:\Odoo\odoo\odoo\http.py", line 2572, in __call__
    if self.get_static_file(httprequest.path):
       ^^^^^^^^^^^^^^^^^^^^^^^^^^^^^^^^^^^^^^
  File "D:\Odoo\odoo\odoo\http.py", line 2471, in get_static_file
    if (static != 'static' or not resource or module not in self.statics):
                                                            ^^^^^^^^^^^^
  File "D:\Odoo\odoo\odoo\tools\func.py", line 42, in __get__
    value = self.fget(obj)
            ^^^^^^^^^^^^^^
  File "D:\Odoo\odoo\odoo\http.py", line 2440, in statics
    for module in os.listdir(addons_path):
                  ^^^^^^^^^^^^^^^^^^^^^^^
FileNotFoundError: [WinError 3] The system cannot find the path specified: 'd:\\odoo\\addons'
2026-07-28 06:31:35,513 2396 INFO ? werkzeug: 127.0.0.1 - - [28/Jul/2026 06:31:35] "GET /maintenance/static/description/icon.png HTTP/1.1" 500 - 0 0.000 0.456
2026-07-28 06:31:35,627 2396 ERROR ? odoo.http: Exception during request handling. 
Traceback (most recent call last):
  File "D:\Odoo\odoo\odoo\http.py", line 2572, in __call__
    if self.get_static_file(httprequest.path):
       ^^^^^^^^^^^^^^^^^^^^^^^^^^^^^^^^^^^^^^
  File "D:\Odoo\odoo\odoo\http.py", line 2471, in get_static_file
    if (static != 'static' or not resource or module not in self.statics):
                                                            ^^^^^^^^^^^^
  File "D:\Odoo\odoo\odoo\tools\func.py", line 42, in __get__
    value = self.fget(obj)
            ^^^^^^^^^^^^^^
  File "D:\Odoo\odoo\odoo\http.py", line 2440, in statics
    for module in os.listdir(addons_path):
                  ^^^^^^^^^^^^^^^^^^^^^^^
FileNotFoundError: [WinError 3] The system cannot find the path specified: 'd:\\odoo\\addons'
2026-07-28 06:31:35,629 2396 INFO ? werkzeug: 127.0.0.1 - - [28/Jul/2026 06:31:35] "GET /web/static/img/favicon.ico HTTP/1.1" 500 - 0 0.000 0.201
2026-07-28 06:31:35,735 2396 ERROR ? odoo.http: Exception during request handling. 
Traceback (most recent call last):
  File "D:\Odoo\odoo\odoo\http.py", line 2572, in __call__
    if self.get_static_file(httprequest.path):
       ^^^^^^^^^^^^^^^^^^^^^^^^^^^^^^^^^^^^^^
  File "D:\Odoo\odoo\odoo\http.py", line 2471, in get_static_file
    if (static != 'static' or not resource or module not in self.statics):
                                                            ^^^^^^^^^^^^
  File "D:\Odoo\odoo\odoo\tools\func.py", line 42, in __get__
    value = self.fget(obj)
            ^^^^^^^^^^^^^^
  File "D:\Odoo\odoo\odoo\http.py", line 2440, in statics
    for module in os.listdir(addons_path):
                  ^^^^^^^^^^^^^^^^^^^^^^^
FileNotFoundError: [WinError 3] The system cannot find the path specified: 'd:\\odoo\\addons'
2026-07-28 06:31:35,736 2396 INFO ? werkzeug: 127.0.0.1 - - [28/Jul/2026 06:31:35] "GET /marketing_card/static/description/icon.png HTTP/1.1" 500 - 0 0.000 0.137
2026-07-28 06:31:36,133 2396 ERROR ? odoo.http: Exception during request handling. 
Traceback (most recent call last):
  File "D:\Odoo\odoo\odoo\http.py", line 2572, in __call__
    if self.get_static_file(httprequest.path):
       ^^^^^^^^^^^^^^^^^^^^^^^^^^^^^^^^^^^^^^
  File "D:\Odoo\odoo\odoo\http.py", line 2471, in get_static_file
    if (static != 'static' or not resource or module not in self.statics):
                                                            ^^^^^^^^^^^^
  File "D:\Odoo\odoo\odoo\tools\func.py", line 42, in __get__
    value = self.fget(obj)
            ^^^^^^^^^^^^^^
  File "D:\Odoo\odoo\odoo\http.py", line 2440, in statics
    for module in os.listdir(addons_path):
                  ^^^^^^^^^^^^^^^^^^^^^^^
FileNotFoundError: [WinError 3] The system cannot find the path specified: 'd:\\odoo\\addons'
2026-07-28 06:31:36,137 2396 INFO ? werkzeug: 127.0.0.1 - - [28/Jul/2026 06:31:36] "GET /mcp_connector/static/description/icon.png HTTP/1.1" 500 - 0 0.000 0.334
2026-07-28 06:31:36,193 2396 ERROR ? odoo.http: Exception during request handling. 
Traceback (most recent call last):
  File "D:\Odoo\odoo\odoo\http.py", line 2572, in __call__
    if self.get_static_file(httprequest.path):
       ^^^^^^^^^^^^^^^^^^^^^^^^^^^^^^^^^^^^^^
  File "D:\Odoo\odoo\odoo\http.py", line 2471, in get_static_file
    if (static != 'static' or not resource or module not in self.statics):
                                                            ^^^^^^^^^^^^
  File "D:\Odoo\odoo\odoo\tools\func.py", line 42, in __get__
    value = self.fget(obj)
            ^^^^^^^^^^^^^^
  File "D:\Odoo\odoo\odoo\http.py", line 2440, in statics
    for module in os.listdir(addons_path):
                  ^^^^^^^^^^^^^^^^^^^^^^^
FileNotFoundError: [WinError 3] The system cannot find the path specified: 'd:\\odoo\\addons'
2026-07-28 06:31:36,196 2396 INFO ? werkzeug: 127.0.0.1 - - [28/Jul/2026 06:31:36] "GET /base/static/description/icon.png HTTP/1.1" 500 - 0 0.000 0.378
2026-07-28 06:31:36,208 2396 ERROR ? odoo.http: Exception during request handling. 
Traceback (most recent call last):
  File "D:\Odoo\odoo\odoo\http.py", line 2572, in __call__
    if self.get_static_file(httprequest.path):
       ^^^^^^^^^^^^^^^^^^^^^^^^^^^^^^^^^^^^^^
  File "D:\Odoo\odoo\odoo\http.py", line 2471, in get_static_file
    if (static != 'static' or not resource or module not in self.statics):
                                                            ^^^^^^^^^^^^
  File "D:\Odoo\odoo\odoo\tools\func.py", line 42, in __get__
    value = self.fget(obj)
            ^^^^^^^^^^^^^^
  File "D:\Odoo\odoo\odoo\http.py", line 2440, in statics
    for module in os.listdir(addons_path):
                  ^^^^^^^^^^^^^^^^^^^^^^^
FileNotFoundError: [WinError 3] The system cannot find the path specified: 'd:\\odoo\\addons'
2026-07-28 06:31:36,211 2396 INFO ? werkzeug: 127.0.0.1 - - [28/Jul/2026 06:31:36] "GET /base/static/img/icons/helpdesk.png HTTP/1.1" 500 - 0 0.000 0.391
2026-07-28 06:31:36,214 2396 ERROR ? odoo.http: Exception during request handling. 
Traceback (most recent call last):
  File "D:\Odoo\odoo\odoo\http.py", line 2572, in __call__
    if self.get_static_file(httprequest.path):
       ^^^^^^^^^^^^^^^^^^^^^^^^^^^^^^^^^^^^^^
  File "D:\Odoo\odoo\odoo\http.py", line 2471, in get_static_file
    if (static != 'static' or not resource or module not in self.statics):
                                                            ^^^^^^^^^^^^
  File "D:\Odoo\odoo\odoo\tools\func.py", line 42, in __get__
    value = self.fget(obj)
            ^^^^^^^^^^^^^^
  File "D:\Odoo\odoo\odoo\http.py", line 2440, in statics
    for module in os.listdir(addons_path):
                  ^^^^^^^^^^^^^^^^^^^^^^^
FileNotFoundError: [WinError 3] The system cannot find the path specified: 'd:\\odoo\\addons'
2026-07-28 06:31:36,217 2396 INFO ? werkzeug: 127.0.0.1 - - [28/Jul/2026 06:31:36] "GET /base/static/img/icons/sign.png HTTP/1.1" 500 - 0 0.000 0.398
2026-07-28 06:31:36,291 2396 ERROR ? odoo.http: Exception during request handling. 
Traceback (most recent call last):
  File "D:\Odoo\odoo\odoo\http.py", line 2572, in __call__
    if self.get_static_file(httprequest.path):
       ^^^^^^^^^^^^^^^^^^^^^^^^^^^^^^^^^^^^^^
  File "D:\Odoo\odoo\odoo\http.py", line 2471, in get_static_file
    if (static != 'static' or not resource or module not in self.statics):
                                                            ^^^^^^^^^^^^
  File "D:\Odoo\odoo\odoo\tools\func.py", line 42, in __get__
    value = self.fget(obj)
            ^^^^^^^^^^^^^^
  File "D:\Odoo\odoo\odoo\http.py", line 2440, in statics
    for module in os.listdir(addons_path):
                  ^^^^^^^^^^^^^^^^^^^^^^^
FileNotFoundError: [WinError 3] The system cannot find the path specified: 'd:\\odoo\\addons'
2026-07-28 06:31:36,293 2396 INFO ? werkzeug: 127.0.0.1 - - [28/Jul/2026 06:31:36] "GET /base/static/img/icons/sale_subscription.png HTTP/1.1" 500 - 0 0.000 0.347
2026-07-28 06:31:36,335 2396 ERROR ? odoo.http: Exception during request handling. 
Traceback (most recent call last):
  File "D:\Odoo\odoo\odoo\http.py", line 2572, in __call__
    if self.get_static_file(httprequest.path):
       ^^^^^^^^^^^^^^^^^^^^^^^^^^^^^^^^^^^^^^
  File "D:\Odoo\odoo\odoo\http.py", line 2471, in get_static_file
    if (static != 'static' or not resource or module not in self.statics):
                                                            ^^^^^^^^^^^^
  File "D:\Odoo\odoo\odoo\tools\func.py", line 42, in __get__
    value = self.fget(obj)
            ^^^^^^^^^^^^^^
  File "D:\Odoo\odoo\odoo\http.py", line 2440, in statics
    for module in os.listdir(addons_path):
                  ^^^^^^^^^^^^^^^^^^^^^^^
FileNotFoundError: [WinError 3] The system cannot find the path specified: 'd:\\odoo\\addons'
2026-07-28 06:31:36,336 2396 INFO ? werkzeug: 127.0.0.1 - - [28/Jul/2026 06:31:36] "GET /base/static/img/icons/quality_control.png HTTP/1.1" 500 - 0 0.000 0.275
2026-07-28 06:31:36,650 2396 ERROR ? odoo.http: Exception during request handling. 
Traceback (most recent call last):
  File "D:\Odoo\odoo\odoo\http.py", line 2572, in __call__
    if self.get_static_file(httprequest.path):
       ^^^^^^^^^^^^^^^^^^^^^^^^^^^^^^^^^^^^^^
  File "D:\Odoo\odoo\odoo\http.py", line 2471, in get_static_file
    if (static != 'static' or not resource or module not in self.statics):
                                                            ^^^^^^^^^^^^
  File "D:\Odoo\odoo\odoo\tools\func.py", line 42, in __get__
    value = self.fget(obj)
            ^^^^^^^^^^^^^^
  File "D:\Odoo\odoo\odoo\http.py", line 2440, in statics
    for module in os.listdir(addons_path):
                  ^^^^^^^^^^^^^^^^^^^^^^^
FileNotFoundError: [WinError 3] The system cannot find the path specified: 'd:\\odoo\\addons'
2026-07-28 06:31:36,652 2396 INFO ? werkzeug: 127.0.0.1 - - [28/Jul/2026 06:31:36] "GET /website_slides/static/description/icon.png HTTP/1.1" 500 - 0 0.000 0.204
2026-07-28 06:31:36,848 2396 ERROR ? odoo.http: Exception during request handling. 
Traceback (most recent call last):
  File "D:\Odoo\odoo\odoo\http.py", line 2572, in __call__
    if self.get_static_file(httprequest.path):
       ^^^^^^^^^^^^^^^^^^^^^^^^^^^^^^^^^^^^^^
  File "D:\Odoo\odoo\odoo\http.py", line 2471, in get_static_file
    if (static != 'static' or not resource or module not in self.statics):
                                                            ^^^^^^^^^^^^
  File "D:\Odoo\odoo\odoo\tools\func.py", line 42, in __get__
    value = self.fget(obj)
            ^^^^^^^^^^^^^^
  File "D:\Odoo\odoo\odoo\http.py", line 2440, in statics
    for module in os.listdir(addons_path):
                  ^^^^^^^^^^^^^^^^^^^^^^^
FileNotFoundError: [WinError 3] The system cannot find the path specified: 'd:\\odoo\\addons'
2026-07-28 06:31:36,851 2396 INFO ? werkzeug: 127.0.0.1 - - [28/Jul/2026 06:31:36] "GET /base/static/img/icons/planning.png HTTP/1.1" 500 - 0 0.000 0.339
2026-07-28 06:31:36,912 2396 ERROR ? odoo.http: Exception during request handling. 
Traceback (most recent call last):
  File "D:\Odoo\odoo\odoo\http.py", line 2572, in __call__
    if self.get_static_file(httprequest.path):
       ^^^^^^^^^^^^^^^^^^^^^^^^^^^^^^^^^^^^^^
  File "D:\Odoo\odoo\odoo\http.py", line 2471, in get_static_file
    if (static != 'static' or not resource or module not in self.statics):
                                                            ^^^^^^^^^^^^
  File "D:\Odoo\odoo\odoo\tools\func.py", line 42, in __get__
    value = self.fget(obj)
            ^^^^^^^^^^^^^^
  File "D:\Odoo\odoo\odoo\http.py", line 2440, in statics
    for module in os.listdir(addons_path):
                  ^^^^^^^^^^^^^^^^^^^^^^^
FileNotFoundError: [WinError 3] The system cannot find the path specified: 'd:\\odoo\\addons'
2026-07-28 06:31:36,914 2396 INFO ? werkzeug: 127.0.0.1 - - [28/Jul/2026 06:31:36] "GET /mail/static/description/icon.png HTTP/1.1" 500 - 0 0.000 0.385
2026-07-28 06:31:36,917 2396 ERROR ? odoo.http: Exception during request handling. 
Traceback (most recent call last):
  File "D:\Odoo\odoo\odoo\http.py", line 2572, in __call__
    if self.get_static_file(httprequest.path):
       ^^^^^^^^^^^^^^^^^^^^^^^^^^^^^^^^^^^^^^
  File "D:\Odoo\odoo\odoo\http.py", line 2471, in get_static_file
    if (static != 'static' or not resource or module not in self.statics):
                                                            ^^^^^^^^^^^^
  File "D:\Odoo\odoo\odoo\tools\func.py", line 42, in __get__
    value = self.fget(obj)
            ^^^^^^^^^^^^^^
  File "D:\Odoo\odoo\odoo\http.py", line 2440, in statics
    for module in os.listdir(addons_path):
                  ^^^^^^^^^^^^^^^^^^^^^^^
FileNotFoundError: [WinError 3] The system cannot find the path specified: 'd:\\odoo\\addons'
2026-07-28 06:31:36,920 2396 INFO ? werkzeug: 127.0.0.1 - - [28/Jul/2026 06:31:36] "GET /website_event/static/description/icon.png HTTP/1.1" 500 - 0 0.000 0.393
2026-07-28 06:31:36,970 2396 ERROR ? odoo.http: Exception during request handling. 
Traceback (most recent call last):
  File "D:\Odoo\odoo\odoo\http.py", line 2572, in __call__
    if self.get_static_file(httprequest.path):
       ^^^^^^^^^^^^^^^^^^^^^^^^^^^^^^^^^^^^^^
  File "D:\Odoo\odoo\odoo\http.py", line 2471, in get_static_file
    if (static != 'static' or not resource or module not in self.statics):
                                                            ^^^^^^^^^^^^
  File "D:\Odoo\odoo\odoo\tools\func.py", line 42, in __get__
    value = self.fget(obj)
            ^^^^^^^^^^^^^^
  File "D:\Odoo\odoo\odoo\http.py", line 2440, in statics
    for module in os.listdir(addons_path):
                  ^^^^^^^^^^^^^^^^^^^^^^^
FileNotFoundError: [WinError 3] The system cannot find the path specified: 'd:\\odoo\\addons'
2026-07-28 06:31:36,972 2396 INFO ? werkzeug: 127.0.0.1 - - [28/Jul/2026 06:31:36] "GET /contacts/static/description/icon.png HTTP/1.1" 500 - 0 0.000 0.364
2026-07-28 06:31:36,992 2396 ERROR ? odoo.http: Exception during request handling. 
Traceback (most recent call last):
  File "D:\Odoo\odoo\odoo\http.py", line 2572, in __call__
    if self.get_static_file(httprequest.path):
       ^^^^^^^^^^^^^^^^^^^^^^^^^^^^^^^^^^^^^^
  File "D:\Odoo\odoo\odoo\http.py", line 2471, in get_static_file
    if (static != 'static' or not resource or module not in self.statics):
                                                            ^^^^^^^^^^^^
  File "D:\Odoo\odoo\odoo\tools\func.py", line 42, in __get__
    value = self.fget(obj)
            ^^^^^^^^^^^^^^
  File "D:\Odoo\odoo\odoo\http.py", line 2440, in statics
    for module in os.listdir(addons_path):
                  ^^^^^^^^^^^^^^^^^^^^^^^
FileNotFoundError: [WinError 3] The system cannot find the path specified: 'd:\\odoo\\addons'
2026-07-28 06:31:36,994 2396 INFO ? werkzeug: 127.0.0.1 - - [28/Jul/2026 06:31:36] "GET /base/static/img/icons/mrp_plm.png HTTP/1.1" 500 - 0 0.000 0.338
2026-07-28 06:31:37,107 2396 ERROR ? odoo.http: Exception during request handling. 
Traceback (most recent call last):
  File "D:\Odoo\odoo\odoo\http.py", line 2572, in __call__
    if self.get_static_file(httprequest.path):
       ^^^^^^^^^^^^^^^^^^^^^^^^^^^^^^^^^^^^^^
  File "D:\Odoo\odoo\odoo\http.py", line 2471, in get_static_file
    if (static != 'static' or not resource or module not in self.statics):
                                                            ^^^^^^^^^^^^
  File "D:\Odoo\odoo\odoo\tools\func.py", line 42, in __get__
    value = self.fget(obj)
            ^^^^^^^^^^^^^^
  File "D:\Odoo\odoo\odoo\http.py", line 2440, in statics
    for module in os.listdir(addons_path):
                  ^^^^^^^^^^^^^^^^^^^^^^^
FileNotFoundError: [WinError 3] The system cannot find the path specified: 'd:\\odoo\\addons'
2026-07-28 06:31:37,108 2396 INFO ? werkzeug: 127.0.0.1 - - [28/Jul/2026 06:31:37] "GET /base/static/img/icons/social.png HTTP/1.1" 500 - 0 0.000 0.140
2026-07-28 06:31:37,374 2396 ERROR ? odoo.http: Exception during request handling. 
Traceback (most recent call last):
  File "D:\Odoo\odoo\odoo\http.py", line 2572, in __call__
    if self.get_static_file(httprequest.path):
       ^^^^^^^^^^^^^^^^^^^^^^^^^^^^^^^^^^^^^^
  File "D:\Odoo\odoo\odoo\http.py", line 2471, in get_static_file
    if (static != 'static' or not resource or module not in self.statics):
                                                            ^^^^^^^^^^^^
  File "D:\Odoo\odoo\odoo\tools\func.py", line 42, in __get__
    value = self.fget(obj)
            ^^^^^^^^^^^^^^
  File "D:\Odoo\odoo\odoo\http.py", line 2440, in statics
    for module in os.listdir(addons_path):
                  ^^^^^^^^^^^^^^^^^^^^^^^
FileNotFoundError: [WinError 3] The system cannot find the path specified: 'd:\\odoo\\addons'
2026-07-28 06:31:37,376 2396 INFO ? werkzeug: 127.0.0.1 - - [28/Jul/2026 06:31:37] "GET /base/static/img/icons/hr_appraisal.png HTTP/1.1" 500 - 0 0.000 0.206
2026-07-28 06:31:37,559 2396 ERROR ? odoo.http: Exception during request handling. 
Traceback (most recent call last):
  File "D:\Odoo\odoo\odoo\http.py", line 2572, in __call__
    if self.get_static_file(httprequest.path):
       ^^^^^^^^^^^^^^^^^^^^^^^^^^^^^^^^^^^^^^
  File "D:\Odoo\odoo\odoo\http.py", line 2471, in get_static_file
    if (static != 'static' or not resource or module not in self.statics):
                                                            ^^^^^^^^^^^^
  File "D:\Odoo\odoo\odoo\tools\func.py", line 42, in __get__
    value = self.fget(obj)
            ^^^^^^^^^^^^^^
  File "D:\Odoo\odoo\odoo\http.py", line 2440, in statics
    for module in os.listdir(addons_path):
                  ^^^^^^^^^^^^^^^^^^^^^^^
FileNotFoundError: [WinError 3] The system cannot find the path specified: 'd:\\odoo\\addons'
2026-07-28 06:31:37,562 2396 INFO ? werkzeug: 127.0.0.1 - - [28/Jul/2026 06:31:37] "GET /base/static/img/icons/marketing_automation.png HTTP/1.1" 500 - 0 0.000 0.327
2026-07-28 06:31:37,569 2396 ERROR ? odoo.http: Exception during request handling. 
Traceback (most recent call last):
  File "D:\Odoo\odoo\odoo\http.py", line 2572, in __call__
    if self.get_static_file(httprequest.path):
       ^^^^^^^^^^^^^^^^^^^^^^^^^^^^^^^^^^^^^^
  File "D:\Odoo\odoo\odoo\http.py", line 2471, in get_static_file
    if (static != 'static' or not resource or module not in self.statics):
                                                            ^^^^^^^^^^^^
  File "D:\Odoo\odoo\odoo\tools\func.py", line 42, in __get__
    value = self.fget(obj)
            ^^^^^^^^^^^^^^
  File "D:\Odoo\odoo\odoo\http.py", line 2440, in statics
    for module in os.listdir(addons_path):
                  ^^^^^^^^^^^^^^^^^^^^^^^
FileNotFoundError: [WinError 3] The system cannot find the path specified: 'd:\\odoo\\addons'
2026-07-28 06:31:37,571 2396 INFO ? werkzeug: 127.0.0.1 - - [28/Jul/2026 06:31:37] "GET /fleet/static/description/icon.png HTTP/1.1" 500 - 0 0.000 0.339
2026-07-28 06:31:37,633 2396 ERROR ? odoo.http: Exception during request handling. 
Traceback (most recent call last):
  File "D:\Odoo\odoo\odoo\http.py", line 2572, in __call__
    if self.get_static_file(httprequest.path):
       ^^^^^^^^^^^^^^^^^^^^^^^^^^^^^^^^^^^^^^
  File "D:\Odoo\odoo\odoo\http.py", line 2471, in get_static_file
    if (static != 'static' or not resource or module not in self.statics):
                                                            ^^^^^^^^^^^^
  File "D:\Odoo\odoo\odoo\tools\func.py", line 42, in __get__
    value = self.fget(obj)
            ^^^^^^^^^^^^^^
  File "D:\Odoo\odoo\odoo\http.py", line 2440, in statics
    for module in os.listdir(addons_path):
                  ^^^^^^^^^^^^^^^^^^^^^^^
FileNotFoundError: [WinError 3] The system cannot find the path specified: 'd:\\odoo\\addons'
2026-07-28 06:31:37,635 2396 INFO ? werkzeug: 127.0.0.1 - - [28/Jul/2026 06:31:37] "GET /im_livechat/static/description/icon.png HTTP/1.1" 500 - 0 0.000 0.353
2026-07-28 06:31:37,657 2396 ERROR ? odoo.http: Exception during request handling. 
Traceback (most recent call last):
  File "D:\Odoo\odoo\odoo\http.py", line 2572, in __call__
    if self.get_static_file(httprequest.path):
       ^^^^^^^^^^^^^^^^^^^^^^^^^^^^^^^^^^^^^^
  File "D:\Odoo\odoo\odoo\http.py", line 2471, in get_static_file
    if (static != 'static' or not resource or module not in self.statics):
                                                            ^^^^^^^^^^^^
  File "D:\Odoo\odoo\odoo\tools\func.py", line 42, in __get__
    value = self.fget(obj)
            ^^^^^^^^^^^^^^
  File "D:\Odoo\odoo\odoo\http.py", line 2440, in statics
    for module in os.listdir(addons_path):
                  ^^^^^^^^^^^^^^^^^^^^^^^
FileNotFoundError: [WinError 3] The system cannot find the path specified: 'd:\\odoo\\addons'
2026-07-28 06:31:37,659 2396 INFO ? werkzeug: 127.0.0.1 - - [28/Jul/2026 06:31:37] "GET /base/static/img/icons/appointment.png HTTP/1.1" 500 - 0 0.000 0.346
2026-07-28 06:31:37,720 2396 ERROR ? odoo.http: Exception during request handling. 
Traceback (most recent call last):
  File "D:\Odoo\odoo\odoo\http.py", line 2572, in __call__
    if self.get_static_file(httprequest.path):
       ^^^^^^^^^^^^^^^^^^^^^^^^^^^^^^^^^^^^^^
  File "D:\Odoo\odoo\odoo\http.py", line 2471, in get_static_file
    if (static != 'static' or not resource or module not in self.statics):
                                                            ^^^^^^^^^^^^
  File "D:\Odoo\odoo\odoo\tools\func.py", line 42, in __get__
    value = self.fget(obj)
            ^^^^^^^^^^^^^^
  File "D:\Odoo\odoo\odoo\http.py", line 2440, in statics
    for module in os.listdir(addons_path):
                  ^^^^^^^^^^^^^^^^^^^^^^^
FileNotFoundError: [WinError 3] The system cannot find the path specified: 'd:\\odoo\\addons'
2026-07-28 06:31:37,721 2396 INFO ? werkzeug: 127.0.0.1 - - [28/Jul/2026 06:31:37] "GET /survey/static/description/icon.png HTTP/1.1" 500 - 0 0.000 0.297
2026-07-28 06:31:37,827 2396 ERROR ? odoo.http: Exception during request handling. 
Traceback (most recent call last):
  File "D:\Odoo\odoo\odoo\http.py", line 2572, in __call__
    if self.get_static_file(httprequest.path):
       ^^^^^^^^^^^^^^^^^^^^^^^^^^^^^^^^^^^^^^
  File "D:\Odoo\odoo\odoo\http.py", line 2471, in get_static_file
    if (static != 'static' or not resource or module not in self.statics):
                                                            ^^^^^^^^^^^^
  File "D:\Odoo\odoo\odoo\tools\func.py", line 42, in __get__
    value = self.fget(obj)
            ^^^^^^^^^^^^^^
  File "D:\Odoo\odoo\odoo\http.py", line 2440, in statics
    for module in os.listdir(addons_path):
                  ^^^^^^^^^^^^^^^^^^^^^^^
FileNotFoundError: [WinError 3] The system cannot find the path specified: 'd:\\odoo\\addons'
2026-07-28 06:31:37,828 2396 INFO ? werkzeug: 127.0.0.1 - - [28/Jul/2026 06:31:37] "GET /base/static/img/icons/web_mobile.png HTTP/1.1" 500 - 0 0.000 0.138
2026-07-28 06:31:38,136 2396 ERROR ? odoo.http: Exception during request handling. 
Traceback (most recent call last):
  File "D:\Odoo\odoo\odoo\http.py", line 2572, in __call__
    if self.get_static_file(httprequest.path):
       ^^^^^^^^^^^^^^^^^^^^^^^^^^^^^^^^^^^^^^
  File "D:\Odoo\odoo\odoo\http.py", line 2471, in get_static_file
    if (static != 'static' or not resource or module not in self.statics):
                                                            ^^^^^^^^^^^^
  File "D:\Odoo\odoo\odoo\tools\func.py", line 42, in __get__
    value = self.fget(obj)
            ^^^^^^^^^^^^^^
  File "D:\Odoo\odoo\odoo\http.py", line 2440, in statics
    for module in os.listdir(addons_path):
                  ^^^^^^^^^^^^^^^^^^^^^^^
FileNotFoundError: [WinError 3] The system cannot find the path specified: 'd:\\odoo\\addons'
2026-07-28 06:31:38,140 2396 INFO ? werkzeug: 127.0.0.1 - - [28/Jul/2026 06:31:38] "GET /repair/static/description/icon.png HTTP/1.1" 500 - 0 0.000 0.262
2026-07-28 06:31:38,150 2396 ERROR ? odoo.http: Exception during request handling. 
Traceback (most recent call last):
  File "D:\Odoo\odoo\odoo\http.py", line 2572, in __call__
    if self.get_static_file(httprequest.path):
       ^^^^^^^^^^^^^^^^^^^^^^^^^^^^^^^^^^^^^^
  File "D:\Odoo\odoo\odoo\http.py", line 2471, in get_static_file
    if (static != 'static' or not resource or module not in self.statics):
                                                            ^^^^^^^^^^^^
  File "D:\Odoo\odoo\odoo\tools\func.py", line 42, in __get__
    value = self.fget(obj)
            ^^^^^^^^^^^^^^
  File "D:\Odoo\odoo\odoo\http.py", line 2440, in statics
    for module in os.listdir(addons_path):
                  ^^^^^^^^^^^^^^^^^^^^^^^
FileNotFoundError: [WinError 3] The system cannot find the path specified: 'd:\\odoo\\addons'
2026-07-28 06:31:38,152 2396 INFO ? werkzeug: 127.0.0.1 - - [28/Jul/2026 06:31:38] "GET /hr_attendance/static/description/icon.png HTTP/1.1" 500 - 0 0.000 0.273
2026-07-28 06:31:38,293 2396 ERROR ? odoo.http: Exception during request handling. 
Traceback (most recent call last):
  File "D:\Odoo\odoo\odoo\http.py", line 2572, in __call__
    if self.get_static_file(httprequest.path):
       ^^^^^^^^^^^^^^^^^^^^^^^^^^^^^^^^^^^^^^
  File "D:\Odoo\odoo\odoo\http.py", line 2471, in get_static_file
    if (static != 'static' or not resource or module not in self.statics):
                                                            ^^^^^^^^^^^^
  File "D:\Odoo\odoo\odoo\tools\func.py", line 42, in __get__
    value = self.fget(obj)
            ^^^^^^^^^^^^^^
  File "D:\Odoo\odoo\odoo\http.py", line 2440, in statics
    for module in os.listdir(addons_path):
                  ^^^^^^^^^^^^^^^^^^^^^^^
FileNotFoundError: [WinError 3] The system cannot find the path specified: 'd:\\odoo\\addons'
2026-07-28 06:31:38,295 2396 INFO ? werkzeug: 127.0.0.1 - - [28/Jul/2026 06:31:38] "GET /mass_mailing_sms/static/description/icon.png HTTP/1.1" 500 - 0 0.000 0.339
2026-07-28 06:31:38,307 2396 ERROR ? odoo.http: Exception during request handling. 
Traceback (most recent call last):
  File "D:\Odoo\odoo\odoo\http.py", line 2572, in __call__
    if self.get_static_file(httprequest.path):
       ^^^^^^^^^^^^^^^^^^^^^^^^^^^^^^^^^^^^^^
  File "D:\Odoo\odoo\odoo\http.py", line 2471, in get_static_file
    if (static != 'static' or not resource or module not in self.statics):
                                                            ^^^^^^^^^^^^
  File "D:\Odoo\odoo\odoo\tools\func.py", line 42, in __get__
    value = self.fget(obj)
            ^^^^^^^^^^^^^^
  File "D:\Odoo\odoo\odoo\http.py", line 2440, in statics
    for module in os.listdir(addons_path):
                  ^^^^^^^^^^^^^^^^^^^^^^^
FileNotFoundError: [WinError 3] The system cannot find the path specified: 'd:\\odoo\\addons'
2026-07-28 06:31:38,309 2396 INFO ? werkzeug: 127.0.0.1 - - [28/Jul/2026 06:31:38] "GET /base/static/img/icons/stock_barcode.png HTTP/1.1" 500 - 0 0.000 0.337
2026-07-28 06:31:38,350 2396 ERROR ? odoo.http: Exception during request handling. 
Traceback (most recent call last):
  File "D:\Odoo\odoo\odoo\http.py", line 2572, in __call__
    if self.get_static_file(httprequest.path):
       ^^^^^^^^^^^^^^^^^^^^^^^^^^^^^^^^^^^^^^
  File "D:\Odoo\odoo\odoo\http.py", line 2471, in get_static_file
    if (static != 'static' or not resource or module not in self.statics):
                                                            ^^^^^^^^^^^^
  File "D:\Odoo\odoo\odoo\tools\func.py", line 42, in __get__
    value = self.fget(obj)
            ^^^^^^^^^^^^^^
  File "D:\Odoo\odoo\odoo\http.py", line 2440, in statics
    for module in os.listdir(addons_path):
                  ^^^^^^^^^^^^^^^^^^^^^^^
FileNotFoundError: [WinError 3] The system cannot find the path specified: 'd:\\odoo\\addons'
2026-07-28 06:31:38,351 2396 INFO ? werkzeug: 127.0.0.1 - - [28/Jul/2026 06:31:38] "GET /project_todo/static/description/icon.png HTTP/1.1" 500 - 0 0.000 0.316
2026-07-28 06:31:38,386 2396 ERROR ? odoo.http: Exception during request handling. 
Traceback (most recent call last):
  File "D:\Odoo\odoo\odoo\http.py", line 2572, in __call__
    if self.get_static_file(httprequest.path):
       ^^^^^^^^^^^^^^^^^^^^^^^^^^^^^^^^^^^^^^
  File "D:\Odoo\odoo\odoo\http.py", line 2471, in get_static_file
    if (static != 'static' or not resource or module not in self.statics):
                                                            ^^^^^^^^^^^^
  File "D:\Odoo\odoo\odoo\tools\func.py", line 42, in __get__
    value = self.fget(obj)
            ^^^^^^^^^^^^^^
  File "D:\Odoo\odoo\odoo\http.py", line 2440, in statics
    for module in os.listdir(addons_path):
                  ^^^^^^^^^^^^^^^^^^^^^^^
FileNotFoundError: [WinError 3] The system cannot find the path specified: 'd:\\odoo\\addons'
2026-07-28 06:31:38,387 2396 INFO ? werkzeug: 127.0.0.1 - - [28/Jul/2026 06:31:38] "GET /hr_skills/static/description/icon.png HTTP/1.1" 500 - 0 0.000 0.244
2026-07-28 06:31:38,622 2396 ERROR ? odoo.http: Exception during request handling. 
Traceback (most recent call last):
  File "D:\Odoo\odoo\odoo\http.py", line 2572, in __call__
    if self.get_static_file(httprequest.path):
       ^^^^^^^^^^^^^^^^^^^^^^^^^^^^^^^^^^^^^^
  File "D:\Odoo\odoo\odoo\http.py", line 2471, in get_static_file
    if (static != 'static' or not resource or module not in self.statics):
                                                            ^^^^^^^^^^^^
  File "D:\Odoo\odoo\odoo\tools\func.py", line 42, in __get__
    value = self.fget(obj)
            ^^^^^^^^^^^^^^
  File "D:\Odoo\odoo\odoo\http.py", line 2440, in statics
    for module in os.listdir(addons_path):
                  ^^^^^^^^^^^^^^^^^^^^^^^
FileNotFoundError: [WinError 3] The system cannot find the path specified: 'd:\\odoo\\addons'
2026-07-28 06:31:38,624 2396 INFO ? werkzeug: 127.0.0.1 - - [28/Jul/2026 06:31:38] "GET /base/static/img/icons/voip.png HTTP/1.1" 500 - 0 0.000 0.168
2026-07-28 06:31:38,652 2396 ERROR ? odoo.http: Exception during request handling. 
Traceback (most recent call last):
  File "D:\Odoo\odoo\odoo\http.py", line 2572, in __call__
    if self.get_static_file(httprequest.path):
       ^^^^^^^^^^^^^^^^^^^^^^^^^^^^^^^^^^^^^^
  File "D:\Odoo\odoo\odoo\http.py", line 2471, in get_static_file
    if (static != 'static' or not resource or module not in self.statics):
                                                            ^^^^^^^^^^^^
  File "D:\Odoo\odoo\odoo\tools\func.py", line 42, in __get__
    value = self.fget(obj)
            ^^^^^^^^^^^^^^
  File "D:\Odoo\odoo\odoo\http.py", line 2440, in statics
    for module in os.listdir(addons_path):
                  ^^^^^^^^^^^^^^^^^^^^^^^
FileNotFoundError: [WinError 3] The system cannot find the path specified: 'd:\\odoo\\addons'
2026-07-28 06:31:38,653 2396 INFO ? werkzeug: 127.0.0.1 - - [28/Jul/2026 06:31:38] "GET /lunch/static/description/icon.png HTTP/1.1" 500 - 0 0.000 0.181
2026-07-28 06:31:38,849 2396 ERROR ? odoo.http: Exception during request handling. 
Traceback (most recent call last):
  File "D:\Odoo\odoo\odoo\http.py", line 2572, in __call__
    if self.get_static_file(httprequest.path):
       ^^^^^^^^^^^^^^^^^^^^^^^^^^^^^^^^^^^^^^
  File "D:\Odoo\odoo\odoo\http.py", line 2471, in get_static_file
    if (static != 'static' or not resource or module not in self.statics):
                                                            ^^^^^^^^^^^^
  File "D:\Odoo\odoo\odoo\tools\func.py", line 42, in __get__
    value = self.fget(obj)
            ^^^^^^^^^^^^^^
  File "D:\Odoo\odoo\odoo\http.py", line 2440, in statics
    for module in os.listdir(addons_path):
                  ^^^^^^^^^^^^^^^^^^^^^^^
FileNotFoundError: [WinError 3] The system cannot find the path specified: 'd:\\odoo\\addons'
2026-07-28 06:31:38,851 2396 INFO ? werkzeug: 127.0.0.1 - - [28/Jul/2026 06:31:38] "GET /website_hr_recruitment/static/description/icon.png HTTP/1.1" 500 - 0 0.000 0.236
2026-07-28 06:31:38,859 2396 ERROR ? odoo.http: Exception during request handling. 
Traceback (most recent call last):
  File "D:\Odoo\odoo\odoo\http.py", line 2572, in __call__
    if self.get_static_file(httprequest.path):
       ^^^^^^^^^^^^^^^^^^^^^^^^^^^^^^^^^^^^^^
  File "D:\Odoo\odoo\odoo\http.py", line 2471, in get_static_file
    if (static != 'static' or not resource or module not in self.statics):
                                                            ^^^^^^^^^^^^
  File "D:\Odoo\odoo\odoo\tools\func.py", line 42, in __get__
    value = self.fget(obj)
            ^^^^^^^^^^^^^^
  File "D:\Odoo\odoo\odoo\http.py", line 2440, in statics
    for module in os.listdir(addons_path):
                  ^^^^^^^^^^^^^^^^^^^^^^^
FileNotFoundError: [WinError 3] The system cannot find the path specified: 'd:\\odoo\\addons'
2026-07-28 06:31:38,860 2396 INFO ? werkzeug: 127.0.0.1 - - [28/Jul/2026 06:31:38] "GET /base/static/img/icons/sale_amazon.png HTTP/1.1" 500 - 0 0.000 0.233
2026-07-28 06:31:38,883 2396 ERROR ? odoo.http: Exception during request handling. 
Traceback (most recent call last):
  File "D:\Odoo\odoo\odoo\http.py", line 2572, in __call__
    if self.get_static_file(httprequest.path):
       ^^^^^^^^^^^^^^^^^^^^^^^^^^^^^^^^^^^^^^
  File "D:\Odoo\odoo\odoo\http.py", line 2471, in get_static_file
    if (static != 'static' or not resource or module not in self.statics):
                                                            ^^^^^^^^^^^^
  File "D:\Odoo\odoo\odoo\tools\func.py", line 42, in __get__
    value = self.fget(obj)
            ^^^^^^^^^^^^^^
  File "D:\Odoo\odoo\odoo\http.py", line 2440, in statics
    for module in os.listdir(addons_path):
                  ^^^^^^^^^^^^^^^^^^^^^^^
FileNotFoundError: [WinError 3] The system cannot find the path specified: 'd:\\odoo\\addons'
2026-07-28 06:31:38,885 2396 INFO ? werkzeug: 127.0.0.1 - - [28/Jul/2026 06:31:38] "GET /hr_contract/static/description/icon.png HTTP/1.1" 500 - 0 0.000 0.224
2026-07-28 06:31:39,706 2396 INFO odoo18 werkzeug: 127.0.0.1 - - [28/Jul/2026 06:31:39] "POST /web/action/load HTTP/1.1" 200 - 9 0.006 0.007
2026-07-28 06:31:40,013 2396 INFO odoo18 werkzeug: 127.0.0.1 - - [28/Jul/2026 06:31:40] "POST /web/dataset/call_kw/res.config.settings/get_views HTTP/1.1" 200 - 22 0.013 0.042
2026-07-28 06:31:40,225 2396 INFO odoo18 werkzeug: 127.0.0.1 - - [28/Jul/2026 06:31:40] "POST /web/dataset/call_kw/res.config.settings/onchange HTTP/1.1" 200 - 64 0.037 0.152
2026-07-28 06:31:40,339 2396 INFO odoo18 werkzeug: 127.0.0.1 - - [28/Jul/2026 06:31:40] "POST /base_setup/demo_active HTTP/1.1" 200 - 2 0.002 0.005
2026-07-28 06:31:40,622 2396 INFO odoo18 werkzeug: 127.0.0.1 - - [28/Jul/2026 06:31:40] "POST /base_setup/data HTTP/1.1" 200 - 6 0.005 0.005
2026-07-28 06:31:40,851 2396 ERROR ? odoo.http: Exception during request handling. 
Traceback (most recent call last):
  File "D:\Odoo\odoo\odoo\http.py", line 2572, in __call__
    if self.get_static_file(httprequest.path):
       ^^^^^^^^^^^^^^^^^^^^^^^^^^^^^^^^^^^^^^
  File "D:\Odoo\odoo\odoo\http.py", line 2471, in get_static_file
    if (static != 'static' or not resource or module not in self.statics):
                                                            ^^^^^^^^^^^^
  File "D:\Odoo\odoo\odoo\tools\func.py", line 42, in __get__
    value = self.fget(obj)
            ^^^^^^^^^^^^^^
  File "D:\Odoo\odoo\odoo\http.py", line 2440, in statics
    for module in os.listdir(addons_path):
                  ^^^^^^^^^^^^^^^^^^^^^^^
FileNotFoundError: [WinError 3] The system cannot find the path specified: 'd:\\odoo\\addons'
2026-07-28 06:31:40,853 2396 INFO ? werkzeug: 127.0.0.1 - - [28/Jul/2026 06:31:40] "GET /web/static/img/favicon.ico HTTP/1.1" 500 - 0 0.000 0.127
2026-07-28 06:31:44,508 2396 ERROR ? odoo.http: Exception during request handling. 
Traceback (most recent call last):
  File "D:\Odoo\odoo\odoo\http.py", line 2572, in __call__
    if self.get_static_file(httprequest.path):
       ^^^^^^^^^^^^^^^^^^^^^^^^^^^^^^^^^^^^^^
  File "D:\Odoo\odoo\odoo\http.py", line 2471, in get_static_file
    if (static != 'static' or not resource or module not in self.statics):
                                                            ^^^^^^^^^^^^
  File "D:\Odoo\odoo\odoo\tools\func.py", line 42, in __get__
    value = self.fget(obj)
            ^^^^^^^^^^^^^^
  File "D:\Odoo\odoo\odoo\http.py", line 2440, in statics
    for module in os.listdir(addons_path):
                  ^^^^^^^^^^^^^^^^^^^^^^^
FileNotFoundError: [WinError 3] The system cannot find the path specified: 'd:\\odoo\\addons'
2026-07-28 06:31:44,509 2396 INFO ? werkzeug: 127.0.0.1 - - [28/Jul/2026 06:31:44] "GET /web/static/img/empty_folder.svg HTTP/1.1" 500 - 0 0.000 0.125
2026-07-28 06:31:58,752 2396 INFO odoo18 odoo.addons.base.models.ir_cron: Job 'Base: Auto-vacuum internal data' (21) starting 
2026-07-28 06:31:58,785 2396 INFO odoo18 odoo.addons.base.models.ir_attachment: filestore gc 0 checked, 0 removed 
2026-07-28 06:31:58,851 2396 INFO odoo18 odoo.addons.base.models.res_users: GC'd 0 user log entries 
2026-07-28 06:31:58,861 2396 INFO odoo18 odoo.addons.base.models.res_users: GC 'res.users.apikeys' delete 0 entries 
2026-07-28 06:31:58,867 2396 INFO odoo18 odoo.addons.base.models.res_device: GC device logs delete 0 entries 
2026-07-28 06:31:58,870 2396 INFO odoo18 odoo.addons.base.models.res_device: GC device logs delete 0 entries 
2026-07-28 06:31:58,885 2396 INFO odoo18 odoo.addons.base.models.res_users: GC 'auth_totp.device' delete 0 entries 
2026-07-28 06:31:59,005 2396 INFO odoo18 odoo.addons.base.models.ir_cron: Job 'Base: Auto-vacuum internal data' (21) done in 0.253s 
2026-07-28 06:31:59,008 2396 INFO odoo18 odoo.addons.base.models.ir_cron: Job 'Base: Auto-vacuum internal data' (21) processed 0 records, 0 records remaining 
2026-07-28 06:31:59,012 2396 INFO odoo18 odoo.addons.base.models.ir_cron: Job 'Base: Auto-vacuum internal data' (21) completed 
2026-07-28 06:33:13,158 2396 INFO odoo18 werkzeug: 127.0.0.1 - - [28/Jul/2026 06:33:13] "GET /odoo/settings HTTP/1.1" 200 - 18 0.008 0.021
2026-07-28 06:33:13,409 2396 INFO odoo18 werkzeug: 127.0.0.1 - - [28/Jul/2026 06:33:13] "GET /web/manifest.webmanifest HTTP/1.1" 200 - 7 0.002 0.012
2026-07-28 06:33:13,719 2396 ERROR ? odoo.http: Exception during request handling. 
Traceback (most recent call last):
  File "D:\Odoo\odoo\odoo\http.py", line 2572, in __call__
    if self.get_static_file(httprequest.path):
       ^^^^^^^^^^^^^^^^^^^^^^^^^^^^^^^^^^^^^^
  File "D:\Odoo\odoo\odoo\http.py", line 2471, in get_static_file
    if (static != 'static' or not resource or module not in self.statics):
                                                            ^^^^^^^^^^^^
  File "D:\Odoo\odoo\odoo\tools\func.py", line 42, in __get__
    value = self.fget(obj)
            ^^^^^^^^^^^^^^
  File "D:\Odoo\odoo\odoo\http.py", line 2440, in statics
    for module in os.listdir(addons_path):
                  ^^^^^^^^^^^^^^^^^^^^^^^
FileNotFoundError: [WinError 3] The system cannot find the path specified: 'd:\\odoo\\addons'
2026-07-28 06:33:13,721 2396 INFO ? werkzeug: 127.0.0.1 - - [28/Jul/2026 06:33:13] "GET /web/static/img/favicon.ico HTTP/1.1" 500 - 0 0.000 0.132
2026-07-28 06:33:14,032 2396 INFO odoo18 werkzeug: 127.0.0.1 - - [28/Jul/2026 06:33:14] "POST /web/action/load HTTP/1.1" 200 - 10 0.024 0.015
2026-07-28 06:33:14,033 2396 INFO odoo18 werkzeug: 127.0.0.1 - - [28/Jul/2026 06:33:14] "GET /web/image?model=res.users&field=avatar_128&id=2 HTTP/1.1" 304 - 8 0.015 0.022
2026-07-28 06:33:14,054 2396 ERROR odoo18 odoo.http: Exception during request handling. 
Traceback (most recent call last):
  File "D:\Odoo\odoo\odoo\http.py", line 2577, in __call__
    response = request._serve_db()
               ^^^^^^^^^^^^^^^^^^^
  File "D:\Odoo\odoo\odoo\http.py", line 2104, in _serve_db
    return self._transactioning(
           ^^^^^^^^^^^^^^^^^^^^^
  File "D:\Odoo\odoo\odoo\http.py", line 2167, in _transactioning
    return service_model.retrying(func, env=self.env)
           ^^^^^^^^^^^^^^^^^^^^^^^^^^^^^^^^^^^^^^^^^^
  File "D:\Odoo\odoo\odoo\service\model.py", line 157, in retrying
    result = func()
             ^^^^^^
  File "D:\Odoo\odoo\odoo\http.py", line 2134, in _serve_ir_http
    response = self.dispatcher.dispatch(rule.endpoint, args)
               ^^^^^^^^^^^^^^^^^^^^^^^^^^^^^^^^^^^^^^^^^^^^^
  File "D:\Odoo\odoo\odoo\http.py", line 2295, in dispatch
    return self.request.registry['ir.http']._dispatch(endpoint)
           ^^^^^^^^^^^^^^^^^^^^^^^^^^^^^^^^^^^^^^^^^^^^^^^^^^^^
  File "D:\Odoo\odoo\odoo\addons\base\models\ir_http.py", line 333, in _dispatch
    result = endpoint(**request.params)
             ^^^^^^^^^^^^^^^^^^^^^^^^^^
  File "D:\Odoo\odoo\odoo\http.py", line 754, in route_wrapper
    result = endpoint(self, *args, **params_ok)
             ^^^^^^^^^^^^^^^^^^^^^^^^^^^^^^^^^^
  File "d:\odoo\odoo\addons\bus\controllers\websocket.py", line 64, in get_websocket_worker_bundle
    stream = request.env['ir.binary']._get_stream_from(bundle.js())
             ^^^^^^^^^^^^^^^^^^^^^^^^^^^^^^^^^^^^^^^^^^^^^^^^^^^^^^
  File "D:\Odoo\odoo\odoo\addons\base\models\ir_binary.py", line 127, in _get_stream_from
    stream = self._record_to_stream(record, field_name)
             ^^^^^^^^^^^^^^^^^^^^^^^^^^^^^^^^^^^^^^^^^^
  File "D:\Odoo\odoo\odoo\addons\base\models\ir_binary.py", line 74, in _record_to_stream
    return record._to_http_stream()
           ^^^^^^^^^^^^^^^^^^^^^^^^
  File "D:\Odoo\odoo\odoo\addons\base\models\ir_attachment.py", line 822, in _to_http_stream
    stat = os.stat(stream.path)
           ^^^^^^^^^^^^^^^^^^^^
FileNotFoundError: [WinError 3] The system cannot find the path specified: 'd:\\odoo\\data\\filestore\\odoo18/98/985c54ad8e118256b787b9c73701c7a135b7735c'
2026-07-28 06:33:14,055 2396 INFO odoo18 werkzeug: 127.0.0.1 - - [28/Jul/2026 06:33:14] "POST /mail/data HTTP/1.1" 200 - 19 0.036 0.026
2026-07-28 06:33:14,058 2396 INFO odoo18 werkzeug: 127.0.0.1 - - [28/Jul/2026 06:33:14] "GET /bus/websocket_worker_bundle?v=18.0-7 HTTP/1.1" 500 - 3 0.004 0.018
2026-07-28 06:33:14,088 2396 ERROR ? odoo.http: Exception during request handling. 
Traceback (most recent call last):
  File "D:\Odoo\odoo\odoo\http.py", line 2572, in __call__
    if self.get_static_file(httprequest.path):
       ^^^^^^^^^^^^^^^^^^^^^^^^^^^^^^^^^^^^^^
  File "D:\Odoo\odoo\odoo\http.py", line 2471, in get_static_file
    if (static != 'static' or not resource or module not in self.statics):
                                                            ^^^^^^^^^^^^
  File "D:\Odoo\odoo\odoo\tools\func.py", line 42, in __get__
    value = self.fget(obj)
            ^^^^^^^^^^^^^^
  File "D:\Odoo\odoo\odoo\http.py", line 2440, in statics
    for module in os.listdir(addons_path):
                  ^^^^^^^^^^^^^^^^^^^^^^^
FileNotFoundError: [WinError 3] The system cannot find the path specified: 'd:\\odoo\\addons'
2026-07-28 06:33:14,089 2396 INFO ? werkzeug: 127.0.0.1 - - [28/Jul/2026 06:33:14] "GET /web/static/lib/odoo_ui_icons/fonts/odoo_ui_icons.woff2 HTTP/1.1" 500 - 0 0.000 0.195
2026-07-28 06:33:14,191 2396 ERROR ? odoo.http: Exception during request handling. 
Traceback (most recent call last):
  File "D:\Odoo\odoo\odoo\http.py", line 2572, in __call__
    if self.get_static_file(httprequest.path):
       ^^^^^^^^^^^^^^^^^^^^^^^^^^^^^^^^^^^^^^
  File "D:\Odoo\odoo\odoo\http.py", line 2471, in get_static_file
    if (static != 'static' or not resource or module not in self.statics):
                                                            ^^^^^^^^^^^^
  File "D:\Odoo\odoo\odoo\tools\func.py", line 42, in __get__
    value = self.fget(obj)
            ^^^^^^^^^^^^^^
  File "D:\Odoo\odoo\odoo\http.py", line 2440, in statics
    for module in os.listdir(addons_path):
                  ^^^^^^^^^^^^^^^^^^^^^^^
FileNotFoundError: [WinError 3] The system cannot find the path specified: 'd:\\odoo\\addons'
2026-07-28 06:33:14,193 2396 INFO ? werkzeug: 127.0.0.1 - - [28/Jul/2026 06:33:14] "GET /web/static/src/libs/fontawesome/fonts/fontawesome-webfont.woff2?v=4.7.0 HTTP/1.1" 500 - 0 0.000 0.202
2026-07-28 06:33:14,417 2396 INFO odoo18 werkzeug: 127.0.0.1 - - [28/Jul/2026 06:33:14] "POST /web/dataset/call_kw/res.config.settings/get_views HTTP/1.1" 200 - 1 0.001 0.017
2026-07-28 06:33:14,544 2396 INFO odoo18 werkzeug: 127.0.0.1 - - [28/Jul/2026 06:33:14] "POST /web/dataset/call_kw/res.config.settings/onchange HTTP/1.1" 200 - 17 0.013 0.021
2026-07-28 06:33:14,549 2396 ERROR ? odoo.http: Exception during request handling. 
Traceback (most recent call last):
  File "D:\Odoo\odoo\odoo\http.py", line 2572, in __call__
    if self.get_static_file(httprequest.path):
       ^^^^^^^^^^^^^^^^^^^^^^^^^^^^^^^^^^^^^^
  File "D:\Odoo\odoo\odoo\http.py", line 2471, in get_static_file
    if (static != 'static' or not resource or module not in self.statics):
                                                            ^^^^^^^^^^^^
  File "D:\Odoo\odoo\odoo\tools\func.py", line 42, in __get__
    value = self.fget(obj)
            ^^^^^^^^^^^^^^
  File "D:\Odoo\odoo\odoo\http.py", line 2440, in statics
    for module in os.listdir(addons_path):
                  ^^^^^^^^^^^^^^^^^^^^^^^
FileNotFoundError: [WinError 3] The system cannot find the path specified: 'd:\\odoo\\addons'
2026-07-28 06:33:14,551 2396 INFO ? werkzeug: 127.0.0.1 - - [28/Jul/2026 06:33:14] "GET /web/static/lib/odoo_ui_icons/fonts/odoo_ui_icons.woff HTTP/1.1" 500 - 0 0.000 0.199
2026-07-28 06:33:14,583 2396 ERROR ? odoo.http: Exception during request handling. 
Traceback (most recent call last):
  File "D:\Odoo\odoo\odoo\http.py", line 2572, in __call__
    if self.get_static_file(httprequest.path):
       ^^^^^^^^^^^^^^^^^^^^^^^^^^^^^^^^^^^^^^
  File "D:\Odoo\odoo\odoo\http.py", line 2471, in get_static_file
    if (static != 'static' or not resource or module not in self.statics):
                                                            ^^^^^^^^^^^^
  File "D:\Odoo\odoo\odoo\tools\func.py", line 42, in __get__
    value = self.fget(obj)
            ^^^^^^^^^^^^^^
  File "D:\Odoo\odoo\odoo\http.py", line 2440, in statics
    for module in os.listdir(addons_path):
                  ^^^^^^^^^^^^^^^^^^^^^^^
FileNotFoundError: [WinError 3] The system cannot find the path specified: 'd:\\odoo\\addons'
2026-07-28 06:33:14,584 2396 INFO ? werkzeug: 127.0.0.1 - - [28/Jul/2026 06:33:14] "GET /web/static/src/libs/fontawesome/fonts/fontawesome-webfont.woff?v=4.7.0 HTTP/1.1" 500 - 0 0.000 0.202
2026-07-28 06:33:14,747 2396 INFO odoo18 werkzeug: 127.0.0.1 - - [28/Jul/2026 06:33:14] "POST /base_setup/demo_active HTTP/1.1" 200 - 2 0.002 0.004
2026-07-28 06:33:14,934 2396 INFO odoo18 werkzeug: 127.0.0.1 - - [28/Jul/2026 06:33:14] "POST /base_setup/data HTTP/1.1" 200 - 5 0.003 0.004
2026-07-28 06:33:14,949 2396 ERROR odoo18 odoo.http: Exception during request handling. 
Traceback (most recent call last):
  File "D:\Odoo\odoo\odoo\http.py", line 2577, in __call__
    response = request._serve_db()
               ^^^^^^^^^^^^^^^^^^^
  File "D:\Odoo\odoo\odoo\http.py", line 2104, in _serve_db
    return self._transactioning(
           ^^^^^^^^^^^^^^^^^^^^^
  File "D:\Odoo\odoo\odoo\http.py", line 2167, in _transactioning
    return service_model.retrying(func, env=self.env)
           ^^^^^^^^^^^^^^^^^^^^^^^^^^^^^^^^^^^^^^^^^^
  File "D:\Odoo\odoo\odoo\service\model.py", line 157, in retrying
    result = func()
             ^^^^^^
  File "D:\Odoo\odoo\odoo\http.py", line 2134, in _serve_ir_http
    response = self.dispatcher.dispatch(rule.endpoint, args)
               ^^^^^^^^^^^^^^^^^^^^^^^^^^^^^^^^^^^^^^^^^^^^^
  File "D:\Odoo\odoo\odoo\http.py", line 2295, in dispatch
    return self.request.registry['ir.http']._dispatch(endpoint)
           ^^^^^^^^^^^^^^^^^^^^^^^^^^^^^^^^^^^^^^^^^^^^^^^^^^^^
  File "D:\Odoo\odoo\odoo\addons\base\models\ir_http.py", line 333, in _dispatch
    result = endpoint(**request.params)
             ^^^^^^^^^^^^^^^^^^^^^^^^^^
  File "D:\Odoo\odoo\odoo\http.py", line 754, in route_wrapper
    result = endpoint(self, *args, **params_ok)
             ^^^^^^^^^^^^^^^^^^^^^^^^^^^^^^^^^^
  File "d:\odoo\odoo\addons\bus\controllers\websocket.py", line 64, in get_websocket_worker_bundle
    stream = request.env['ir.binary']._get_stream_from(bundle.js())
             ^^^^^^^^^^^^^^^^^^^^^^^^^^^^^^^^^^^^^^^^^^^^^^^^^^^^^^
  File "D:\Odoo\odoo\odoo\addons\base\models\ir_binary.py", line 127, in _get_stream_from
    stream = self._record_to_stream(record, field_name)
             ^^^^^^^^^^^^^^^^^^^^^^^^^^^^^^^^^^^^^^^^^^
  File "D:\Odoo\odoo\odoo\addons\base\models\ir_binary.py", line 74, in _record_to_stream
    return record._to_http_stream()
           ^^^^^^^^^^^^^^^^^^^^^^^^
  File "D:\Odoo\odoo\odoo\addons\base\models\ir_attachment.py", line 822, in _to_http_stream
    stat = os.stat(stream.path)
           ^^^^^^^^^^^^^^^^^^^^
FileNotFoundError: [WinError 3] The system cannot find the path specified: 'd:\\odoo\\data\\filestore\\odoo18/98/985c54ad8e118256b787b9c73701c7a135b7735c'
2026-07-28 06:33:14,952 2396 INFO odoo18 werkzeug: 127.0.0.1 - - [28/Jul/2026 06:33:14] "GET /bus/websocket_worker_bundle?v=18.0-7 HTTP/1.1" 500 - 3 0.001 0.010
2026-07-28 06:33:16,864 2396 INFO odoo18 werkzeug: 127.0.0.1 - - [28/Jul/2026 06:33:16] "GET /web/service-worker.js HTTP/1.1" 200 - 1 0.001 0.005
2026-07-28 06:33:39,058 2668 INFO ? odoo: Odoo version 18.0 
2026-07-28 06:33:39,059 2668 INFO ? odoo: Using configuration file at D:\odoo-mcp\odoo.conf 
2026-07-28 06:33:39,059 2668 INFO ? odoo: addons paths: ['D:\\Odoo\\odoo\\odoo\\addons', 'd:\\odoo\\data\\addons\\18.0', 'd:\\odoo\\odoo\\addons', 'd:\\odoo\\addons', 'd:\\odoo-mcp\\custom_addons', 'd:\\odoo\\odoo\\odoo\\addons'] 
2026-07-28 06:33:39,059 2668 INFO ? odoo: database: odoo@localhost:5432 
2026-07-28 06:33:39,388 2668 INFO ? odoo.addons.base.models.ir_actions_report: You need Wkhtmltopdf to print a pdf version of the reports. 
2026-07-28 06:33:39,406 2668 INFO ? odoo.addons.base.models.ir_actions_report: You need Wkhtmltoimage to generate images from html. 
2026-07-28 06:33:40,742 2668 INFO ? odoo.service.server: HTTP service (werkzeug) running on Annu:8069 
2026-07-28 06:33:40,848 2668 INFO odoo18 odoo.modules.loading: loading 1 modules... 
2026-07-28 06:33:40,857 2668 INFO odoo18 odoo.modules.loading: 1 modules loaded in 0.01s, 0 queries (+0 extra) 
2026-07-28 06:33:40,898 2668 INFO odoo18 odoo.modules.loading: updating modules list 
2026-07-28 06:33:40,904 2668 INFO odoo18 odoo.addons.base.models.ir_module: ALLOW access to module.update_list on [] to user __system__ #1 via n/a 
2026-07-28 06:33:41,001 2668 WARNING odoo18 odoo.modules.module: addons path does not exist: d:\odoo\addons 
2026-07-28 06:33:43,726 2668 INFO odoo18 odoo.modules.loading: loading 35 modules... 
2026-07-28 06:33:44,772 2668 INFO odoo18 odoo.modules.loading: 35 modules loaded in 1.05s, 0 queries (+0 extra) 
2026-07-28 06:33:45,637 2668 INFO odoo18 odoo.modules.loading: Modules loaded. 
2026-07-28 06:33:45,655 2668 INFO odoo18 odoo.modules.registry: Registry changed, signaling through the database 
2026-07-28 06:33:45,656 2668 INFO odoo18 odoo.modules.registry: Registry loaded in 4.911s 
2026-07-28 06:34:06,432 2396 INFO ? odoo.modules.registry: Reloading the model registry after database signaling. 
2026-07-28 06:34:06,453 2396 INFO ? odoo.modules.loading: loading 1 modules... 
2026-07-28 06:34:06,463 2396 INFO ? odoo.modules.loading: 1 modules loaded in 0.01s, 0 queries (+0 extra) 
2026-07-28 06:34:06,469 2396 INFO ? odoo.modules.loading: loading 35 modules... 
2026-07-28 06:34:06,504 2396 INFO ? odoo.modules.loading: 35 modules loaded in 0.03s, 0 queries (+0 extra) 
2026-07-28 06:34:06,605 2396 INFO ? odoo.modules.loading: Modules loaded. 
2026-07-28 06:34:06,613 2396 INFO ? odoo.modules.registry: Registry loaded in 0.181s 
2026-07-28 06:34:06,614 2396 INFO odoo18 odoo.addons.base.models.ir_http: Generating routing map for key None 
2026-07-28 06:34:06,672 2396 ERROR odoo18 odoo.addons.base.models.ir_model: Missing model twilio.call.log 
2026-07-28 06:34:06,672 2396 ERROR odoo18 odoo.addons.base.models.ir_model: Missing model mcp.enabled.model 
2026-07-28 06:34:06,673 2396 ERROR odoo18 odoo.addons.base.models.ir_model: Missing model twilio.auto.dialer 
2026-07-28 06:34:06,673 2396 ERROR odoo18 odoo.addons.base.models.ir_model: Missing model mcp.log 
2026-07-28 06:34:06,673 2396 ERROR odoo18 odoo.addons.base.models.ir_model: Missing model mcp.oauth.client 
2026-07-28 06:34:06,674 2396 ERROR odoo18 odoo.addons.base.models.ir_model: Missing model mcp.oauth.token 
2026-07-28 06:34:06,674 2396 ERROR odoo18 odoo.addons.base.models.ir_model: Missing model mcp.custom.tool 
2026-07-28 06:34:06,697 2396 INFO odoo18 odoo.addons.base.models.ir_attachment: _read_file reading d:\odoo\data\filestore\odoo18\b6/b6b80ab26f20f0e18980e06707a78cf44c0a7e7e 
Traceback (most recent call last):
  File "D:\Odoo\odoo\odoo\tools\cache.py", line 103, in lookup
    r = d[key]
        ~^^^^^
  File "D:\Odoo\venv\Lib\site-packages\decorator.py", line 232, in fun
    return caller(func, *(extras + args), **kw)
           ^^^^^^^^^^^^^^^^^^^^^^^^^^^^^^^^^^^^
  File "D:\Odoo\odoo\odoo\tools\func.py", line 97, in locked
    return func(inst, *args, **kwargs)
           ^^^^^^^^^^^^^^^^^^^^^^^^^^^
  File "D:\Odoo\odoo\odoo\tools\lru.py", line 33, in __getitem__
    a = self.d[obj]
        ~~~~~~^^^^^
KeyError: ('ir.ui.menu', <function IrUiMenu.load_menus at 0x000001A1B8132C00>, 2, '', ('en_US',))

During handling of the above exception, another exception occurred:

Traceback (most recent call last):
  File "D:\Odoo\odoo\odoo\addons\base\models\ir_attachment.py", line 127, in _file_read
    with open(full_path, 'rb') as f:
         ^^^^^^^^^^^^^^^^^^^^^
FileNotFoundError: [Errno 2] No such file or directory: 'd:\\odoo\\data\\filestore\\odoo18\\b6/b6b80ab26f20f0e18980e06707a78cf44c0a7e7e'
2026-07-28 06:34:08,571 2396 INFO odoo18 werkzeug: 127.0.0.1 - - [28/Jul/2026 06:34:08] "GET /odoo/settings HTTP/1.1" 200 - 123 0.073 2.069
2026-07-28 06:34:08,984 2396 INFO odoo18 werkzeug: 127.0.0.1 - - [28/Jul/2026 06:34:08] "GET /web/webclient/translations/4385049a5976cc5f836221b40576602d93b36aa0?lang=en_US HTTP/1.1" 200 - 1 0.001 0.066
2026-07-28 06:34:08,990 2396 INFO odoo18 werkzeug: 127.0.0.1 - - [28/Jul/2026 06:34:08] "GET /web/assets/9f20094/web.assets_web.min.js HTTP/1.1" 200 - 3 0.004 0.071
2026-07-28 06:34:08,992 2396 INFO odoo18 werkzeug: 127.0.0.1 - - [28/Jul/2026 06:34:08] "GET /web/assets/e126dd8/web.assets_web.min.css HTTP/1.1" 200 - 3 0.008 0.070
2026-07-28 06:34:09,038 2396 INFO odoo18 werkzeug: 127.0.0.1 - - [28/Jul/2026 06:34:09] "GET /web/manifest.webmanifest HTTP/1.1" 200 - 9 0.053 0.067
2026-07-28 06:34:09,055 2396 INFO odoo18 werkzeug: 127.0.0.1 - - [28/Jul/2026 06:34:09] "GET /web/webclient/load_menus/9a3f09a04d58db7247ccaa05bdb8f3a30b0fe073616731309dc54a716ab3783a HTTP/1.1" 200 - 40 0.043 0.096
2026-07-28 06:34:09,187 2396 INFO odoo18 werkzeug: 127.0.0.1 - - [28/Jul/2026 06:34:09] "GET /web/assets/d437b6b/web.assets_web_print.min.css HTTP/1.1" 200 - 3 0.001 0.007
2026-07-28 06:34:09,357 2396 INFO odoo18 werkzeug: 127.0.0.1 - - [28/Jul/2026 06:34:09] "GET /web/webclient/translations/4385049a5976cc5f836221b40576602d93b36aa0?lang=en_US HTTP/1.1" 200 - 1 0.000 0.005
2026-07-28 06:34:09,674 2396 ERROR ? odoo.http: Exception during request handling. 
Traceback (most recent call last):
  File "D:\Odoo\odoo\odoo\http.py", line 2572, in __call__
    if self.get_static_file(httprequest.path):
       ^^^^^^^^^^^^^^^^^^^^^^^^^^^^^^^^^^^^^^
  File "D:\Odoo\odoo\odoo\http.py", line 2471, in get_static_file
    if (static != 'static' or not resource or module not in self.statics):
                                                            ^^^^^^^^^^^^
  File "D:\Odoo\odoo\odoo\tools\func.py", line 42, in __get__
    value = self.fget(obj)
            ^^^^^^^^^^^^^^
  File "D:\Odoo\odoo\odoo\http.py", line 2440, in statics
    for module in os.listdir(addons_path):
                  ^^^^^^^^^^^^^^^^^^^^^^^
FileNotFoundError: [WinError 3] The system cannot find the path specified: 'd:\\odoo\\addons'
2026-07-28 06:34:09,676 2396 INFO ? werkzeug: 127.0.0.1 - - [28/Jul/2026 06:34:09] "GET /web/static/lib/odoo_ui_icons/fonts/odoo_ui_icons.woff2 HTTP/1.1" 500 - 0 0.000 0.150
2026-07-28 06:34:09,677 2396 ERROR ? odoo.http: Exception during request handling. 
Traceback (most recent call last):
  File "D:\Odoo\odoo\odoo\http.py", line 2572, in __call__
    if self.get_static_file(httprequest.path):
       ^^^^^^^^^^^^^^^^^^^^^^^^^^^^^^^^^^^^^^
  File "D:\Odoo\odoo\odoo\http.py", line 2471, in get_static_file
    if (static != 'static' or not resource or module not in self.statics):
                                                            ^^^^^^^^^^^^
  File "D:\Odoo\odoo\odoo\tools\func.py", line 42, in __get__
    value = self.fget(obj)
            ^^^^^^^^^^^^^^
  File "D:\Odoo\odoo\odoo\http.py", line 2440, in statics
    for module in os.listdir(addons_path):
                  ^^^^^^^^^^^^^^^^^^^^^^^
FileNotFoundError: [WinError 3] The system cannot find the path specified: 'd:\\odoo\\addons'
2026-07-28 06:34:09,679 2396 INFO ? werkzeug: 127.0.0.1 - - [28/Jul/2026 06:34:09] "GET /web/static/src/libs/fontawesome/fonts/fontawesome-webfont.woff2?v=4.7.0 HTTP/1.1" 500 - 0 0.000 0.152
2026-07-28 06:34:09,787 2396 INFO odoo18 werkzeug: 127.0.0.1 - - [28/Jul/2026 06:34:09] "POST /web/action/load HTTP/1.1" 200 - 10 0.008 0.014
2026-07-28 06:34:09,845 2396 ERROR ? odoo.http: Exception during request handling. 
Traceback (most recent call last):
  File "D:\Odoo\odoo\odoo\http.py", line 2572, in __call__
    if self.get_static_file(httprequest.path):
       ^^^^^^^^^^^^^^^^^^^^^^^^^^^^^^^^^^^^^^
  File "D:\Odoo\odoo\odoo\http.py", line 2471, in get_static_file
    if (static != 'static' or not resource or module not in self.statics):
                                                            ^^^^^^^^^^^^
  File "D:\Odoo\odoo\odoo\tools\func.py", line 42, in __get__
    value = self.fget(obj)
            ^^^^^^^^^^^^^^
  File "D:\Odoo\odoo\odoo\http.py", line 2440, in statics
    for module in os.listdir(addons_path):
                  ^^^^^^^^^^^^^^^^^^^^^^^
FileNotFoundError: [WinError 3] The system cannot find the path specified: 'd:\\odoo\\addons'
2026-07-28 06:34:09,847 2396 INFO ? werkzeug: 127.0.0.1 - - [28/Jul/2026 06:34:09] "GET /web/static/img/favicon.ico HTTP/1.1" 500 - 0 0.000 0.177
2026-07-28 06:34:09,951 2396 ERROR ? odoo.http: Exception during request handling. 
Traceback (most recent call last):
  File "D:\Odoo\odoo\odoo\http.py", line 2572, in __call__
    if self.get_static_file(httprequest.path):
       ^^^^^^^^^^^^^^^^^^^^^^^^^^^^^^^^^^^^^^
  File "D:\Odoo\odoo\odoo\http.py", line 2471, in get_static_file
    if (static != 'static' or not resource or module not in self.statics):
                                                            ^^^^^^^^^^^^
  File "D:\Odoo\odoo\odoo\tools\func.py", line 42, in __get__
    value = self.fget(obj)
            ^^^^^^^^^^^^^^
  File "D:\Odoo\odoo\odoo\http.py", line 2440, in statics
    for module in os.listdir(addons_path):
                  ^^^^^^^^^^^^^^^^^^^^^^^
FileNotFoundError: [WinError 3] The system cannot find the path specified: 'd:\\odoo\\addons'
2026-07-28 06:34:09,952 2396 INFO ? werkzeug: 127.0.0.1 - - [28/Jul/2026 06:34:09] "GET /web/static/lib/odoo_ui_icons/fonts/odoo_ui_icons.woff HTTP/1.1" 500 - 0 0.000 0.190
2026-07-28 06:34:09,958 2396 ERROR ? odoo.http: Exception during request handling. 
Traceback (most recent call last):
  File "D:\Odoo\odoo\odoo\http.py", line 2572, in __call__
    if self.get_static_file(httprequest.path):
       ^^^^^^^^^^^^^^^^^^^^^^^^^^^^^^^^^^^^^^
  File "D:\Odoo\odoo\odoo\http.py", line 2471, in get_static_file
    if (static != 'static' or not resource or module not in self.statics):
                                                            ^^^^^^^^^^^^
  File "D:\Odoo\odoo\odoo\tools\func.py", line 42, in __get__
    value = self.fget(obj)
            ^^^^^^^^^^^^^^
  File "D:\Odoo\odoo\odoo\http.py", line 2440, in statics
    for module in os.listdir(addons_path):
                  ^^^^^^^^^^^^^^^^^^^^^^^
FileNotFoundError: [WinError 3] The system cannot find the path specified: 'd:\\odoo\\addons'
2026-07-28 06:34:09,959 2396 INFO ? werkzeug: 127.0.0.1 - - [28/Jul/2026 06:34:09] "GET /web/static/src/libs/fontawesome/fonts/fontawesome-webfont.woff?v=4.7.0 HTTP/1.1" 500 - 0 0.000 0.196
2026-07-28 06:34:10,027 2396 INFO odoo18 werkzeug: 127.0.0.1 - - [28/Jul/2026 06:34:10] "POST /mail/data HTTP/1.1" 200 - 34 0.020 0.026
2026-07-28 06:34:10,158 2396 INFO odoo18 werkzeug: 127.0.0.1 - - [28/Jul/2026 06:34:10] "GET /web/image?model=res.users&field=avatar_128&id=2 HTTP/1.1" 304 - 15 0.011 0.014
2026-07-28 06:34:10,166 2396 ERROR odoo18 odoo.http: Exception during request handling. 
Traceback (most recent call last):
  File "D:\Odoo\odoo\odoo\http.py", line 2577, in __call__
    response = request._serve_db()
               ^^^^^^^^^^^^^^^^^^^
  File "D:\Odoo\odoo\odoo\http.py", line 2104, in _serve_db
    return self._transactioning(
           ^^^^^^^^^^^^^^^^^^^^^
  File "D:\Odoo\odoo\odoo\http.py", line 2167, in _transactioning
    return service_model.retrying(func, env=self.env)
           ^^^^^^^^^^^^^^^^^^^^^^^^^^^^^^^^^^^^^^^^^^
  File "D:\Odoo\odoo\odoo\service\model.py", line 157, in retrying
    result = func()
             ^^^^^^
  File "D:\Odoo\odoo\odoo\http.py", line 2134, in _serve_ir_http
    response = self.dispatcher.dispatch(rule.endpoint, args)
               ^^^^^^^^^^^^^^^^^^^^^^^^^^^^^^^^^^^^^^^^^^^^^
  File "D:\Odoo\odoo\odoo\http.py", line 2295, in dispatch
    return self.request.registry['ir.http']._dispatch(endpoint)
           ^^^^^^^^^^^^^^^^^^^^^^^^^^^^^^^^^^^^^^^^^^^^^^^^^^^^
  File "D:\Odoo\odoo\odoo\addons\base\models\ir_http.py", line 333, in _dispatch
    result = endpoint(**request.params)
             ^^^^^^^^^^^^^^^^^^^^^^^^^^
  File "D:\Odoo\odoo\odoo\http.py", line 754, in route_wrapper
    result = endpoint(self, *args, **params_ok)
             ^^^^^^^^^^^^^^^^^^^^^^^^^^^^^^^^^^
  File "d:\odoo\odoo\addons\bus\controllers\websocket.py", line 64, in get_websocket_worker_bundle
    stream = request.env['ir.binary']._get_stream_from(bundle.js())
             ^^^^^^^^^^^^^^^^^^^^^^^^^^^^^^^^^^^^^^^^^^^^^^^^^^^^^^
  File "D:\Odoo\odoo\odoo\addons\base\models\ir_binary.py", line 127, in _get_stream_from
    stream = self._record_to_stream(record, field_name)
             ^^^^^^^^^^^^^^^^^^^^^^^^^^^^^^^^^^^^^^^^^^
  File "D:\Odoo\odoo\odoo\addons\base\models\ir_binary.py", line 74, in _record_to_stream
    return record._to_http_stream()
           ^^^^^^^^^^^^^^^^^^^^^^^^
  File "D:\Odoo\odoo\odoo\addons\base\models\ir_attachment.py", line 822, in _to_http_stream
    stat = os.stat(stream.path)
           ^^^^^^^^^^^^^^^^^^^^
FileNotFoundError: [WinError 3] The system cannot find the path specified: 'd:\\odoo\\data\\filestore\\odoo18/98/985c54ad8e118256b787b9c73701c7a135b7735c'
2026-07-28 06:34:10,169 2396 INFO odoo18 werkzeug: 127.0.0.1 - - [28/Jul/2026 06:34:10] "GET /bus/websocket_worker_bundle?v=18.0-7 HTTP/1.1" 500 - 4 0.002 0.013
2026-07-28 06:34:10,197 2396 INFO odoo18 werkzeug: 127.0.0.1 - - [28/Jul/2026 06:34:10] "POST /web/dataset/call_kw/res.config.settings/get_views HTTP/1.1" 200 - 25 0.062 0.137
2026-07-28 06:34:10,528 2396 ERROR odoo18 odoo.http: Exception during request handling. 
Traceback (most recent call last):
  File "D:\Odoo\odoo\odoo\http.py", line 2577, in __call__
    response = request._serve_db()
               ^^^^^^^^^^^^^^^^^^^
  File "D:\Odoo\odoo\odoo\http.py", line 2104, in _serve_db
    return self._transactioning(
           ^^^^^^^^^^^^^^^^^^^^^
  File "D:\Odoo\odoo\odoo\http.py", line 2167, in _transactioning
    return service_model.retrying(func, env=self.env)
           ^^^^^^^^^^^^^^^^^^^^^^^^^^^^^^^^^^^^^^^^^^
  File "D:\Odoo\odoo\odoo\service\model.py", line 157, in retrying
    result = func()
             ^^^^^^
  File "D:\Odoo\odoo\odoo\http.py", line 2134, in _serve_ir_http
    response = self.dispatcher.dispatch(rule.endpoint, args)
               ^^^^^^^^^^^^^^^^^^^^^^^^^^^^^^^^^^^^^^^^^^^^^
  File "D:\Odoo\odoo\odoo\http.py", line 2295, in dispatch
    return self.request.registry['ir.http']._dispatch(endpoint)
           ^^^^^^^^^^^^^^^^^^^^^^^^^^^^^^^^^^^^^^^^^^^^^^^^^^^^
  File "D:\Odoo\odoo\odoo\addons\base\models\ir_http.py", line 333, in _dispatch
    result = endpoint(**request.params)
             ^^^^^^^^^^^^^^^^^^^^^^^^^^
  File "D:\Odoo\odoo\odoo\http.py", line 754, in route_wrapper
    result = endpoint(self, *args, **params_ok)
             ^^^^^^^^^^^^^^^^^^^^^^^^^^^^^^^^^^
  File "d:\odoo\odoo\addons\bus\controllers\websocket.py", line 64, in get_websocket_worker_bundle
    stream = request.env['ir.binary']._get_stream_from(bundle.js())
             ^^^^^^^^^^^^^^^^^^^^^^^^^^^^^^^^^^^^^^^^^^^^^^^^^^^^^^
  File "D:\Odoo\odoo\odoo\addons\base\models\ir_binary.py", line 127, in _get_stream_from
    stream = self._record_to_stream(record, field_name)
             ^^^^^^^^^^^^^^^^^^^^^^^^^^^^^^^^^^^^^^^^^^
  File "D:\Odoo\odoo\odoo\addons\base\models\ir_binary.py", line 74, in _record_to_stream
    return record._to_http_stream()
           ^^^^^^^^^^^^^^^^^^^^^^^^
  File "D:\Odoo\odoo\odoo\addons\base\models\ir_attachment.py", line 822, in _to_http_stream
    stat = os.stat(stream.path)
           ^^^^^^^^^^^^^^^^^^^^
FileNotFoundError: [WinError 3] The system cannot find the path specified: 'd:\\odoo\\data\\filestore\\odoo18/98/985c54ad8e118256b787b9c73701c7a135b7735c'
2026-07-28 06:34:10,533 2396 INFO odoo18 werkzeug: 127.0.0.1 - - [28/Jul/2026 06:34:10] "GET /bus/websocket_worker_bundle?v=18.0-7 HTTP/1.1" 500 - 3 0.004 0.014
2026-07-28 06:34:10,541 2396 INFO odoo18 werkzeug: 127.0.0.1 - - [28/Jul/2026 06:34:10] "POST /web/dataset/call_kw/res.config.settings/onchange HTTP/1.1" 200 - 70 0.033 0.025
2026-07-28 06:34:10,930 2396 INFO odoo18 werkzeug: 127.0.0.1 - - [28/Jul/2026 06:34:10] "POST /base_setup/demo_active HTTP/1.1" 200 - 2 0.001 0.006
2026-07-28 06:34:10,948 2396 INFO odoo18 werkzeug: 127.0.0.1 - - [28/Jul/2026 06:34:10] "POST /base_setup/data HTTP/1.1" 200 - 6 0.018 0.005
2026-07-28 06:34:14,698 2396 INFO odoo18 werkzeug: 127.0.0.1 - - [28/Jul/2026 06:34:14] "POST /web/action/load HTTP/1.1" 200 - 9 0.003 0.011
2026-07-28 06:34:15,054 2396 INFO odoo18 werkzeug: 127.0.0.1 - - [28/Jul/2026 06:34:15] "POST /web/dataset/call_kw/res.config.settings/onchange HTTP/1.1" 200 - 17 0.013 0.016
2026-07-28 06:34:57,075 2396 INFO odoo18 werkzeug: 127.0.0.1 - - [28/Jul/2026 06:34:57] "GET /web/manifest.webmanifest HTTP/1.1" 200 - 7 0.006 0.008
2026-07-28 06:34:58,073 2396 INFO odoo18 werkzeug: 127.0.0.1 - - [28/Jul/2026 06:34:58] "GET /.well-known/appspecific/com.chrome.devtools.json HTTP/1.1" 404 - 67 0.033 0.610
2026-07-28 06:35:34,894 2396 ERROR ? odoo.http: Exception during request handling. 
Traceback (most recent call last):
  File "D:\Odoo\odoo\odoo\http.py", line 2572, in __call__
    if self.get_static_file(httprequest.path):
       ^^^^^^^^^^^^^^^^^^^^^^^^^^^^^^^^^^^^^^
  File "D:\Odoo\odoo\odoo\http.py", line 2471, in get_static_file
    if (static != 'static' or not resource or module not in self.statics):
                                                            ^^^^^^^^^^^^
  File "D:\Odoo\odoo\odoo\tools\func.py", line 42, in __get__
    value = self.fget(obj)
            ^^^^^^^^^^^^^^
  File "D:\Odoo\odoo\odoo\http.py", line 2440, in statics
    for module in os.listdir(addons_path):
                  ^^^^^^^^^^^^^^^^^^^^^^^
FileNotFoundError: [WinError 3] The system cannot find the path specified: 'd:\\odoo\\addons'
2026-07-28 06:35:34,895 2396 INFO ? werkzeug: 127.0.0.1 - - [28/Jul/2026 06:35:34] "GET /web/static/img/empty_folder.svg HTTP/1.1" 500 - 0 0.000 0.126
2026-07-28 06:35:39,569 2396 ERROR odoo18 odoo.addons.base.models.ir_model: Missing model twilio.call.log 
2026-07-28 06:35:39,570 2396 ERROR odoo18 odoo.addons.base.models.ir_model: Missing model mcp.enabled.model 
2026-07-28 06:35:39,571 2396 ERROR odoo18 odoo.addons.base.models.ir_model: Missing model twilio.auto.dialer 
2026-07-28 06:35:39,571 2396 ERROR odoo18 odoo.addons.base.models.ir_model: Missing model mcp.log 
2026-07-28 06:35:39,571 2396 ERROR odoo18 odoo.addons.base.models.ir_model: Missing model mcp.oauth.client 
2026-07-28 06:35:39,572 2396 ERROR odoo18 odoo.addons.base.models.ir_model: Missing model mcp.oauth.token 
2026-07-28 06:35:39,572 2396 ERROR odoo18 odoo.addons.base.models.ir_model: Missing model mcp.custom.tool 
2026-07-28 06:35:39,600 2396 INFO odoo18 odoo.addons.base.models.ir_attachment: _read_file reading d:\odoo\data\filestore\odoo18\b6/b6b80ab26f20f0e18980e06707a78cf44c0a7e7e 
Traceback (most recent call last):
  File "D:\Odoo\odoo\odoo\tools\cache.py", line 103, in lookup
    r = d[key]
        ~^^^^^
  File "D:\Odoo\venv\Lib\site-packages\decorator.py", line 232, in fun
    return caller(func, *(extras + args), **kw)
           ^^^^^^^^^^^^^^^^^^^^^^^^^^^^^^^^^^^^
  File "D:\Odoo\odoo\odoo\tools\func.py", line 97, in locked
    return func(inst, *args, **kwargs)
           ^^^^^^^^^^^^^^^^^^^^^^^^^^^
  File "D:\Odoo\odoo\odoo\tools\lru.py", line 33, in __getitem__
    a = self.d[obj]
        ~~~~~~^^^^^
KeyError: ('ir.ui.menu', <function IrUiMenu.load_menus at 0x000001A1B8132C00>, 2, '1', ('en_US',))

During handling of the above exception, another exception occurred:

Traceback (most recent call last):
  File "D:\Odoo\odoo\odoo\addons\base\models\ir_attachment.py", line 127, in _file_read
    with open(full_path, 'rb') as f:
         ^^^^^^^^^^^^^^^^^^^^^
FileNotFoundError: [Errno 2] No such file or directory: 'd:\\odoo\\data\\filestore\\odoo18\\b6/b6b80ab26f20f0e18980e06707a78cf44c0a7e7e'
2026-07-28 06:35:39,631 2396 INFO odoo18 werkzeug: 127.0.0.1 - - [28/Jul/2026 06:35:39] "GET /odoo/settings?debug=1 HTTP/1.1" 200 - 34 0.025 0.065
2026-07-28 06:35:39,741 2396 ERROR ? odoo.http: Exception during request handling. 
Traceback (most recent call last):
  File "D:\Odoo\odoo\odoo\http.py", line 2572, in __call__
    if self.get_static_file(httprequest.path):
       ^^^^^^^^^^^^^^^^^^^^^^^^^^^^^^^^^^^^^^
  File "D:\Odoo\odoo\odoo\http.py", line 2471, in get_static_file
    if (static != 'static' or not resource or module not in self.statics):
                                                            ^^^^^^^^^^^^
  File "D:\Odoo\odoo\odoo\tools\func.py", line 42, in __get__
    value = self.fget(obj)
            ^^^^^^^^^^^^^^
  File "D:\Odoo\odoo\odoo\http.py", line 2440, in statics
    for module in os.listdir(addons_path):
                  ^^^^^^^^^^^^^^^^^^^^^^^
FileNotFoundError: [WinError 3] The system cannot find the path specified: 'd:\\odoo\\addons'
2026-07-28 06:35:39,742 2396 INFO ? werkzeug: 127.0.0.1 - - [28/Jul/2026 06:35:39] "GET /web/static/img/favicon.ico HTTP/1.1" 500 - 0 0.000 0.201
2026-07-28 06:35:39,950 2396 INFO odoo18 werkzeug: 127.0.0.1 - - [28/Jul/2026 06:35:39] "GET /web/webclient/load_menus/acd79f668ad0bf5c55088de2db41904ce9d668c75c036267eeb8a700629419ff HTTP/1.1" 200 - 120 0.047 0.095
2026-07-28 06:35:39,991 2396 INFO odoo18 werkzeug: 127.0.0.1 - - [28/Jul/2026 06:35:39] "GET /web/manifest.webmanifest HTTP/1.1" 200 - 7 0.006 0.004
2026-07-28 06:35:40,251 2396 ERROR ? odoo.http: Exception during request handling. 
Traceback (most recent call last):
  File "D:\Odoo\odoo\odoo\http.py", line 2572, in __call__
    if self.get_static_file(httprequest.path):
       ^^^^^^^^^^^^^^^^^^^^^^^^^^^^^^^^^^^^^^
  File "D:\Odoo\odoo\odoo\http.py", line 2471, in get_static_file
    if (static != 'static' or not resource or module not in self.statics):
                                                            ^^^^^^^^^^^^
  File "D:\Odoo\odoo\odoo\tools\func.py", line 42, in __get__
    value = self.fget(obj)
            ^^^^^^^^^^^^^^
  File "D:\Odoo\odoo\odoo\http.py", line 2440, in statics
    for module in os.listdir(addons_path):
                  ^^^^^^^^^^^^^^^^^^^^^^^
FileNotFoundError: [WinError 3] The system cannot find the path specified: 'd:\\odoo\\addons'
2026-07-28 06:35:40,252 2396 INFO ? werkzeug: 127.0.0.1 - - [28/Jul/2026 06:35:40] "GET /web/static/img/favicon.ico HTTP/1.1" 500 - 0 0.000 0.131
2026-07-28 06:35:40,557 2396 ERROR ? odoo.http: Exception during request handling. 
Traceback (most recent call last):
  File "D:\Odoo\odoo\odoo\http.py", line 2572, in __call__
    if self.get_static_file(httprequest.path):
       ^^^^^^^^^^^^^^^^^^^^^^^^^^^^^^^^^^^^^^
  File "D:\Odoo\odoo\odoo\http.py", line 2471, in get_static_file
    if (static != 'static' or not resource or module not in self.statics):
                                                            ^^^^^^^^^^^^
  File "D:\Odoo\odoo\odoo\tools\func.py", line 42, in __get__
    value = self.fget(obj)
            ^^^^^^^^^^^^^^
  File "D:\Odoo\odoo\odoo\http.py", line 2440, in statics
    for module in os.listdir(addons_path):
                  ^^^^^^^^^^^^^^^^^^^^^^^
FileNotFoundError: [WinError 3] The system cannot find the path specified: 'd:\\odoo\\addons'
2026-07-28 06:35:40,559 2396 INFO ? werkzeug: 127.0.0.1 - - [28/Jul/2026 06:35:40] "GET /web/static/lib/odoo_ui_icons/fonts/odoo_ui_icons.woff2 HTTP/1.1" 500 - 0 0.000 0.127
2026-07-28 06:35:40,605 2396 INFO odoo18 werkzeug: 127.0.0.1 - - [28/Jul/2026 06:35:40] "POST /web/action/load HTTP/1.1" 200 - 10 0.014 0.014
2026-07-28 06:35:40,628 2396 INFO odoo18 werkzeug: 127.0.0.1 - - [28/Jul/2026 06:35:40] "GET /web/image?model=res.users&field=avatar_128&id=2 HTTP/1.1" 304 - 8 0.011 0.024
2026-07-28 06:35:40,630 2396 INFO odoo18 werkzeug: 127.0.0.1 - - [28/Jul/2026 06:35:40] "POST /mail/data HTTP/1.1" 200 - 19 0.031 0.020
2026-07-28 06:35:40,776 2396 ERROR ? odoo.http: Exception during request handling. 
Traceback (most recent call last):
  File "D:\Odoo\odoo\odoo\http.py", line 2572, in __call__
    if self.get_static_file(httprequest.path):
       ^^^^^^^^^^^^^^^^^^^^^^^^^^^^^^^^^^^^^^
  File "D:\Odoo\odoo\odoo\http.py", line 2471, in get_static_file
    if (static != 'static' or not resource or module not in self.statics):
                                                            ^^^^^^^^^^^^
  File "D:\Odoo\odoo\odoo\tools\func.py", line 42, in __get__
    value = self.fget(obj)
            ^^^^^^^^^^^^^^
  File "D:\Odoo\odoo\odoo\http.py", line 2440, in statics
    for module in os.listdir(addons_path):
                  ^^^^^^^^^^^^^^^^^^^^^^^
FileNotFoundError: [WinError 3] The system cannot find the path specified: 'd:\\odoo\\addons'
2026-07-28 06:35:40,777 2396 ERROR ? odoo.http: Exception during request handling. 
Traceback (most recent call last):
  File "D:\Odoo\odoo\odoo\http.py", line 2572, in __call__
    if self.get_static_file(httprequest.path):
       ^^^^^^^^^^^^^^^^^^^^^^^^^^^^^^^^^^^^^^
  File "D:\Odoo\odoo\odoo\http.py", line 2471, in get_static_file
    if (static != 'static' or not resource or module not in self.statics):
                                                            ^^^^^^^^^^^^
  File "D:\Odoo\odoo\odoo\tools\func.py", line 42, in __get__
    value = self.fget(obj)
            ^^^^^^^^^^^^^^
  File "D:\Odoo\odoo\odoo\http.py", line 2440, in statics
    for module in os.listdir(addons_path):
                  ^^^^^^^^^^^^^^^^^^^^^^^
FileNotFoundError: [WinError 3] The system cannot find the path specified: 'd:\\odoo\\addons'
2026-07-28 06:35:40,778 2396 INFO ? werkzeug: 127.0.0.1 - - [28/Jul/2026 06:35:40] "GET /web/static/src/libs/fontawesome/fonts/fontawesome-webfont.woff2?v=4.7.0 HTTP/1.1" 500 - 0 0.000 0.203
2026-07-28 06:35:40,779 2396 INFO ? werkzeug: 127.0.0.1 - - [28/Jul/2026 06:35:40] "GET /web/static/lib/odoo_ui_icons/fonts/odoo_ui_icons.woff HTTP/1.1" 500 - 0 0.000 0.203
2026-07-28 06:35:40,946 2396 INFO odoo18 werkzeug: 127.0.0.1 - - [28/Jul/2026 06:35:40] "POST /web/dataset/call_kw/res.config.settings/get_views HTTP/1.1" 200 - 1 0.001 0.014
2026-07-28 06:35:41,007 2396 ERROR ? odoo.http: Exception during request handling. 
Traceback (most recent call last):
  File "D:\Odoo\odoo\odoo\http.py", line 2572, in __call__
    if self.get_static_file(httprequest.path):
       ^^^^^^^^^^^^^^^^^^^^^^^^^^^^^^^^^^^^^^
  File "D:\Odoo\odoo\odoo\http.py", line 2471, in get_static_file
    if (static != 'static' or not resource or module not in self.statics):
                                                            ^^^^^^^^^^^^
  File "D:\Odoo\odoo\odoo\tools\func.py", line 42, in __get__
    value = self.fget(obj)
            ^^^^^^^^^^^^^^
  File "D:\Odoo\odoo\odoo\http.py", line 2440, in statics
    for module in os.listdir(addons_path):
                  ^^^^^^^^^^^^^^^^^^^^^^^
FileNotFoundError: [WinError 3] The system cannot find the path specified: 'd:\\odoo\\addons'
2026-07-28 06:35:41,008 2396 INFO ? werkzeug: 127.0.0.1 - - [28/Jul/2026 06:35:41] "GET /web/static/src/libs/fontawesome/fonts/fontawesome-webfont.woff?v=4.7.0 HTTP/1.1" 500 - 0 0.000 0.138
2026-07-28 06:35:41,120 2396 INFO odoo18 werkzeug: 127.0.0.1 - - [28/Jul/2026 06:35:41] "POST /web/dataset/call_kw/res.config.settings/onchange HTTP/1.1" 200 - 19 0.009 0.022
2026-07-28 06:35:41,285 2396 INFO odoo18 werkzeug: 127.0.0.1 - - [28/Jul/2026 06:35:41] "POST /base_setup/demo_active HTTP/1.1" 200 - 2 0.002 0.005
2026-07-28 06:35:41,533 2396 INFO odoo18 werkzeug: 127.0.0.1 - - [28/Jul/2026 06:35:41] "POST /base_setup/data HTTP/1.1" 200 - 5 0.003 0.004
2026-07-28 06:35:41,549 2396 ERROR odoo18 odoo.http: Exception during request handling. 
Traceback (most recent call last):
  File "D:\Odoo\odoo\odoo\http.py", line 2577, in __call__
    response = request._serve_db()
               ^^^^^^^^^^^^^^^^^^^
  File "D:\Odoo\odoo\odoo\http.py", line 2104, in _serve_db
    return self._transactioning(
           ^^^^^^^^^^^^^^^^^^^^^
  File "D:\Odoo\odoo\odoo\http.py", line 2167, in _transactioning
    return service_model.retrying(func, env=self.env)
           ^^^^^^^^^^^^^^^^^^^^^^^^^^^^^^^^^^^^^^^^^^
  File "D:\Odoo\odoo\odoo\service\model.py", line 157, in retrying
    result = func()
             ^^^^^^
  File "D:\Odoo\odoo\odoo\http.py", line 2134, in _serve_ir_http
    response = self.dispatcher.dispatch(rule.endpoint, args)
               ^^^^^^^^^^^^^^^^^^^^^^^^^^^^^^^^^^^^^^^^^^^^^
  File "D:\Odoo\odoo\odoo\http.py", line 2295, in dispatch
    return self.request.registry['ir.http']._dispatch(endpoint)
           ^^^^^^^^^^^^^^^^^^^^^^^^^^^^^^^^^^^^^^^^^^^^^^^^^^^^
  File "D:\Odoo\odoo\odoo\addons\base\models\ir_http.py", line 333, in _dispatch
    result = endpoint(**request.params)
             ^^^^^^^^^^^^^^^^^^^^^^^^^^
  File "D:\Odoo\odoo\odoo\http.py", line 754, in route_wrapper
    result = endpoint(self, *args, **params_ok)
             ^^^^^^^^^^^^^^^^^^^^^^^^^^^^^^^^^^
  File "d:\odoo\odoo\addons\bus\controllers\websocket.py", line 64, in get_websocket_worker_bundle
    stream = request.env['ir.binary']._get_stream_from(bundle.js())
             ^^^^^^^^^^^^^^^^^^^^^^^^^^^^^^^^^^^^^^^^^^^^^^^^^^^^^^
  File "D:\Odoo\odoo\odoo\addons\base\models\ir_binary.py", line 127, in _get_stream_from
    stream = self._record_to_stream(record, field_name)
             ^^^^^^^^^^^^^^^^^^^^^^^^^^^^^^^^^^^^^^^^^^
  File "D:\Odoo\odoo\odoo\addons\base\models\ir_binary.py", line 74, in _record_to_stream
    return record._to_http_stream()
           ^^^^^^^^^^^^^^^^^^^^^^^^
  File "D:\Odoo\odoo\odoo\addons\base\models\ir_attachment.py", line 822, in _to_http_stream
    stat = os.stat(stream.path)
           ^^^^^^^^^^^^^^^^^^^^
FileNotFoundError: [WinError 3] The system cannot find the path specified: 'd:\\odoo\\data\\filestore\\odoo18/98/985c54ad8e118256b787b9c73701c7a135b7735c'
2026-07-28 06:35:41,551 2396 INFO odoo18 werkzeug: 127.0.0.1 - - [28/Jul/2026 06:35:41] "GET /bus/websocket_worker_bundle?v=18.0-7 HTTP/1.1" 500 - 3 0.003 0.006
2026-07-28 06:35:43,466 2396 INFO odoo18 werkzeug: 127.0.0.1 - - [28/Jul/2026 06:35:43] "GET /web/service-worker.js HTTP/1.1" 200 - 1 0.001 0.005
2026-07-28 06:35:48,127 2396 INFO odoo18 werkzeug: 127.0.0.1 - - [28/Jul/2026 06:35:48] "POST /web/action/load HTTP/1.1" 200 - 10 0.005 0.012
2026-07-28 06:35:48,544 2396 INFO odoo18 werkzeug: 127.0.0.1 - - [28/Jul/2026 06:35:48] "POST /web/dataset/call_kw/ir.module.module/get_views HTTP/1.1" 200 - 53 0.030 0.051
2026-07-28 06:35:48,715 2396 INFO odoo18 werkzeug: 127.0.0.1 - - [28/Jul/2026 06:35:48] "POST /web/dataset/call_kw/ir.module.module/search_panel_select_range HTTP/1.1" 200 - 1 0.001 0.004
2026-07-28 06:35:48,936 2396 INFO odoo18 werkzeug: 127.0.0.1 - - [28/Jul/2026 06:35:48] "POST /web/dataset/call_kw/ir.module.module/search_panel_select_range HTTP/1.1" 200 - 60 0.049 0.021
2026-07-28 06:35:48,967 2396 INFO odoo18 werkzeug: 127.0.0.1 - - [28/Jul/2026 06:35:48] "POST /web/dataset/call_kw/ir.module.module/web_search_read HTTP/1.1" 200 - 3 0.010 0.091
2026-07-28 06:35:49,313 2396 ERROR ? odoo.http: Exception during request handling. 
Traceback (most recent call last):
  File "D:\Odoo\odoo\odoo\http.py", line 2572, in __call__
    if self.get_static_file(httprequest.path):
       ^^^^^^^^^^^^^^^^^^^^^^^^^^^^^^^^^^^^^^
  File "D:\Odoo\odoo\odoo\http.py", line 2471, in get_static_file
    if (static != 'static' or not resource or module not in self.statics):
                                                            ^^^^^^^^^^^^
  File "D:\Odoo\odoo\odoo\tools\func.py", line 42, in __get__
    value = self.fget(obj)
            ^^^^^^^^^^^^^^
  File "D:\Odoo\odoo\odoo\http.py", line 2440, in statics
    for module in os.listdir(addons_path):
                  ^^^^^^^^^^^^^^^^^^^^^^^
FileNotFoundError: [WinError 3] The system cannot find the path specified: 'd:\\odoo\\addons'
2026-07-28 06:35:49,314 2396 INFO ? werkzeug: 127.0.0.1 - - [28/Jul/2026 06:35:49] "GET /sale_management/static/description/icon.png HTTP/1.1" 500 - 0 0.000 0.134
2026-07-28 06:35:49,967 2396 ERROR ? odoo.http: Exception during request handling. 
Traceback (most recent call last):
  File "D:\Odoo\odoo\odoo\http.py", line 2572, in __call__
    if self.get_static_file(httprequest.path):
       ^^^^^^^^^^^^^^^^^^^^^^^^^^^^^^^^^^^^^^
  File "D:\Odoo\odoo\odoo\http.py", line 2471, in get_static_file
    if (static != 'static' or not resource or module not in self.statics):
                                                            ^^^^^^^^^^^^
  File "D:\Odoo\odoo\odoo\tools\func.py", line 42, in __get__
    value = self.fget(obj)
            ^^^^^^^^^^^^^^
  File "D:\Odoo\odoo\odoo\http.py", line 2440, in statics
    for module in os.listdir(addons_path):
                  ^^^^^^^^^^^^^^^^^^^^^^^
FileNotFoundError: [WinError 3] The system cannot find the path specified: 'd:\\odoo\\addons'
2026-07-28 06:35:49,971 2396 INFO ? werkzeug: 127.0.0.1 - - [28/Jul/2026 06:35:49] "GET /stock/static/description/icon.png HTTP/1.1" 500 - 0 0.000 0.480
2026-07-28 06:35:49,985 2396 ERROR ? odoo.http: Exception during request handling. 
Traceback (most recent call last):
  File "D:\Odoo\odoo\odoo\http.py", line 2572, in __call__
    if self.get_static_file(httprequest.path):
       ^^^^^^^^^^^^^^^^^^^^^^^^^^^^^^^^^^^^^^
  File "D:\Odoo\odoo\odoo\http.py", line 2471, in get_static_file
    if (static != 'static' or not resource or module not in self.statics):
                                                            ^^^^^^^^^^^^
  File "D:\Odoo\odoo\odoo\tools\func.py", line 42, in __get__
    value = self.fget(obj)
            ^^^^^^^^^^^^^^
  File "D:\Odoo\odoo\odoo\http.py", line 2440, in statics
    for module in os.listdir(addons_path):
                  ^^^^^^^^^^^^^^^^^^^^^^^
FileNotFoundError: [WinError 3] The system cannot find the path specified: 'd:\\odoo\\addons'
2026-07-28 06:35:49,989 2396 INFO ? werkzeug: 127.0.0.1 - - [28/Jul/2026 06:35:49] "GET /website/static/description/icon.png HTTP/1.1" 500 - 0 0.000 0.499
2026-07-28 06:35:49,995 2396 ERROR ? odoo.http: Exception during request handling. 
Traceback (most recent call last):
  File "D:\Odoo\odoo\odoo\http.py", line 2572, in __call__
    if self.get_static_file(httprequest.path):
       ^^^^^^^^^^^^^^^^^^^^^^^^^^^^^^^^^^^^^^
  File "D:\Odoo\odoo\odoo\http.py", line 2471, in get_static_file
    if (static != 'static' or not resource or module not in self.statics):
                                                            ^^^^^^^^^^^^
  File "D:\Odoo\odoo\odoo\tools\func.py", line 42, in __get__
    value = self.fget(obj)
            ^^^^^^^^^^^^^^
  File "D:\Odoo\odoo\odoo\http.py", line 2440, in statics
    for module in os.listdir(addons_path):
                  ^^^^^^^^^^^^^^^^^^^^^^^
FileNotFoundError: [WinError 3] The system cannot find the path specified: 'd:\\odoo\\addons'
2026-07-28 06:35:49,996 2396 ERROR ? odoo.http: Exception during request handling. 
Traceback (most recent call last):
  File "D:\Odoo\odoo\odoo\http.py", line 2572, in __call__
    if self.get_static_file(httprequest.path):
       ^^^^^^^^^^^^^^^^^^^^^^^^^^^^^^^^^^^^^^
  File "D:\Odoo\odoo\odoo\http.py", line 2471, in get_static_file
    if (static != 'static' or not resource or module not in self.statics):
                                                            ^^^^^^^^^^^^
  File "D:\Odoo\odoo\odoo\tools\func.py", line 42, in __get__
    value = self.fget(obj)
            ^^^^^^^^^^^^^^
  File "D:\Odoo\odoo\odoo\http.py", line 2440, in statics
    for module in os.listdir(addons_path):
                  ^^^^^^^^^^^^^^^^^^^^^^^
FileNotFoundError: [WinError 3] The system cannot find the path specified: 'd:\\odoo\\addons'
2026-07-28 06:35:49,998 2396 INFO ? werkzeug: 127.0.0.1 - - [28/Jul/2026 06:35:49] "GET /website_sale/static/description/icon.png HTTP/1.1" 500 - 0 0.000 0.503
2026-07-28 06:35:50,000 2396 INFO ? werkzeug: 127.0.0.1 - - [28/Jul/2026 06:35:50] "GET /base/static/img/icons/timesheet_grid.png HTTP/1.1" 500 - 0 0.000 0.509
2026-07-28 06:35:50,011 2396 ERROR ? odoo.http: Exception during request handling. 
Traceback (most recent call last):
  File "D:\Odoo\odoo\odoo\http.py", line 2572, in __call__
    if self.get_static_file(httprequest.path):
       ^^^^^^^^^^^^^^^^^^^^^^^^^^^^^^^^^^^^^^
  File "D:\Odoo\odoo\odoo\http.py", line 2471, in get_static_file
    if (static != 'static' or not resource or module not in self.statics):
                                                            ^^^^^^^^^^^^
  File "D:\Odoo\odoo\odoo\tools\func.py", line 42, in __get__
    value = self.fget(obj)
            ^^^^^^^^^^^^^^
  File "D:\Odoo\odoo\odoo\http.py", line 2440, in statics
    for module in os.listdir(addons_path):
                  ^^^^^^^^^^^^^^^^^^^^^^^
FileNotFoundError: [WinError 3] The system cannot find the path specified: 'd:\\odoo\\addons'
2026-07-28 06:35:50,012 2396 INFO ? werkzeug: 127.0.0.1 - - [28/Jul/2026 06:35:50] "GET /base/static/img/icons/knowledge.png HTTP/1.1" 500 - 0 0.000 0.520
2026-07-28 06:35:50,058 2396 ERROR ? odoo.http: Exception during request handling. 
Traceback (most recent call last):
  File "D:\Odoo\odoo\odoo\http.py", line 2572, in __call__
    if self.get_static_file(httprequest.path):
       ^^^^^^^^^^^^^^^^^^^^^^^^^^^^^^^^^^^^^^
  File "D:\Odoo\odoo\odoo\http.py", line 2471, in get_static_file
    if (static != 'static' or not resource or module not in self.statics):
                                                            ^^^^^^^^^^^^
  File "D:\Odoo\odoo\odoo\tools\func.py", line 42, in __get__
    value = self.fget(obj)
            ^^^^^^^^^^^^^^
  File "D:\Odoo\odoo\odoo\http.py", line 2440, in statics
    for module in os.listdir(addons_path):
                  ^^^^^^^^^^^^^^^^^^^^^^^
FileNotFoundError: [WinError 3] The system cannot find the path specified: 'd:\\odoo\\addons'
2026-07-28 06:35:50,060 2396 INFO ? werkzeug: 127.0.0.1 - - [28/Jul/2026 06:35:50] "GET /point_of_sale/static/description/icon.png HTTP/1.1" 500 - 0 0.000 0.429
2026-07-28 06:35:50,744 2396 ERROR ? odoo.http: Exception during request handling. 
Traceback (most recent call last):
  File "D:\Odoo\odoo\odoo\http.py", line 2572, in __call__
    if self.get_static_file(httprequest.path):
       ^^^^^^^^^^^^^^^^^^^^^^^^^^^^^^^^^^^^^^
  File "D:\Odoo\odoo\odoo\http.py", line 2471, in get_static_file
    if (static != 'static' or not resource or module not in self.statics):
                                                            ^^^^^^^^^^^^
  File "D:\Odoo\odoo\odoo\tools\func.py", line 42, in __get__
    value = self.fget(obj)
            ^^^^^^^^^^^^^^
  File "D:\Odoo\odoo\odoo\http.py", line 2440, in statics
    for module in os.listdir(addons_path):
                  ^^^^^^^^^^^^^^^^^^^^^^^
FileNotFoundError: [WinError 3] The system cannot find the path specified: 'd:\\odoo\\addons'
2026-07-28 06:35:50,746 2396 INFO ? werkzeug: 127.0.0.1 - - [28/Jul/2026 06:35:50] "GET /base/static/img/icons/account_accountant.png HTTP/1.1" 500 - 0 0.000 0.457
2026-07-28 06:35:50,837 2396 ERROR ? odoo.http: Exception during request handling. 
Traceback (most recent call last):
  File "D:\Odoo\odoo\odoo\http.py", line 2572, in __call__
    if self.get_static_file(httprequest.path):
       ^^^^^^^^^^^^^^^^^^^^^^^^^^^^^^^^^^^^^^
  File "D:\Odoo\odoo\odoo\http.py", line 2471, in get_static_file
    if (static != 'static' or not resource or module not in self.statics):
                                                            ^^^^^^^^^^^^
  File "D:\Odoo\odoo\odoo\tools\func.py", line 42, in __get__
    value = self.fget(obj)
            ^^^^^^^^^^^^^^
  File "D:\Odoo\odoo\odoo\http.py", line 2440, in statics
    for module in os.listdir(addons_path):
                  ^^^^^^^^^^^^^^^^^^^^^^^
FileNotFoundError: [WinError 3] The system cannot find the path specified: 'd:\\odoo\\addons'
2026-07-28 06:35:50,839 2396 INFO ? werkzeug: 127.0.0.1 - - [28/Jul/2026 06:35:50] "GET /mass_mailing/static/description/icon.png HTTP/1.1" 500 - 0 0.000 0.534
2026-07-28 06:35:50,847 2396 ERROR ? odoo.http: Exception during request handling. 
Traceback (most recent call last):
  File "D:\Odoo\odoo\odoo\http.py", line 2572, in __call__
    if self.get_static_file(httprequest.path):
       ^^^^^^^^^^^^^^^^^^^^^^^^^^^^^^^^^^^^^^
  File "D:\Odoo\odoo\odoo\http.py", line 2471, in get_static_file
    if (static != 'static' or not resource or module not in self.statics):
                                                            ^^^^^^^^^^^^
  File "D:\Odoo\odoo\odoo\tools\func.py", line 42, in __get__
    value = self.fget(obj)
            ^^^^^^^^^^^^^^
  File "D:\Odoo\odoo\odoo\http.py", line 2440, in statics
    for module in os.listdir(addons_path):
                  ^^^^^^^^^^^^^^^^^^^^^^^
FileNotFoundError: [WinError 3] The system cannot find the path specified: 'd:\\odoo\\addons'
2026-07-28 06:35:50,849 2396 INFO ? werkzeug: 127.0.0.1 - - [28/Jul/2026 06:35:50] "GET /hr_expense/static/description/icon.png HTTP/1.1" 500 - 0 0.000 0.542
2026-07-28 06:35:50,855 2396 ERROR ? odoo.http: Exception during request handling. 
Traceback (most recent call last):
  File "D:\Odoo\odoo\odoo\http.py", line 2572, in __call__
    if self.get_static_file(httprequest.path):
       ^^^^^^^^^^^^^^^^^^^^^^^^^^^^^^^^^^^^^^
  File "D:\Odoo\odoo\odoo\http.py", line 2471, in get_static_file
    if (static != 'static' or not resource or module not in self.statics):
                                                            ^^^^^^^^^^^^
  File "D:\Odoo\odoo\odoo\tools\func.py", line 42, in __get__
    value = self.fget(obj)
            ^^^^^^^^^^^^^^
  File "D:\Odoo\odoo\odoo\http.py", line 2440, in statics
    for module in os.listdir(addons_path):
                  ^^^^^^^^^^^^^^^^^^^^^^^
FileNotFoundError: [WinError 3] The system cannot find the path specified: 'd:\\odoo\\addons'
2026-07-28 06:35:50,857 2396 INFO ? werkzeug: 127.0.0.1 - - [28/Jul/2026 06:35:50] "GET /mrp/static/description/icon.png HTTP/1.1" 500 - 0 0.000 0.550
2026-07-28 06:35:50,861 2396 ERROR ? odoo.http: Exception during request handling. 
Traceback (most recent call last):
  File "D:\Odoo\odoo\odoo\http.py", line 2572, in __call__
    if self.get_static_file(httprequest.path):
       ^^^^^^^^^^^^^^^^^^^^^^^^^^^^^^^^^^^^^^
  File "D:\Odoo\odoo\odoo\http.py", line 2471, in get_static_file
    if (static != 'static' or not resource or module not in self.statics):
                                                            ^^^^^^^^^^^^
  File "D:\Odoo\odoo\odoo\tools\func.py", line 42, in __get__
    value = self.fget(obj)
            ^^^^^^^^^^^^^^
  File "D:\Odoo\odoo\odoo\http.py", line 2440, in statics
    for module in os.listdir(addons_path):
                  ^^^^^^^^^^^^^^^^^^^^^^^
FileNotFoundError: [WinError 3] The system cannot find the path specified: 'd:\\odoo\\addons'
2026-07-28 06:35:50,863 2396 INFO ? werkzeug: 127.0.0.1 - - [28/Jul/2026 06:35:50] "GET /base/static/img/icons/web_studio.png HTTP/1.1" 500 - 0 0.000 0.540
2026-07-28 06:35:50,883 2396 ERROR ? odoo.http: Exception during request handling. 
Traceback (most recent call last):
  File "D:\Odoo\odoo\odoo\http.py", line 2572, in __call__
    if self.get_static_file(httprequest.path):
       ^^^^^^^^^^^^^^^^^^^^^^^^^^^^^^^^^^^^^^
  File "D:\Odoo\odoo\odoo\http.py", line 2471, in get_static_file
    if (static != 'static' or not resource or module not in self.statics):
                                                            ^^^^^^^^^^^^
  File "D:\Odoo\odoo\odoo\tools\func.py", line 42, in __get__
    value = self.fget(obj)
            ^^^^^^^^^^^^^^
  File "D:\Odoo\odoo\odoo\http.py", line 2440, in statics
    for module in os.listdir(addons_path):
                  ^^^^^^^^^^^^^^^^^^^^^^^
FileNotFoundError: [WinError 3] The system cannot find the path specified: 'd:\\odoo\\addons'
2026-07-28 06:35:50,885 2396 INFO ? werkzeug: 127.0.0.1 - - [28/Jul/2026 06:35:50] "GET /purchase/static/description/icon.png HTTP/1.1" 500 - 0 0.000 0.514
2026-07-28 06:35:51,247 2396 ERROR ? odoo.http: Exception during request handling. 
Traceback (most recent call last):
  File "D:\Odoo\odoo\odoo\http.py", line 2572, in __call__
    if self.get_static_file(httprequest.path):
       ^^^^^^^^^^^^^^^^^^^^^^^^^^^^^^^^^^^^^^
  File "D:\Odoo\odoo\odoo\http.py", line 2471, in get_static_file
    if (static != 'static' or not resource or module not in self.statics):
                                                            ^^^^^^^^^^^^
  File "D:\Odoo\odoo\odoo\tools\func.py", line 42, in __get__
    value = self.fget(obj)
            ^^^^^^^^^^^^^^
  File "D:\Odoo\odoo\odoo\http.py", line 2440, in statics
    for module in os.listdir(addons_path):
                  ^^^^^^^^^^^^^^^^^^^^^^^
FileNotFoundError: [WinError 3] The system cannot find the path specified: 'd:\\odoo\\addons'
2026-07-28 06:35:51,249 2396 INFO ? werkzeug: 127.0.0.1 - - [28/Jul/2026 06:35:51] "GET /project/static/description/icon.png HTTP/1.1" 500 - 0 0.000 0.184
2026-07-28 06:35:51,530 2396 ERROR ? odoo.http: Exception during request handling. 
Traceback (most recent call last):
  File "D:\Odoo\odoo\odoo\http.py", line 2572, in __call__
    if self.get_static_file(httprequest.path):
       ^^^^^^^^^^^^^^^^^^^^^^^^^^^^^^^^^^^^^^
  File "D:\Odoo\odoo\odoo\http.py", line 2471, in get_static_file
    if (static != 'static' or not resource or module not in self.statics):
                                                            ^^^^^^^^^^^^
  File "D:\Odoo\odoo\odoo\tools\func.py", line 42, in __get__
    value = self.fget(obj)
            ^^^^^^^^^^^^^^
  File "D:\Odoo\odoo\odoo\http.py", line 2440, in statics
    for module in os.listdir(addons_path):
                  ^^^^^^^^^^^^^^^^^^^^^^^
FileNotFoundError: [WinError 3] The system cannot find the path specified: 'd:\\odoo\\addons'
2026-07-28 06:35:51,533 2396 INFO ? werkzeug: 127.0.0.1 - - [28/Jul/2026 06:35:51] "GET /web/static/img/favicon.ico HTTP/1.1" 500 - 0 0.000 0.390
2026-07-28 06:35:51,582 2396 ERROR ? odoo.http: Exception during request handling. 
Traceback (most recent call last):
  File "D:\Odoo\odoo\odoo\http.py", line 2572, in __call__
    if self.get_static_file(httprequest.path):
       ^^^^^^^^^^^^^^^^^^^^^^^^^^^^^^^^^^^^^^
  File "D:\Odoo\odoo\odoo\http.py", line 2471, in get_static_file
    if (static != 'static' or not resource or module not in self.statics):
                                                            ^^^^^^^^^^^^
  File "D:\Odoo\odoo\odoo\tools\func.py", line 42, in __get__
    value = self.fget(obj)
            ^^^^^^^^^^^^^^
  File "D:\Odoo\odoo\odoo\http.py", line 2440, in statics
    for module in os.listdir(addons_path):
                  ^^^^^^^^^^^^^^^^^^^^^^^
FileNotFoundError: [WinError 3] The system cannot find the path specified: 'd:\\odoo\\addons'
2026-07-28 06:35:51,584 2396 INFO ? werkzeug: 127.0.0.1 - - [28/Jul/2026 06:35:51] "GET /pos_restaurant/static/description/icon.png HTTP/1.1" 500 - 0 0.000 0.425
2026-07-28 06:35:51,638 2396 ERROR ? odoo.http: Exception during request handling. 
Traceback (most recent call last):
  File "D:\Odoo\odoo\odoo\http.py", line 2572, in __call__
    if self.get_static_file(httprequest.path):
       ^^^^^^^^^^^^^^^^^^^^^^^^^^^^^^^^^^^^^^
  File "D:\Odoo\odoo\odoo\http.py", line 2471, in get_static_file
    if (static != 'static' or not resource or module not in self.statics):
                                                            ^^^^^^^^^^^^
  File "D:\Odoo\odoo\odoo\tools\func.py", line 42, in __get__
    value = self.fget(obj)
            ^^^^^^^^^^^^^^
  File "D:\Odoo\odoo\odoo\http.py", line 2440, in statics
    for module in os.listdir(addons_path):
                  ^^^^^^^^^^^^^^^^^^^^^^^
FileNotFoundError: [WinError 3] The system cannot find the path specified: 'd:\\odoo\\addons'
2026-07-28 06:35:51,641 2396 INFO ? werkzeug: 127.0.0.1 - - [28/Jul/2026 06:35:51] "GET /base/static/img/icons/mrp_workorder.png HTTP/1.1" 500 - 0 0.000 0.466
2026-07-28 06:35:51,644 2396 ERROR ? odoo.http: Exception during request handling. 
Traceback (most recent call last):
  File "D:\Odoo\odoo\odoo\http.py", line 2572, in __call__
    if self.get_static_file(httprequest.path):
       ^^^^^^^^^^^^^^^^^^^^^^^^^^^^^^^^^^^^^^
  File "D:\Odoo\odoo\odoo\http.py", line 2471, in get_static_file
    if (static != 'static' or not resource or module not in self.statics):
                                                            ^^^^^^^^^^^^
  File "D:\Odoo\odoo\odoo\tools\func.py", line 42, in __get__
    value = self.fget(obj)
            ^^^^^^^^^^^^^^
  File "D:\Odoo\odoo\odoo\http.py", line 2440, in statics
    for module in os.listdir(addons_path):
                  ^^^^^^^^^^^^^^^^^^^^^^^
FileNotFoundError: [WinError 3] The system cannot find the path specified: 'd:\\odoo\\addons'
2026-07-28 06:35:51,646 2396 INFO ? werkzeug: 127.0.0.1 - - [28/Jul/2026 06:35:51] "GET /account/static/description/icon.png HTTP/1.1" 500 - 0 0.000 0.472
2026-07-28 06:35:51,653 2396 ERROR ? odoo.http: Exception during request handling. 
Traceback (most recent call last):
  File "D:\Odoo\odoo\odoo\http.py", line 2572, in __call__
    if self.get_static_file(httprequest.path):
       ^^^^^^^^^^^^^^^^^^^^^^^^^^^^^^^^^^^^^^
  File "D:\Odoo\odoo\odoo\http.py", line 2471, in get_static_file
    if (static != 'static' or not resource or module not in self.statics):
                                                            ^^^^^^^^^^^^
  File "D:\Odoo\odoo\odoo\tools\func.py", line 42, in __get__
    value = self.fget(obj)
            ^^^^^^^^^^^^^^
  File "D:\Odoo\odoo\odoo\http.py", line 2440, in statics
    for module in os.listdir(addons_path):
                  ^^^^^^^^^^^^^^^^^^^^^^^
FileNotFoundError: [WinError 3] The system cannot find the path specified: 'd:\\odoo\\addons'
2026-07-28 06:35:51,655 2396 INFO ? werkzeug: 127.0.0.1 - - [28/Jul/2026 06:35:51] "GET /hr_holidays/static/description/icon.png HTTP/1.1" 500 - 0 0.000 0.450
2026-07-28 06:35:51,751 2396 ERROR ? odoo.http: Exception during request handling. 
Traceback (most recent call last):
  File "D:\Odoo\odoo\odoo\http.py", line 2572, in __call__
    if self.get_static_file(httprequest.path):
       ^^^^^^^^^^^^^^^^^^^^^^^^^^^^^^^^^^^^^^
  File "D:\Odoo\odoo\odoo\http.py", line 2471, in get_static_file
    if (static != 'static' or not resource or module not in self.statics):
                                                            ^^^^^^^^^^^^
  File "D:\Odoo\odoo\odoo\tools\func.py", line 42, in __get__
    value = self.fget(obj)
            ^^^^^^^^^^^^^^
  File "D:\Odoo\odoo\odoo\http.py", line 2440, in statics
    for module in os.listdir(addons_path):
                  ^^^^^^^^^^^^^^^^^^^^^^^
FileNotFoundError: [WinError 3] The system cannot find the path specified: 'd:\\odoo\\addons'
2026-07-28 06:35:51,753 2396 INFO ? werkzeug: 127.0.0.1 - - [28/Jul/2026 06:35:51] "GET /hr_recruitment/static/description/icon.png HTTP/1.1" 500 - 0 0.000 0.188
2026-07-28 06:35:52,022 2396 ERROR ? odoo.http: Exception during request handling. 
Traceback (most recent call last):
  File "D:\Odoo\odoo\odoo\http.py", line 2572, in __call__
    if self.get_static_file(httprequest.path):
       ^^^^^^^^^^^^^^^^^^^^^^^^^^^^^^^^^^^^^^
  File "D:\Odoo\odoo\odoo\http.py", line 2471, in get_static_file
    if (static != 'static' or not resource or module not in self.statics):
                                                            ^^^^^^^^^^^^
  File "D:\Odoo\odoo\odoo\tools\func.py", line 42, in __get__
    value = self.fget(obj)
            ^^^^^^^^^^^^^^
  File "D:\Odoo\odoo\odoo\http.py", line 2440, in statics
    for module in os.listdir(addons_path):
                  ^^^^^^^^^^^^^^^^^^^^^^^
FileNotFoundError: [WinError 3] The system cannot find the path specified: 'd:\\odoo\\addons'
2026-07-28 06:35:52,025 2396 INFO ? werkzeug: 127.0.0.1 - - [28/Jul/2026 06:35:52] "GET /base/static/img/icons/industry_fsm.png HTTP/1.1" 500 - 0 0.000 0.177
2026-07-28 06:35:52,153 2396 ERROR ? odoo.http: Exception during request handling. 
Traceback (most recent call last):
  File "D:\Odoo\odoo\odoo\http.py", line 2572, in __call__
    if self.get_static_file(httprequest.path):
       ^^^^^^^^^^^^^^^^^^^^^^^^^^^^^^^^^^^^^^
  File "D:\Odoo\odoo\odoo\http.py", line 2471, in get_static_file
    if (static != 'static' or not resource or module not in self.statics):
                                                            ^^^^^^^^^^^^
  File "D:\Odoo\odoo\odoo\tools\func.py", line 42, in __get__
    value = self.fget(obj)
            ^^^^^^^^^^^^^^
  File "D:\Odoo\odoo\odoo\http.py", line 2440, in statics
    for module in os.listdir(addons_path):
                  ^^^^^^^^^^^^^^^^^^^^^^^
FileNotFoundError: [WinError 3] The system cannot find the path specified: 'd:\\odoo\\addons'
2026-07-28 06:35:52,156 2396 INFO ? werkzeug: 127.0.0.1 - - [28/Jul/2026 06:35:52] "GET /hr/static/description/icon.png HTTP/1.1" 500 - 0 0.000 0.262
2026-07-28 06:35:52,343 2396 ERROR ? odoo.http: Exception during request handling. 
Traceback (most recent call last):
  File "D:\Odoo\odoo\odoo\http.py", line 2572, in __call__
    if self.get_static_file(httprequest.path):
       ^^^^^^^^^^^^^^^^^^^^^^^^^^^^^^^^^^^^^^
  File "D:\Odoo\odoo\odoo\http.py", line 2471, in get_static_file
    if (static != 'static' or not resource or module not in self.statics):
                                                            ^^^^^^^^^^^^
  File "D:\Odoo\odoo\odoo\tools\func.py", line 42, in __get__
    value = self.fget(obj)
            ^^^^^^^^^^^^^^
  File "D:\Odoo\odoo\odoo\http.py", line 2440, in statics
    for module in os.listdir(addons_path):
                  ^^^^^^^^^^^^^^^^^^^^^^^
FileNotFoundError: [WinError 3] The system cannot find the path specified: 'd:\\odoo\\addons'
2026-07-28 06:35:52,344 2396 ERROR ? odoo.http: Exception during request handling. 
Traceback (most recent call last):
  File "D:\Odoo\odoo\odoo\http.py", line 2572, in __call__
    if self.get_static_file(httprequest.path):
       ^^^^^^^^^^^^^^^^^^^^^^^^^^^^^^^^^^^^^^
  File "D:\Odoo\odoo\odoo\http.py", line 2471, in get_static_file
    if (static != 'static' or not resource or module not in self.statics):
                                                            ^^^^^^^^^^^^
  File "D:\Odoo\odoo\odoo\tools\func.py", line 42, in __get__
    value = self.fget(obj)
            ^^^^^^^^^^^^^^
  File "D:\Odoo\odoo\odoo\http.py", line 2440, in statics
    for module in os.listdir(addons_path):
                  ^^^^^^^^^^^^^^^^^^^^^^^
FileNotFoundError: [WinError 3] The system cannot find the path specified: 'd:\\odoo\\addons'
2026-07-28 06:35:52,345 2396 INFO ? werkzeug: 127.0.0.1 - - [28/Jul/2026 06:35:52] "GET /maintenance/static/description/icon.png HTTP/1.1" 500 - 0 0.000 0.386
2026-07-28 06:35:52,347 2396 INFO ? werkzeug: 127.0.0.1 - - [28/Jul/2026 06:35:52] "GET /data_recycle/static/description/icon.png HTTP/1.1" 500 - 0 0.000 0.390
2026-07-28 06:35:52,359 2396 ERROR ? odoo.http: Exception during request handling. 
Traceback (most recent call last):
  File "D:\Odoo\odoo\odoo\http.py", line 2572, in __call__
    if self.get_static_file(httprequest.path):
       ^^^^^^^^^^^^^^^^^^^^^^^^^^^^^^^^^^^^^^
  File "D:\Odoo\odoo\odoo\http.py", line 2471, in get_static_file
    if (static != 'static' or not resource or module not in self.statics):
                                                            ^^^^^^^^^^^^
  File "D:\Odoo\odoo\odoo\tools\func.py", line 42, in __get__
    value = self.fget(obj)
            ^^^^^^^^^^^^^^
  File "D:\Odoo\odoo\odoo\http.py", line 2440, in statics
    for module in os.listdir(addons_path):
                  ^^^^^^^^^^^^^^^^^^^^^^^
FileNotFoundError: [WinError 3] The system cannot find the path specified: 'd:\\odoo\\addons'
2026-07-28 06:35:52,361 2396 INFO ? werkzeug: 127.0.0.1 - - [28/Jul/2026 06:35:52] "GET /marketing_card/static/description/icon.png HTTP/1.1" 500 - 0 0.000 0.386
2026-07-28 06:35:52,406 2396 ERROR ? odoo.http: Exception during request handling. 
Traceback (most recent call last):
  File "D:\Odoo\odoo\odoo\http.py", line 2572, in __call__
    if self.get_static_file(httprequest.path):
       ^^^^^^^^^^^^^^^^^^^^^^^^^^^^^^^^^^^^^^
  File "D:\Odoo\odoo\odoo\http.py", line 2471, in get_static_file
    if (static != 'static' or not resource or module not in self.statics):
                                                            ^^^^^^^^^^^^
  File "D:\Odoo\odoo\odoo\tools\func.py", line 42, in __get__
    value = self.fget(obj)
            ^^^^^^^^^^^^^^
  File "D:\Odoo\odoo\odoo\http.py", line 2440, in statics
    for module in os.listdir(addons_path):
                  ^^^^^^^^^^^^^^^^^^^^^^^
FileNotFoundError: [WinError 3] The system cannot find the path specified: 'd:\\odoo\\addons'
2026-07-28 06:35:52,408 2396 INFO ? werkzeug: 127.0.0.1 - - [28/Jul/2026 06:35:52] "GET /mcp_connector/static/description/icon.png HTTP/1.1" 500 - 0 0.000 0.338
2026-07-28 06:35:52,499 2396 ERROR ? odoo.http: Exception during request handling. 
Traceback (most recent call last):
  File "D:\Odoo\odoo\odoo\http.py", line 2572, in __call__
    if self.get_static_file(httprequest.path):
       ^^^^^^^^^^^^^^^^^^^^^^^^^^^^^^^^^^^^^^
  File "D:\Odoo\odoo\odoo\http.py", line 2471, in get_static_file
    if (static != 'static' or not resource or module not in self.statics):
                                                            ^^^^^^^^^^^^
  File "D:\Odoo\odoo\odoo\tools\func.py", line 42, in __get__
    value = self.fget(obj)
            ^^^^^^^^^^^^^^
  File "D:\Odoo\odoo\odoo\http.py", line 2440, in statics
    for module in os.listdir(addons_path):
                  ^^^^^^^^^^^^^^^^^^^^^^^
FileNotFoundError: [WinError 3] The system cannot find the path specified: 'd:\\odoo\\addons'
2026-07-28 06:35:52,500 2396 INFO ? werkzeug: 127.0.0.1 - - [28/Jul/2026 06:35:52] "GET /base/static/description/icon.png HTTP/1.1" 500 - 0 0.000 0.160
2026-07-28 06:35:52,599 2396 ERROR ? odoo.http: Exception during request handling. 
Traceback (most recent call last):
  File "D:\Odoo\odoo\odoo\http.py", line 2572, in __call__
    if self.get_static_file(httprequest.path):
       ^^^^^^^^^^^^^^^^^^^^^^^^^^^^^^^^^^^^^^
  File "D:\Odoo\odoo\odoo\http.py", line 2471, in get_static_file
    if (static != 'static' or not resource or module not in self.statics):
                                                            ^^^^^^^^^^^^
  File "D:\Odoo\odoo\odoo\tools\func.py", line 42, in __get__
    value = self.fget(obj)
            ^^^^^^^^^^^^^^
  File "D:\Odoo\odoo\odoo\http.py", line 2440, in statics
    for module in os.listdir(addons_path):
                  ^^^^^^^^^^^^^^^^^^^^^^^
FileNotFoundError: [WinError 3] The system cannot find the path specified: 'd:\\odoo\\addons'
2026-07-28 06:35:52,600 2396 INFO ? werkzeug: 127.0.0.1 - - [28/Jul/2026 06:35:52] "GET /base/static/img/icons/sign.png HTTP/1.1" 500 - 0 0.000 0.135
2026-07-28 06:35:52,916 2396 INFO odoo18 werkzeug: 127.0.0.1 - - [28/Jul/2026 06:35:52] "POST /web/dataset/call_kw/ir.module.module/search_panel_select_range HTTP/1.1" 200 - 58 0.059 0.045
2026-07-28 06:35:53,020 2396 ERROR ? odoo.http: Exception during request handling. 
Traceback (most recent call last):
  File "D:\Odoo\odoo\odoo\http.py", line 2572, in __call__
    if self.get_static_file(httprequest.path):
       ^^^^^^^^^^^^^^^^^^^^^^^^^^^^^^^^^^^^^^
  File "D:\Odoo\odoo\odoo\http.py", line 2471, in get_static_file
    if (static != 'static' or not resource or module not in self.statics):
                                                            ^^^^^^^^^^^^
  File "D:\Odoo\odoo\odoo\tools\func.py", line 42, in __get__
    value = self.fget(obj)
            ^^^^^^^^^^^^^^
  File "D:\Odoo\odoo\odoo\http.py", line 2440, in statics
    for module in os.listdir(addons_path):
                  ^^^^^^^^^^^^^^^^^^^^^^^
FileNotFoundError: [WinError 3] The system cannot find the path specified: 'd:\\odoo\\addons'
2026-07-28 06:35:53,023 2396 INFO ? werkzeug: 127.0.0.1 - - [28/Jul/2026 06:35:53] "GET /base/static/img/icons/helpdesk.png HTTP/1.1" 500 - 0 0.000 0.354
2026-07-28 06:35:53,029 2396 ERROR ? odoo.http: Exception during request handling. 
Traceback (most recent call last):
  File "D:\Odoo\odoo\odoo\http.py", line 2572, in __call__
    if self.get_static_file(httprequest.path):
       ^^^^^^^^^^^^^^^^^^^^^^^^^^^^^^^^^^^^^^
  File "D:\Odoo\odoo\odoo\http.py", line 2471, in get_static_file
    if (static != 'static' or not resource or module not in self.statics):
                                                            ^^^^^^^^^^^^
  File "D:\Odoo\odoo\odoo\tools\func.py", line 42, in __get__
    value = self.fget(obj)
            ^^^^^^^^^^^^^^
  File "D:\Odoo\odoo\odoo\http.py", line 2440, in statics
    for module in os.listdir(addons_path):
                  ^^^^^^^^^^^^^^^^^^^^^^^
FileNotFoundError: [WinError 3] The system cannot find the path specified: 'd:\\odoo\\addons'
2026-07-28 06:35:53,031 2396 ERROR ? odoo.http: Exception during request handling. 
Traceback (most recent call last):
  File "D:\Odoo\odoo\odoo\http.py", line 2572, in __call__
    if self.get_static_file(httprequest.path):
       ^^^^^^^^^^^^^^^^^^^^^^^^^^^^^^^^^^^^^^
  File "D:\Odoo\odoo\odoo\http.py", line 2471, in get_static_file
    if (static != 'static' or not resource or module not in self.statics):
                                                            ^^^^^^^^^^^^
  File "D:\Odoo\odoo\odoo\tools\func.py", line 42, in __get__
    value = self.fget(obj)
            ^^^^^^^^^^^^^^
  File "D:\Odoo\odoo\odoo\http.py", line 2440, in statics
    for module in os.listdir(addons_path):
                  ^^^^^^^^^^^^^^^^^^^^^^^
FileNotFoundError: [WinError 3] The system cannot find the path specified: 'd:\\odoo\\addons'
2026-07-28 06:35:53,031 2396 INFO ? werkzeug: 127.0.0.1 - - [28/Jul/2026 06:35:53] "GET /base/static/img/icons/quality_control.png HTTP/1.1" 500 - 0 0.000 0.360
2026-07-28 06:35:53,033 2396 INFO ? werkzeug: 127.0.0.1 - - [28/Jul/2026 06:35:53] "GET /base/static/img/icons/sale_subscription.png HTTP/1.1" 500 - 0 0.000 0.363
2026-07-28 06:35:53,084 2396 ERROR ? odoo.http: Exception during request handling. 
Traceback (most recent call last):
  File "D:\Odoo\odoo\odoo\http.py", line 2572, in __call__
    if self.get_static_file(httprequest.path):
       ^^^^^^^^^^^^^^^^^^^^^^^^^^^^^^^^^^^^^^
  File "D:\Odoo\odoo\odoo\http.py", line 2471, in get_static_file
    if (static != 'static' or not resource or module not in self.statics):
                                                            ^^^^^^^^^^^^
  File "D:\Odoo\odoo\odoo\tools\func.py", line 42, in __get__
    value = self.fget(obj)
            ^^^^^^^^^^^^^^
  File "D:\Odoo\odoo\odoo\http.py", line 2440, in statics
    for module in os.listdir(addons_path):
                  ^^^^^^^^^^^^^^^^^^^^^^^
FileNotFoundError: [WinError 3] The system cannot find the path specified: 'd:\\odoo\\addons'
2026-07-28 06:35:53,086 2396 INFO ? werkzeug: 127.0.0.1 - - [28/Jul/2026 06:35:53] "GET /website_slides/static/description/icon.png HTTP/1.1" 500 - 0 0.000 0.370
2026-07-28 06:35:53,148 2396 ERROR ? odoo.http: Exception during request handling. 
Traceback (most recent call last):
  File "D:\Odoo\odoo\odoo\http.py", line 2572, in __call__
    if self.get_static_file(httprequest.path):
       ^^^^^^^^^^^^^^^^^^^^^^^^^^^^^^^^^^^^^^
  File "D:\Odoo\odoo\odoo\http.py", line 2471, in get_static_file
    if (static != 'static' or not resource or module not in self.statics):
                                                            ^^^^^^^^^^^^
  File "D:\Odoo\odoo\odoo\tools\func.py", line 42, in __get__
    value = self.fget(obj)
            ^^^^^^^^^^^^^^
  File "D:\Odoo\odoo\odoo\http.py", line 2440, in statics
    for module in os.listdir(addons_path):
                  ^^^^^^^^^^^^^^^^^^^^^^^
FileNotFoundError: [WinError 3] The system cannot find the path specified: 'd:\\odoo\\addons'
2026-07-28 06:35:53,149 2396 INFO ? werkzeug: 127.0.0.1 - - [28/Jul/2026 06:35:53] "GET /base/static/img/icons/planning.png HTTP/1.1" 500 - 0 0.000 0.228
2026-07-28 06:35:53,246 2396 INFO odoo18 werkzeug: 127.0.0.1 - - [28/Jul/2026 06:35:53] "POST /web/dataset/call_kw/ir.module.module/web_search_read HTTP/1.1" 200 - 3 0.003 0.008
2026-07-28 06:35:53,711 2396 ERROR ? odoo.http: Exception during request handling. 
Traceback (most recent call last):
  File "D:\Odoo\odoo\odoo\http.py", line 2572, in __call__
    if self.get_static_file(httprequest.path):
       ^^^^^^^^^^^^^^^^^^^^^^^^^^^^^^^^^^^^^^
  File "D:\Odoo\odoo\odoo\http.py", line 2471, in get_static_file
    if (static != 'static' or not resource or module not in self.statics):
                                                            ^^^^^^^^^^^^
  File "D:\Odoo\odoo\odoo\tools\func.py", line 42, in __get__
    value = self.fget(obj)
            ^^^^^^^^^^^^^^
  File "D:\Odoo\odoo\odoo\http.py", line 2440, in statics
    for module in os.listdir(addons_path):
                  ^^^^^^^^^^^^^^^^^^^^^^^
FileNotFoundError: [WinError 3] The system cannot find the path specified: 'd:\\odoo\\addons'
2026-07-28 06:35:53,713 2396 INFO ? werkzeug: 127.0.0.1 - - [28/Jul/2026 06:35:53] "GET /mail/static/description/icon.png HTTP/1.1" 500 - 0 0.000 0.367
2026-07-28 06:35:53,725 2396 ERROR ? odoo.http: Exception during request handling. 
Traceback (most recent call last):
  File "D:\Odoo\odoo\odoo\http.py", line 2572, in __call__
    if self.get_static_file(httprequest.path):
       ^^^^^^^^^^^^^^^^^^^^^^^^^^^^^^^^^^^^^^
  File "D:\Odoo\odoo\odoo\http.py", line 2471, in get_static_file
    if (static != 'static' or not resource or module not in self.statics):
                                                            ^^^^^^^^^^^^
  File "D:\Odoo\odoo\odoo\tools\func.py", line 42, in __get__
    value = self.fget(obj)
            ^^^^^^^^^^^^^^
  File "D:\Odoo\odoo\odoo\http.py", line 2440, in statics
    for module in os.listdir(addons_path):
                  ^^^^^^^^^^^^^^^^^^^^^^^
FileNotFoundError: [WinError 3] The system cannot find the path specified: 'd:\\odoo\\addons'
2026-07-28 06:35:53,728 2396 INFO ? werkzeug: 127.0.0.1 - - [28/Jul/2026 06:35:53] "GET /contacts/static/description/icon.png HTTP/1.1" 500 - 0 0.000 0.381
2026-07-28 06:35:53,737 2396 ERROR ? odoo.http: Exception during request handling. 
Traceback (most recent call last):
  File "D:\Odoo\odoo\odoo\http.py", line 2572, in __call__
    if self.get_static_file(httprequest.path):
       ^^^^^^^^^^^^^^^^^^^^^^^^^^^^^^^^^^^^^^
  File "D:\Odoo\odoo\odoo\http.py", line 2471, in get_static_file
    if (static != 'static' or not resource or module not in self.statics):
                                                            ^^^^^^^^^^^^
  File "D:\Odoo\odoo\odoo\tools\func.py", line 42, in __get__
    value = self.fget(obj)
            ^^^^^^^^^^^^^^
  File "D:\Odoo\odoo\odoo\http.py", line 2440, in statics
    for module in os.listdir(addons_path):
                  ^^^^^^^^^^^^^^^^^^^^^^^
FileNotFoundError: [WinError 3] The system cannot find the path specified: 'd:\\odoo\\addons'
2026-07-28 06:35:53,739 2396 INFO ? werkzeug: 127.0.0.1 - - [28/Jul/2026 06:35:53] "GET /website_event/static/description/icon.png HTTP/1.1" 500 - 0 0.000 0.395
2026-07-28 06:35:53,794 2396 ERROR ? odoo.http: Exception during request handling. 
Traceback (most recent call last):
  File "D:\Odoo\odoo\odoo\http.py", line 2572, in __call__
    if self.get_static_file(httprequest.path):
       ^^^^^^^^^^^^^^^^^^^^^^^^^^^^^^^^^^^^^^
  File "D:\Odoo\odoo\odoo\http.py", line 2471, in get_static_file
    if (static != 'static' or not resource or module not in self.statics):
                                                            ^^^^^^^^^^^^
  File "D:\Odoo\odoo\odoo\tools\func.py", line 42, in __get__
    value = self.fget(obj)
            ^^^^^^^^^^^^^^
  File "D:\Odoo\odoo\odoo\http.py", line 2440, in statics
    for module in os.listdir(addons_path):
                  ^^^^^^^^^^^^^^^^^^^^^^^
FileNotFoundError: [WinError 3] The system cannot find the path specified: 'd:\\odoo\\addons'
2026-07-28 06:35:53,795 2396 INFO ? werkzeug: 127.0.0.1 - - [28/Jul/2026 06:35:53] "GET /base/static/img/icons/mrp_plm.png HTTP/1.1" 500 - 0 0.000 0.389
2026-07-28 06:35:53,842 2396 ERROR ? odoo.http: Exception during request handling. 
Traceback (most recent call last):
  File "D:\Odoo\odoo\odoo\http.py", line 2572, in __call__
    if self.get_static_file(httprequest.path):
       ^^^^^^^^^^^^^^^^^^^^^^^^^^^^^^^^^^^^^^
  File "D:\Odoo\odoo\odoo\http.py", line 2471, in get_static_file
    if (static != 'static' or not resource or module not in self.statics):
                                                            ^^^^^^^^^^^^
  File "D:\Odoo\odoo\odoo\tools\func.py", line 42, in __get__
    value = self.fget(obj)
            ^^^^^^^^^^^^^^
  File "D:\Odoo\odoo\odoo\http.py", line 2440, in statics
    for module in os.listdir(addons_path):
                  ^^^^^^^^^^^^^^^^^^^^^^^
FileNotFoundError: [WinError 3] The system cannot find the path specified: 'd:\\odoo\\addons'
2026-07-28 06:35:53,843 2396 INFO ? werkzeug: 127.0.0.1 - - [28/Jul/2026 06:35:53] "GET /base/static/img/icons/social.png HTTP/1.1" 500 - 0 0.000 0.373
2026-07-28 06:35:53,881 2396 ERROR ? odoo.http: Exception during request handling. 
Traceback (most recent call last):
  File "D:\Odoo\odoo\odoo\http.py", line 2572, in __call__
    if self.get_static_file(httprequest.path):
       ^^^^^^^^^^^^^^^^^^^^^^^^^^^^^^^^^^^^^^
  File "D:\Odoo\odoo\odoo\http.py", line 2471, in get_static_file
    if (static != 'static' or not resource or module not in self.statics):
                                                            ^^^^^^^^^^^^
  File "D:\Odoo\odoo\odoo\tools\func.py", line 42, in __get__
    value = self.fget(obj)
            ^^^^^^^^^^^^^^
  File "D:\Odoo\odoo\odoo\http.py", line 2440, in statics
    for module in os.listdir(addons_path):
                  ^^^^^^^^^^^^^^^^^^^^^^^
FileNotFoundError: [WinError 3] The system cannot find the path specified: 'd:\\odoo\\addons'
2026-07-28 06:35:53,882 2396 INFO ? werkzeug: 127.0.0.1 - - [28/Jul/2026 06:35:53] "GET /base/static/img/icons/hr_appraisal.png HTTP/1.1" 500 - 0 0.000 0.315
2026-07-28 06:35:54,315 2396 ERROR ? odoo.http: Exception during request handling. 
Traceback (most recent call last):
  File "D:\Odoo\odoo\odoo\http.py", line 2572, in __call__
    if self.get_static_file(httprequest.path):
       ^^^^^^^^^^^^^^^^^^^^^^^^^^^^^^^^^^^^^^
  File "D:\Odoo\odoo\odoo\http.py", line 2471, in get_static_file
    if (static != 'static' or not resource or module not in self.statics):
                                                            ^^^^^^^^^^^^
  File "D:\Odoo\odoo\odoo\tools\func.py", line 42, in __get__
    value = self.fget(obj)
            ^^^^^^^^^^^^^^
  File "D:\Odoo\odoo\odoo\http.py", line 2440, in statics
    for module in os.listdir(addons_path):
                  ^^^^^^^^^^^^^^^^^^^^^^^
FileNotFoundError: [WinError 3] The system cannot find the path specified: 'd:\\odoo\\addons'
2026-07-28 06:35:54,319 2396 INFO ? werkzeug: 127.0.0.1 - - [28/Jul/2026 06:35:54] "GET /fleet/static/description/icon.png HTTP/1.1" 500 - 0 0.000 0.298
2026-07-28 06:35:54,384 2396 ERROR ? odoo.http: Exception during request handling. 
Traceback (most recent call last):
  File "D:\Odoo\odoo\odoo\http.py", line 2572, in __call__
    if self.get_static_file(httprequest.path):
       ^^^^^^^^^^^^^^^^^^^^^^^^^^^^^^^^^^^^^^
  File "D:\Odoo\odoo\odoo\http.py", line 2471, in get_static_file
    if (static != 'static' or not resource or module not in self.statics):
                                                            ^^^^^^^^^^^^
  File "D:\Odoo\odoo\odoo\tools\func.py", line 42, in __get__
    value = self.fget(obj)
            ^^^^^^^^^^^^^^
  File "D:\Odoo\odoo\odoo\http.py", line 2440, in statics
    for module in os.listdir(addons_path):
                  ^^^^^^^^^^^^^^^^^^^^^^^
FileNotFoundError: [WinError 3] The system cannot find the path specified: 'd:\\odoo\\addons'
2026-07-28 06:35:54,386 2396 INFO ? werkzeug: 127.0.0.1 - - [28/Jul/2026 06:35:54] "GET /base/static/img/icons/marketing_automation.png HTTP/1.1" 500 - 0 0.000 0.350
2026-07-28 06:35:54,434 2396 ERROR ? odoo.http: Exception during request handling. 
Traceback (most recent call last):
  File "D:\Odoo\odoo\odoo\http.py", line 2572, in __call__
    if self.get_static_file(httprequest.path):
       ^^^^^^^^^^^^^^^^^^^^^^^^^^^^^^^^^^^^^^
  File "D:\Odoo\odoo\odoo\http.py", line 2471, in get_static_file
    if (static != 'static' or not resource or module not in self.statics):
                                                            ^^^^^^^^^^^^
  File "D:\Odoo\odoo\odoo\tools\func.py", line 42, in __get__
    value = self.fget(obj)
            ^^^^^^^^^^^^^^
  File "D:\Odoo\odoo\odoo\http.py", line 2440, in statics
    for module in os.listdir(addons_path):
                  ^^^^^^^^^^^^^^^^^^^^^^^
FileNotFoundError: [WinError 3] The system cannot find the path specified: 'd:\\odoo\\addons'
2026-07-28 06:35:54,436 2396 INFO ? werkzeug: 127.0.0.1 - - [28/Jul/2026 06:35:54] "GET /im_livechat/static/description/icon.png HTTP/1.1" 500 - 0 0.000 0.385
2026-07-28 06:35:54,524 2396 ERROR ? odoo.http: Exception during request handling. 
Traceback (most recent call last):
  File "D:\Odoo\odoo\odoo\http.py", line 2572, in __call__
    if self.get_static_file(httprequest.path):
       ^^^^^^^^^^^^^^^^^^^^^^^^^^^^^^^^^^^^^^
  File "D:\Odoo\odoo\odoo\http.py", line 2471, in get_static_file
    if (static != 'static' or not resource or module not in self.statics):
                                                            ^^^^^^^^^^^^
  File "D:\Odoo\odoo\odoo\tools\func.py", line 42, in __get__
    value = self.fget(obj)
            ^^^^^^^^^^^^^^
  File "D:\Odoo\odoo\odoo\http.py", line 2440, in statics
    for module in os.listdir(addons_path):
                  ^^^^^^^^^^^^^^^^^^^^^^^
FileNotFoundError: [WinError 3] The system cannot find the path specified: 'd:\\odoo\\addons'
2026-07-28 06:35:54,526 2396 INFO ? werkzeug: 127.0.0.1 - - [28/Jul/2026 06:35:54] "GET /base/static/img/icons/appointment.png HTTP/1.1" 500 - 0 0.000 0.410
2026-07-28 06:35:54,559 2396 ERROR ? odoo.http: Exception during request handling. 
Traceback (most recent call last):
  File "D:\Odoo\odoo\odoo\http.py", line 2572, in __call__
    if self.get_static_file(httprequest.path):
       ^^^^^^^^^^^^^^^^^^^^^^^^^^^^^^^^^^^^^^
  File "D:\Odoo\odoo\odoo\http.py", line 2471, in get_static_file
    if (static != 'static' or not resource or module not in self.statics):
                                                            ^^^^^^^^^^^^
  File "D:\Odoo\odoo\odoo\tools\func.py", line 42, in __get__
    value = self.fget(obj)
            ^^^^^^^^^^^^^^
  File "D:\Odoo\odoo\odoo\http.py", line 2440, in statics
    for module in os.listdir(addons_path):
                  ^^^^^^^^^^^^^^^^^^^^^^^
FileNotFoundError: [WinError 3] The system cannot find the path specified: 'd:\\odoo\\addons'
2026-07-28 06:35:54,559 2396 INFO ? werkzeug: 127.0.0.1 - - [28/Jul/2026 06:35:54] "GET /survey/static/description/icon.png HTTP/1.1" 500 - 0 0.000 0.397
2026-07-28 06:35:54,572 2396 ERROR ? odoo.http: Exception during request handling. 
Traceback (most recent call last):
  File "D:\Odoo\odoo\odoo\http.py", line 2572, in __call__
    if self.get_static_file(httprequest.path):
       ^^^^^^^^^^^^^^^^^^^^^^^^^^^^^^^^^^^^^^
  File "D:\Odoo\odoo\odoo\http.py", line 2471, in get_static_file
    if (static != 'static' or not resource or module not in self.statics):
                                                            ^^^^^^^^^^^^
  File "D:\Odoo\odoo\odoo\tools\func.py", line 42, in __get__
    value = self.fget(obj)
            ^^^^^^^^^^^^^^
  File "D:\Odoo\odoo\odoo\http.py", line 2440, in statics
    for module in os.listdir(addons_path):
                  ^^^^^^^^^^^^^^^^^^^^^^^
FileNotFoundError: [WinError 3] The system cannot find the path specified: 'd:\\odoo\\addons'
2026-07-28 06:35:54,573 2396 INFO ? werkzeug: 127.0.0.1 - - [28/Jul/2026 06:35:54] "GET /base/static/img/icons/web_mobile.png HTTP/1.1" 500 - 0 0.000 0.379
2026-07-28 06:35:54,774 2396 ERROR ? odoo.http: Exception during request handling. 
Traceback (most recent call last):
  File "D:\Odoo\odoo\odoo\http.py", line 2572, in __call__
    if self.get_static_file(httprequest.path):
       ^^^^^^^^^^^^^^^^^^^^^^^^^^^^^^^^^^^^^^
  File "D:\Odoo\odoo\odoo\http.py", line 2471, in get_static_file
    if (static != 'static' or not resource or module not in self.statics):
                                                            ^^^^^^^^^^^^
  File "D:\Odoo\odoo\odoo\tools\func.py", line 42, in __get__
    value = self.fget(obj)
            ^^^^^^^^^^^^^^
  File "D:\Odoo\odoo\odoo\http.py", line 2440, in statics
    for module in os.listdir(addons_path):
                  ^^^^^^^^^^^^^^^^^^^^^^^
FileNotFoundError: [WinError 3] The system cannot find the path specified: 'd:\\odoo\\addons'
2026-07-28 06:35:54,776 2396 INFO ? werkzeug: 127.0.0.1 - - [28/Jul/2026 06:35:54] "GET /repair/static/description/icon.png HTTP/1.1" 500 - 0 0.000 0.148
2026-07-28 06:35:54,901 2396 ERROR ? odoo.http: Exception during request handling. 
Traceback (most recent call last):
  File "D:\Odoo\odoo\odoo\http.py", line 2572, in __call__
    if self.get_static_file(httprequest.path):
       ^^^^^^^^^^^^^^^^^^^^^^^^^^^^^^^^^^^^^^
  File "D:\Odoo\odoo\odoo\http.py", line 2471, in get_static_file
    if (static != 'static' or not resource or module not in self.statics):
                                                            ^^^^^^^^^^^^
  File "D:\Odoo\odoo\odoo\tools\func.py", line 42, in __get__
    value = self.fget(obj)
            ^^^^^^^^^^^^^^
  File "D:\Odoo\odoo\odoo\http.py", line 2440, in statics
    for module in os.listdir(addons_path):
                  ^^^^^^^^^^^^^^^^^^^^^^^
FileNotFoundError: [WinError 3] The system cannot find the path specified: 'd:\\odoo\\addons'
2026-07-28 06:35:54,903 2396 INFO ? werkzeug: 127.0.0.1 - - [28/Jul/2026 06:35:54] "GET /hr_attendance/static/description/icon.png HTTP/1.1" 500 - 0 0.000 0.197
2026-07-28 06:35:54,993 2396 ERROR ? odoo.http: Exception during request handling. 
Traceback (most recent call last):
  File "D:\Odoo\odoo\odoo\http.py", line 2572, in __call__
    if self.get_static_file(httprequest.path):
       ^^^^^^^^^^^^^^^^^^^^^^^^^^^^^^^^^^^^^^
  File "D:\Odoo\odoo\odoo\http.py", line 2471, in get_static_file
    if (static != 'static' or not resource or module not in self.statics):
                                                            ^^^^^^^^^^^^
  File "D:\Odoo\odoo\odoo\tools\func.py", line 42, in __get__
    value = self.fget(obj)
            ^^^^^^^^^^^^^^
  File "D:\Odoo\odoo\odoo\http.py", line 2440, in statics
    for module in os.listdir(addons_path):
                  ^^^^^^^^^^^^^^^^^^^^^^^
FileNotFoundError: [WinError 3] The system cannot find the path specified: 'd:\\odoo\\addons'
2026-07-28 06:35:54,994 2396 INFO ? werkzeug: 127.0.0.1 - - [28/Jul/2026 06:35:54] "GET /mass_mailing_sms/static/description/icon.png HTTP/1.1" 500 - 0 0.000 0.241
2026-07-28 06:35:55,118 2396 ERROR ? odoo.http: Exception during request handling. 
Traceback (most recent call last):
  File "D:\Odoo\odoo\odoo\http.py", line 2572, in __call__
    if self.get_static_file(httprequest.path):
       ^^^^^^^^^^^^^^^^^^^^^^^^^^^^^^^^^^^^^^
  File "D:\Odoo\odoo\odoo\http.py", line 2471, in get_static_file
    if (static != 'static' or not resource or module not in self.statics):
                                                            ^^^^^^^^^^^^
  File "D:\Odoo\odoo\odoo\tools\func.py", line 42, in __get__
    value = self.fget(obj)
            ^^^^^^^^^^^^^^
  File "D:\Odoo\odoo\odoo\http.py", line 2440, in statics
    for module in os.listdir(addons_path):
                  ^^^^^^^^^^^^^^^^^^^^^^^
FileNotFoundError: [WinError 3] The system cannot find the path specified: 'd:\\odoo\\addons'
2026-07-28 06:35:55,120 2396 INFO ? werkzeug: 127.0.0.1 - - [28/Jul/2026 06:35:55] "GET /base/static/img/icons/stock_barcode.png HTTP/1.1" 500 - 0 0.000 0.274
2026-07-28 06:35:55,164 2396 ERROR ? odoo.http: Exception during request handling. 
Traceback (most recent call last):
  File "D:\Odoo\odoo\odoo\http.py", line 2572, in __call__
    if self.get_static_file(httprequest.path):
       ^^^^^^^^^^^^^^^^^^^^^^^^^^^^^^^^^^^^^^
  File "D:\Odoo\odoo\odoo\http.py", line 2471, in get_static_file
    if (static != 'static' or not resource or module not in self.statics):
                                                            ^^^^^^^^^^^^
  File "D:\Odoo\odoo\odoo\tools\func.py", line 42, in __get__
    value = self.fget(obj)
            ^^^^^^^^^^^^^^
  File "D:\Odoo\odoo\odoo\http.py", line 2440, in statics
    for module in os.listdir(addons_path):
                  ^^^^^^^^^^^^^^^^^^^^^^^
FileNotFoundError: [WinError 3] The system cannot find the path specified: 'd:\\odoo\\addons'
2026-07-28 06:35:55,166 2396 INFO ? werkzeug: 127.0.0.1 - - [28/Jul/2026 06:35:55] "GET /project_todo/static/description/icon.png HTTP/1.1" 500 - 0 0.000 0.288
2026-07-28 06:35:55,169 2396 ERROR ? odoo.http: Exception during request handling. 
Traceback (most recent call last):
  File "D:\Odoo\odoo\odoo\http.py", line 2572, in __call__
    if self.get_static_file(httprequest.path):
       ^^^^^^^^^^^^^^^^^^^^^^^^^^^^^^^^^^^^^^
  File "D:\Odoo\odoo\odoo\http.py", line 2471, in get_static_file
    if (static != 'static' or not resource or module not in self.statics):
                                                            ^^^^^^^^^^^^
  File "D:\Odoo\odoo\odoo\tools\func.py", line 42, in __get__
    value = self.fget(obj)
            ^^^^^^^^^^^^^^
  File "D:\Odoo\odoo\odoo\http.py", line 2440, in statics
    for module in os.listdir(addons_path):
                  ^^^^^^^^^^^^^^^^^^^^^^^
FileNotFoundError: [WinError 3] The system cannot find the path specified: 'd:\\odoo\\addons'
2026-07-28 06:35:55,172 2396 INFO ? werkzeug: 127.0.0.1 - - [28/Jul/2026 06:35:55] "GET /hr_skills/static/description/icon.png HTTP/1.1" 500 - 0 0.000 0.278
2026-07-28 06:35:55,278 2396 ERROR ? odoo.http: Exception during request handling. 
Traceback (most recent call last):
  File "D:\Odoo\odoo\odoo\http.py", line 2572, in __call__
    if self.get_static_file(httprequest.path):
       ^^^^^^^^^^^^^^^^^^^^^^^^^^^^^^^^^^^^^^
  File "D:\Odoo\odoo\odoo\http.py", line 2471, in get_static_file
    if (static != 'static' or not resource or module not in self.statics):
                                                            ^^^^^^^^^^^^
  File "D:\Odoo\odoo\odoo\tools\func.py", line 42, in __get__
    value = self.fget(obj)
            ^^^^^^^^^^^^^^
  File "D:\Odoo\odoo\odoo\http.py", line 2440, in statics
    for module in os.listdir(addons_path):
                  ^^^^^^^^^^^^^^^^^^^^^^^
FileNotFoundError: [WinError 3] The system cannot find the path specified: 'd:\\odoo\\addons'
2026-07-28 06:35:55,280 2396 INFO ? werkzeug: 127.0.0.1 - - [28/Jul/2026 06:35:55] "GET /base/static/img/icons/voip.png HTTP/1.1" 500 - 0 0.000 0.184
2026-07-28 06:35:55,381 2396 ERROR ? odoo.http: Exception during request handling. 
Traceback (most recent call last):
  File "D:\Odoo\odoo\odoo\http.py", line 2572, in __call__
    if self.get_static_file(httprequest.path):
       ^^^^^^^^^^^^^^^^^^^^^^^^^^^^^^^^^^^^^^
  File "D:\Odoo\odoo\odoo\http.py", line 2471, in get_static_file
    if (static != 'static' or not resource or module not in self.statics):
                                                            ^^^^^^^^^^^^
  File "D:\Odoo\odoo\odoo\tools\func.py", line 42, in __get__
    value = self.fget(obj)
            ^^^^^^^^^^^^^^
  File "D:\Odoo\odoo\odoo\http.py", line 2440, in statics
    for module in os.listdir(addons_path):
                  ^^^^^^^^^^^^^^^^^^^^^^^
FileNotFoundError: [WinError 3] The system cannot find the path specified: 'd:\\odoo\\addons'
2026-07-28 06:35:55,383 2396 INFO ? werkzeug: 127.0.0.1 - - [28/Jul/2026 06:35:55] "GET /lunch/static/description/icon.png HTTP/1.1" 500 - 0 0.000 0.161
2026-07-28 06:35:55,468 2396 ERROR ? odoo.http: Exception during request handling. 
Traceback (most recent call last):
  File "D:\Odoo\odoo\odoo\http.py", line 2572, in __call__
    if self.get_static_file(httprequest.path):
       ^^^^^^^^^^^^^^^^^^^^^^^^^^^^^^^^^^^^^^
  File "D:\Odoo\odoo\odoo\http.py", line 2471, in get_static_file
    if (static != 'static' or not resource or module not in self.statics):
                                                            ^^^^^^^^^^^^
  File "D:\Odoo\odoo\odoo\tools\func.py", line 42, in __get__
    value = self.fget(obj)
            ^^^^^^^^^^^^^^
  File "D:\Odoo\odoo\odoo\http.py", line 2440, in statics
    for module in os.listdir(addons_path):
                  ^^^^^^^^^^^^^^^^^^^^^^^
FileNotFoundError: [WinError 3] The system cannot find the path specified: 'd:\\odoo\\addons'
2026-07-28 06:35:55,469 2396 INFO ? werkzeug: 127.0.0.1 - - [28/Jul/2026 06:35:55] "GET /website_hr_recruitment/static/description/icon.png HTTP/1.1" 500 - 0 0.000 0.153
2026-07-28 06:35:55,607 2396 ERROR ? odoo.http: Exception during request handling. 
Traceback (most recent call last):
  File "D:\Odoo\odoo\odoo\http.py", line 2572, in __call__
    if self.get_static_file(httprequest.path):
       ^^^^^^^^^^^^^^^^^^^^^^^^^^^^^^^^^^^^^^
  File "D:\Odoo\odoo\odoo\http.py", line 2471, in get_static_file
    if (static != 'static' or not resource or module not in self.statics):
                                                            ^^^^^^^^^^^^
  File "D:\Odoo\odoo\odoo\tools\func.py", line 42, in __get__
    value = self.fget(obj)
            ^^^^^^^^^^^^^^
  File "D:\Odoo\odoo\odoo\http.py", line 2440, in statics
    for module in os.listdir(addons_path):
                  ^^^^^^^^^^^^^^^^^^^^^^^
FileNotFoundError: [WinError 3] The system cannot find the path specified: 'd:\\odoo\\addons'
2026-07-28 06:35:55,608 2396 INFO ? werkzeug: 127.0.0.1 - - [28/Jul/2026 06:35:55] "GET /base/static/img/icons/sale_amazon.png HTTP/1.1" 500 - 0 0.000 0.167
2026-07-28 06:35:55,631 2396 ERROR ? odoo.http: Exception during request handling. 
Traceback (most recent call last):
  File "D:\Odoo\odoo\odoo\http.py", line 2572, in __call__
    if self.get_static_file(httprequest.path):
       ^^^^^^^^^^^^^^^^^^^^^^^^^^^^^^^^^^^^^^
  File "D:\Odoo\odoo\odoo\http.py", line 2471, in get_static_file
    if (static != 'static' or not resource or module not in self.statics):
                                                            ^^^^^^^^^^^^
  File "D:\Odoo\odoo\odoo\tools\func.py", line 42, in __get__
    value = self.fget(obj)
            ^^^^^^^^^^^^^^
  File "D:\Odoo\odoo\odoo\http.py", line 2440, in statics
    for module in os.listdir(addons_path):
                  ^^^^^^^^^^^^^^^^^^^^^^^
FileNotFoundError: [WinError 3] The system cannot find the path specified: 'd:\\odoo\\addons'
2026-07-28 06:35:55,633 2396 INFO ? werkzeug: 127.0.0.1 - - [28/Jul/2026 06:35:55] "GET /hr_contract/static/description/icon.png HTTP/1.1" 500 - 0 0.000 0.161
2026-07-28 06:35:58,830 2396 INFO odoo18 werkzeug: 127.0.0.1 - - [28/Jul/2026 06:35:58] "POST /web/dataset/call_kw/ir.module.module/search_panel_select_range HTTP/1.1" 200 - 58 0.023 0.034
2026-07-28 06:35:59,093 2396 INFO odoo18 werkzeug: 127.0.0.1 - - [28/Jul/2026 06:35:59] "POST /web/dataset/call_kw/ir.module.module/web_search_read HTTP/1.1" 200 - 3 0.003 0.053
2026-07-28 06:35:59,328 2396 ERROR ? odoo.http: Exception during request handling. 
Traceback (most recent call last):
  File "D:\Odoo\odoo\odoo\http.py", line 2572, in __call__
    if self.get_static_file(httprequest.path):
       ^^^^^^^^^^^^^^^^^^^^^^^^^^^^^^^^^^^^^^
  File "D:\Odoo\odoo\odoo\http.py", line 2471, in get_static_file
    if (static != 'static' or not resource or module not in self.statics):
                                                            ^^^^^^^^^^^^
  File "D:\Odoo\odoo\odoo\tools\func.py", line 42, in __get__
    value = self.fget(obj)
            ^^^^^^^^^^^^^^
  File "D:\Odoo\odoo\odoo\http.py", line 2440, in statics
    for module in os.listdir(addons_path):
                  ^^^^^^^^^^^^^^^^^^^^^^^
FileNotFoundError: [WinError 3] The system cannot find the path specified: 'd:\\odoo\\addons'
2026-07-28 06:35:59,329 2396 INFO ? werkzeug: 127.0.0.1 - - [28/Jul/2026 06:35:59] "GET /sale_management/static/description/icon.png HTTP/1.1" 500 - 0 0.000 0.137
2026-07-28 06:35:59,996 2396 ERROR ? odoo.http: Exception during request handling. 
Traceback (most recent call last):
  File "D:\Odoo\odoo\odoo\http.py", line 2572, in __call__
    if self.get_static_file(httprequest.path):
       ^^^^^^^^^^^^^^^^^^^^^^^^^^^^^^^^^^^^^^
  File "D:\Odoo\odoo\odoo\http.py", line 2471, in get_static_file
    if (static != 'static' or not resource or module not in self.statics):
                                                            ^^^^^^^^^^^^
  File "D:\Odoo\odoo\odoo\tools\func.py", line 42, in __get__
    value = self.fget(obj)
            ^^^^^^^^^^^^^^
  File "D:\Odoo\odoo\odoo\http.py", line 2440, in statics
    for module in os.listdir(addons_path):
                  ^^^^^^^^^^^^^^^^^^^^^^^
FileNotFoundError: [WinError 3] The system cannot find the path specified: 'd:\\odoo\\addons'
2026-07-28 06:35:59,998 2396 ERROR ? odoo.http: Exception during request handling. 
Traceback (most recent call last):
  File "D:\Odoo\odoo\odoo\http.py", line 2572, in __call__
    if self.get_static_file(httprequest.path):
       ^^^^^^^^^^^^^^^^^^^^^^^^^^^^^^^^^^^^^^
  File "D:\Odoo\odoo\odoo\http.py", line 2471, in get_static_file
    if (static != 'static' or not resource or module not in self.statics):
                                                            ^^^^^^^^^^^^
  File "D:\Odoo\odoo\odoo\tools\func.py", line 42, in __get__
    value = self.fget(obj)
            ^^^^^^^^^^^^^^
  File "D:\Odoo\odoo\odoo\http.py", line 2440, in statics
    for module in os.listdir(addons_path):
                  ^^^^^^^^^^^^^^^^^^^^^^^
FileNotFoundError: [WinError 3] The system cannot find the path specified: 'd:\\odoo\\addons'
2026-07-28 06:36:00,001 2396 INFO ? werkzeug: 127.0.0.1 - - [28/Jul/2026 06:36:00] "GET /website_sale/static/description/icon.png HTTP/1.1" 500 - 0 0.000 0.491
2026-07-28 06:36:00,004 2396 INFO ? werkzeug: 127.0.0.1 - - [28/Jul/2026 06:36:00] "GET /base/static/img/icons/knowledge.png HTTP/1.1" 500 - 0 0.000 0.495
2026-07-28 06:36:00,009 2396 ERROR ? odoo.http: Exception during request handling. 
Traceback (most recent call last):
  File "D:\Odoo\odoo\odoo\http.py", line 2572, in __call__
    if self.get_static_file(httprequest.path):
       ^^^^^^^^^^^^^^^^^^^^^^^^^^^^^^^^^^^^^^
  File "D:\Odoo\odoo\odoo\http.py", line 2471, in get_static_file
    if (static != 'static' or not resource or module not in self.statics):
                                                            ^^^^^^^^^^^^
  File "D:\Odoo\odoo\odoo\tools\func.py", line 42, in __get__
    value = self.fget(obj)
            ^^^^^^^^^^^^^^
  File "D:\Odoo\odoo\odoo\http.py", line 2440, in statics
    for module in os.listdir(addons_path):
                  ^^^^^^^^^^^^^^^^^^^^^^^
FileNotFoundError: [WinError 3] The system cannot find the path specified: 'd:\\odoo\\addons'
2026-07-28 06:36:00,013 2396 INFO ? werkzeug: 127.0.0.1 - - [28/Jul/2026 06:36:00] "GET /point_of_sale/static/description/icon.png HTTP/1.1" 500 - 0 0.000 0.501
2026-07-28 06:36:00,016 2396 ERROR ? odoo.http: Exception during request handling. 
Traceback (most recent call last):
  File "D:\Odoo\odoo\odoo\http.py", line 2572, in __call__
    if self.get_static_file(httprequest.path):
       ^^^^^^^^^^^^^^^^^^^^^^^^^^^^^^^^^^^^^^
  File "D:\Odoo\odoo\odoo\http.py", line 2471, in get_static_file
    if (static != 'static' or not resource or module not in self.statics):
                                                            ^^^^^^^^^^^^
  File "D:\Odoo\odoo\odoo\tools\func.py", line 42, in __get__
    value = self.fget(obj)
            ^^^^^^^^^^^^^^
  File "D:\Odoo\odoo\odoo\http.py", line 2440, in statics
    for module in os.listdir(addons_path):
                  ^^^^^^^^^^^^^^^^^^^^^^^
FileNotFoundError: [WinError 3] The system cannot find the path specified: 'd:\\odoo\\addons'
2026-07-28 06:36:00,019 2396 INFO ? werkzeug: 127.0.0.1 - - [28/Jul/2026 06:36:00] "GET /project/static/description/icon.png HTTP/1.1" 500 - 0 0.000 0.510
2026-07-28 06:36:00,020 2396 ERROR ? odoo.http: Exception during request handling. 
Traceback (most recent call last):
  File "D:\Odoo\odoo\odoo\http.py", line 2572, in __call__
    if self.get_static_file(httprequest.path):
       ^^^^^^^^^^^^^^^^^^^^^^^^^^^^^^^^^^^^^^
  File "D:\Odoo\odoo\odoo\http.py", line 2471, in get_static_file
    if (static != 'static' or not resource or module not in self.statics):
                                                            ^^^^^^^^^^^^
  File "D:\Odoo\odoo\odoo\tools\func.py", line 42, in __get__
    value = self.fget(obj)
            ^^^^^^^^^^^^^^
  File "D:\Odoo\odoo\odoo\http.py", line 2440, in statics
    for module in os.listdir(addons_path):
                  ^^^^^^^^^^^^^^^^^^^^^^^
FileNotFoundError: [WinError 3] The system cannot find the path specified: 'd:\\odoo\\addons'
2026-07-28 06:36:00,022 2396 INFO ? werkzeug: 127.0.0.1 - - [28/Jul/2026 06:36:00] "GET /purchase/static/description/icon.png HTTP/1.1" 500 - 0 0.000 0.512
2026-07-28 06:36:00,073 2396 ERROR ? odoo.http: Exception during request handling. 
Traceback (most recent call last):
  File "D:\Odoo\odoo\odoo\http.py", line 2572, in __call__
    if self.get_static_file(httprequest.path):
       ^^^^^^^^^^^^^^^^^^^^^^^^^^^^^^^^^^^^^^
  File "D:\Odoo\odoo\odoo\http.py", line 2471, in get_static_file
    if (static != 'static' or not resource or module not in self.statics):
                                                            ^^^^^^^^^^^^
  File "D:\Odoo\odoo\odoo\tools\func.py", line 42, in __get__
    value = self.fget(obj)
            ^^^^^^^^^^^^^^
  File "D:\Odoo\odoo\odoo\http.py", line 2440, in statics
    for module in os.listdir(addons_path):
                  ^^^^^^^^^^^^^^^^^^^^^^^
FileNotFoundError: [WinError 3] The system cannot find the path specified: 'd:\\odoo\\addons'
2026-07-28 06:36:00,074 2396 INFO ? werkzeug: 127.0.0.1 - - [28/Jul/2026 06:36:00] "GET /mass_mailing/static/description/icon.png HTTP/1.1" 500 - 0 0.000 0.439
2026-07-28 06:36:00,493 2396 INFO odoo18 werkzeug: 127.0.0.1 - - [28/Jul/2026 06:36:00] "POST /web/dataset/call_kw/ir.module.module/search_panel_select_range HTTP/1.1" 200 - 58 0.076 0.032
2026-07-28 06:36:00,767 2396 ERROR ? odoo.http: Exception during request handling. 
Traceback (most recent call last):
  File "D:\Odoo\odoo\odoo\http.py", line 2572, in __call__
    if self.get_static_file(httprequest.path):
       ^^^^^^^^^^^^^^^^^^^^^^^^^^^^^^^^^^^^^^
  File "D:\Odoo\odoo\odoo\http.py", line 2471, in get_static_file
    if (static != 'static' or not resource or module not in self.statics):
                                                            ^^^^^^^^^^^^
  File "D:\Odoo\odoo\odoo\tools\func.py", line 42, in __get__
    value = self.fget(obj)
            ^^^^^^^^^^^^^^
  File "D:\Odoo\odoo\odoo\http.py", line 2440, in statics
    for module in os.listdir(addons_path):
                  ^^^^^^^^^^^^^^^^^^^^^^^
FileNotFoundError: [WinError 3] The system cannot find the path specified: 'd:\\odoo\\addons'
2026-07-28 06:36:00,769 2396 INFO ? werkzeug: 127.0.0.1 - - [28/Jul/2026 06:36:00] "GET /hr_expense/static/description/icon.png HTTP/1.1" 500 - 0 0.000 0.460
2026-07-28 06:36:00,792 2396 ERROR ? odoo.http: Exception during request handling. 
Traceback (most recent call last):
  File "D:\Odoo\odoo\odoo\http.py", line 2572, in __call__
    if self.get_static_file(httprequest.path):
       ^^^^^^^^^^^^^^^^^^^^^^^^^^^^^^^^^^^^^^
  File "D:\Odoo\odoo\odoo\http.py", line 2471, in get_static_file
    if (static != 'static' or not resource or module not in self.statics):
                                                            ^^^^^^^^^^^^
  File "D:\Odoo\odoo\odoo\tools\func.py", line 42, in __get__
    value = self.fget(obj)
            ^^^^^^^^^^^^^^
  File "D:\Odoo\odoo\odoo\http.py", line 2440, in statics
    for module in os.listdir(addons_path):
                  ^^^^^^^^^^^^^^^^^^^^^^^
FileNotFoundError: [WinError 3] The system cannot find the path specified: 'd:\\odoo\\addons'
2026-07-28 06:36:00,794 2396 INFO ? werkzeug: 127.0.0.1 - - [28/Jul/2026 06:36:00] "GET /base/static/img/icons/web_studio.png HTTP/1.1" 500 - 0 0.000 0.474
2026-07-28 06:36:00,803 2396 ERROR ? odoo.http: Exception during request handling. 
Traceback (most recent call last):
  File "D:\Odoo\odoo\odoo\http.py", line 2572, in __call__
    if self.get_static_file(httprequest.path):
       ^^^^^^^^^^^^^^^^^^^^^^^^^^^^^^^^^^^^^^
  File "D:\Odoo\odoo\odoo\http.py", line 2471, in get_static_file
    if (static != 'static' or not resource or module not in self.statics):
                                                            ^^^^^^^^^^^^
  File "D:\Odoo\odoo\odoo\tools\func.py", line 42, in __get__
    value = self.fget(obj)
            ^^^^^^^^^^^^^^
  File "D:\Odoo\odoo\odoo\http.py", line 2440, in statics
    for module in os.listdir(addons_path):
                  ^^^^^^^^^^^^^^^^^^^^^^^
FileNotFoundError: [WinError 3] The system cannot find the path specified: 'd:\\odoo\\addons'
2026-07-28 06:36:00,805 2396 INFO ? werkzeug: 127.0.0.1 - - [28/Jul/2026 06:36:00] "GET /base/static/img/icons/timesheet_grid.png HTTP/1.1" 500 - 0 0.000 0.487
2026-07-28 06:36:00,833 2396 ERROR ? odoo.http: Exception during request handling. 
Traceback (most recent call last):
  File "D:\Odoo\odoo\odoo\http.py", line 2572, in __call__
    if self.get_static_file(httprequest.path):
       ^^^^^^^^^^^^^^^^^^^^^^^^^^^^^^^^^^^^^^
  File "D:\Odoo\odoo\odoo\http.py", line 2471, in get_static_file
    if (static != 'static' or not resource or module not in self.statics):
                                                            ^^^^^^^^^^^^
  File "D:\Odoo\odoo\odoo\tools\func.py", line 42, in __get__
    value = self.fget(obj)
            ^^^^^^^^^^^^^^
  File "D:\Odoo\odoo\odoo\http.py", line 2440, in statics
    for module in os.listdir(addons_path):
                  ^^^^^^^^^^^^^^^^^^^^^^^
FileNotFoundError: [WinError 3] The system cannot find the path specified: 'd:\\odoo\\addons'
2026-07-28 06:36:00,835 2396 INFO ? werkzeug: 127.0.0.1 - - [28/Jul/2026 06:36:00] "GET /mrp/static/description/icon.png HTTP/1.1" 500 - 0 0.000 0.498
2026-07-28 06:36:00,839 2396 ERROR ? odoo.http: Exception during request handling. 
Traceback (most recent call last):
  File "D:\Odoo\odoo\odoo\http.py", line 2572, in __call__
    if self.get_static_file(httprequest.path):
       ^^^^^^^^^^^^^^^^^^^^^^^^^^^^^^^^^^^^^^
  File "D:\Odoo\odoo\odoo\http.py", line 2471, in get_static_file
    if (static != 'static' or not resource or module not in self.statics):
                                                            ^^^^^^^^^^^^
  File "D:\Odoo\odoo\odoo\tools\func.py", line 42, in __get__
    value = self.fget(obj)
            ^^^^^^^^^^^^^^
  File "D:\Odoo\odoo\odoo\http.py", line 2440, in statics
    for module in os.listdir(addons_path):
                  ^^^^^^^^^^^^^^^^^^^^^^^
FileNotFoundError: [WinError 3] The system cannot find the path specified: 'd:\\odoo\\addons'
2026-07-28 06:36:00,841 2396 INFO ? werkzeug: 127.0.0.1 - - [28/Jul/2026 06:36:00] "GET /base/static/img/icons/account_accountant.png HTTP/1.1" 500 - 0 0.000 0.506
2026-07-28 06:36:00,901 2396 INFO odoo18 werkzeug: 127.0.0.1 - - [28/Jul/2026 06:36:00] "POST /web/dataset/call_kw/ir.module.module/web_search_read HTTP/1.1" 200 - 4 0.007 0.095
2026-07-28 06:36:01,422 2396 ERROR ? odoo.http: Exception during request handling. 
Traceback (most recent call last):
  File "D:\Odoo\odoo\odoo\http.py", line 2572, in __call__
    if self.get_static_file(httprequest.path):
       ^^^^^^^^^^^^^^^^^^^^^^^^^^^^^^^^^^^^^^
  File "D:\Odoo\odoo\odoo\http.py", line 2471, in get_static_file
    if (static != 'static' or not resource or module not in self.statics):
                                                            ^^^^^^^^^^^^
  File "D:\Odoo\odoo\odoo\tools\func.py", line 42, in __get__
    value = self.fget(obj)
            ^^^^^^^^^^^^^^
  File "D:\Odoo\odoo\odoo\http.py", line 2440, in statics
    for module in os.listdir(addons_path):
                  ^^^^^^^^^^^^^^^^^^^^^^^
FileNotFoundError: [WinError 3] The system cannot find the path specified: 'd:\\odoo\\addons'
2026-07-28 06:36:01,426 2396 INFO ? werkzeug: 127.0.0.1 - - [28/Jul/2026 06:36:01] "GET /website_sale/static/description/icon.png HTTP/1.1" 500 - 0 0.000 0.351
2026-07-28 06:36:01,547 2396 ERROR ? odoo.http: Exception during request handling. 
Traceback (most recent call last):
  File "D:\Odoo\odoo\odoo\http.py", line 2572, in __call__
    if self.get_static_file(httprequest.path):
       ^^^^^^^^^^^^^^^^^^^^^^^^^^^^^^^^^^^^^^
  File "D:\Odoo\odoo\odoo\http.py", line 2471, in get_static_file
    if (static != 'static' or not resource or module not in self.statics):
                                                            ^^^^^^^^^^^^
  File "D:\Odoo\odoo\odoo\tools\func.py", line 42, in __get__
    value = self.fget(obj)
            ^^^^^^^^^^^^^^
  File "D:\Odoo\odoo\odoo\http.py", line 2440, in statics
    for module in os.listdir(addons_path):
                  ^^^^^^^^^^^^^^^^^^^^^^^
FileNotFoundError: [WinError 3] The system cannot find the path specified: 'd:\\odoo\\addons'
2026-07-28 06:36:01,551 2396 INFO ? werkzeug: 127.0.0.1 - - [28/Jul/2026 06:36:01] "GET /purchase/static/description/icon.png HTTP/1.1" 500 - 0 0.000 0.444
2026-07-28 06:36:01,581 2396 ERROR ? odoo.http: Exception during request handling. 
Traceback (most recent call last):
  File "D:\Odoo\odoo\odoo\http.py", line 2572, in __call__
    if self.get_static_file(httprequest.path):
       ^^^^^^^^^^^^^^^^^^^^^^^^^^^^^^^^^^^^^^
  File "D:\Odoo\odoo\odoo\http.py", line 2471, in get_static_file
    if (static != 'static' or not resource or module not in self.statics):
                                                            ^^^^^^^^^^^^
  File "D:\Odoo\odoo\odoo\tools\func.py", line 42, in __get__
    value = self.fget(obj)
            ^^^^^^^^^^^^^^
  File "D:\Odoo\odoo\odoo\http.py", line 2440, in statics
    for module in os.listdir(addons_path):
                  ^^^^^^^^^^^^^^^^^^^^^^^
FileNotFoundError: [WinError 3] The system cannot find the path specified: 'd:\\odoo\\addons'
2026-07-28 06:36:01,583 2396 INFO ? werkzeug: 127.0.0.1 - - [28/Jul/2026 06:36:01] "GET /hr_expense/static/description/icon.png HTTP/1.1" 500 - 0 0.000 0.461
2026-07-28 06:36:01,635 2396 ERROR ? odoo.http: Exception during request handling. 
Traceback (most recent call last):
  File "D:\Odoo\odoo\odoo\http.py", line 2572, in __call__
    if self.get_static_file(httprequest.path):
       ^^^^^^^^^^^^^^^^^^^^^^^^^^^^^^^^^^^^^^
  File "D:\Odoo\odoo\odoo\http.py", line 2471, in get_static_file
    if (static != 'static' or not resource or module not in self.statics):
                                                            ^^^^^^^^^^^^
  File "D:\Odoo\odoo\odoo\tools\func.py", line 42, in __get__
    value = self.fget(obj)
            ^^^^^^^^^^^^^^
  File "D:\Odoo\odoo\odoo\http.py", line 2440, in statics
    for module in os.listdir(addons_path):
                  ^^^^^^^^^^^^^^^^^^^^^^^
FileNotFoundError: [WinError 3] The system cannot find the path specified: 'd:\\odoo\\addons'
2026-07-28 06:36:01,637 2396 INFO ? werkzeug: 127.0.0.1 - - [28/Jul/2026 06:36:01] "GET /mass_mailing/static/description/icon.png HTTP/1.1" 500 - 0 0.000 0.479
2026-07-28 06:36:01,641 2396 ERROR ? odoo.http: Exception during request handling. 
Traceback (most recent call last):
  File "D:\Odoo\odoo\odoo\http.py", line 2572, in __call__
    if self.get_static_file(httprequest.path):
       ^^^^^^^^^^^^^^^^^^^^^^^^^^^^^^^^^^^^^^
  File "D:\Odoo\odoo\odoo\http.py", line 2471, in get_static_file
    if (static != 'static' or not resource or module not in self.statics):
                                                            ^^^^^^^^^^^^
  File "D:\Odoo\odoo\odoo\tools\func.py", line 42, in __get__
    value = self.fget(obj)
            ^^^^^^^^^^^^^^
  File "D:\Odoo\odoo\odoo\http.py", line 2440, in statics
    for module in os.listdir(addons_path):
                  ^^^^^^^^^^^^^^^^^^^^^^^
FileNotFoundError: [WinError 3] The system cannot find the path specified: 'd:\\odoo\\addons'
2026-07-28 06:36:01,643 2396 INFO ? werkzeug: 127.0.0.1 - - [28/Jul/2026 06:36:01] "GET /base/static/img/icons/timesheet_grid.png HTTP/1.1" 500 - 0 0.000 0.487
2026-07-28 06:36:01,662 2396 ERROR ? odoo.http: Exception during request handling. 
Traceback (most recent call last):
  File "D:\Odoo\odoo\odoo\http.py", line 2572, in __call__
    if self.get_static_file(httprequest.path):
       ^^^^^^^^^^^^^^^^^^^^^^^^^^^^^^^^^^^^^^
  File "D:\Odoo\odoo\odoo\http.py", line 2471, in get_static_file
    if (static != 'static' or not resource or module not in self.statics):
                                                            ^^^^^^^^^^^^
  File "D:\Odoo\odoo\odoo\tools\func.py", line 42, in __get__
    value = self.fget(obj)
            ^^^^^^^^^^^^^^
  File "D:\Odoo\odoo\odoo\http.py", line 2440, in statics
    for module in os.listdir(addons_path):
                  ^^^^^^^^^^^^^^^^^^^^^^^
FileNotFoundError: [WinError 3] The system cannot find the path specified: 'd:\\odoo\\addons'
2026-07-28 06:36:01,663 2396 INFO ? werkzeug: 127.0.0.1 - - [28/Jul/2026 06:36:01] "GET /point_of_sale/static/description/icon.png HTTP/1.1" 500 - 0 0.000 0.446
2026-07-28 06:36:01,858 2396 ERROR ? odoo.http: Exception during request handling. 
Traceback (most recent call last):
  File "D:\Odoo\odoo\odoo\http.py", line 2572, in __call__
    if self.get_static_file(httprequest.path):
       ^^^^^^^^^^^^^^^^^^^^^^^^^^^^^^^^^^^^^^
  File "D:\Odoo\odoo\odoo\http.py", line 2471, in get_static_file
    if (static != 'static' or not resource or module not in self.statics):
                                                            ^^^^^^^^^^^^
  File "D:\Odoo\odoo\odoo\tools\func.py", line 42, in __get__
    value = self.fget(obj)
            ^^^^^^^^^^^^^^
  File "D:\Odoo\odoo\odoo\http.py", line 2440, in statics
    for module in os.listdir(addons_path):
                  ^^^^^^^^^^^^^^^^^^^^^^^
FileNotFoundError: [WinError 3] The system cannot find the path specified: 'd:\\odoo\\addons'
2026-07-28 06:36:01,859 2396 INFO ? werkzeug: 127.0.0.1 - - [28/Jul/2026 06:36:01] "GET /base/static/img/icons/account_accountant.png HTTP/1.1" 500 - 0 0.000 0.125
2026-07-28 06:36:02,097 2396 ERROR ? odoo.http: Exception during request handling. 
Traceback (most recent call last):
  File "D:\Odoo\odoo\odoo\http.py", line 2572, in __call__
    if self.get_static_file(httprequest.path):
       ^^^^^^^^^^^^^^^^^^^^^^^^^^^^^^^^^^^^^^
  File "D:\Odoo\odoo\odoo\http.py", line 2471, in get_static_file
    if (static != 'static' or not resource or module not in self.statics):
                                                            ^^^^^^^^^^^^
  File "D:\Odoo\odoo\odoo\tools\func.py", line 42, in __get__
    value = self.fget(obj)
            ^^^^^^^^^^^^^^
  File "D:\Odoo\odoo\odoo\http.py", line 2440, in statics
    for module in os.listdir(addons_path):
                  ^^^^^^^^^^^^^^^^^^^^^^^
FileNotFoundError: [WinError 3] The system cannot find the path specified: 'd:\\odoo\\addons'
2026-07-28 06:36:02,100 2396 INFO ? werkzeug: 127.0.0.1 - - [28/Jul/2026 06:36:02] "GET /mrp/static/description/icon.png HTTP/1.1" 500 - 0 0.000 0.239
2026-07-28 06:36:02,196 2396 ERROR ? odoo.http: Exception during request handling. 
Traceback (most recent call last):
  File "D:\Odoo\odoo\odoo\http.py", line 2572, in __call__
    if self.get_static_file(httprequest.path):
       ^^^^^^^^^^^^^^^^^^^^^^^^^^^^^^^^^^^^^^
  File "D:\Odoo\odoo\odoo\http.py", line 2471, in get_static_file
    if (static != 'static' or not resource or module not in self.statics):
                                                            ^^^^^^^^^^^^
  File "D:\Odoo\odoo\odoo\tools\func.py", line 42, in __get__
    value = self.fget(obj)
            ^^^^^^^^^^^^^^
  File "D:\Odoo\odoo\odoo\http.py", line 2440, in statics
    for module in os.listdir(addons_path):
                  ^^^^^^^^^^^^^^^^^^^^^^^
FileNotFoundError: [WinError 3] The system cannot find the path specified: 'd:\\odoo\\addons'
2026-07-28 06:36:02,199 2396 INFO ? werkzeug: 127.0.0.1 - - [28/Jul/2026 06:36:02] "GET /base/static/img/icons/knowledge.png HTTP/1.1" 500 - 0 0.000 0.304
2026-07-28 06:36:02,297 2396 ERROR ? odoo.http: Exception during request handling. 
Traceback (most recent call last):
  File "D:\Odoo\odoo\odoo\http.py", line 2572, in __call__
    if self.get_static_file(httprequest.path):
       ^^^^^^^^^^^^^^^^^^^^^^^^^^^^^^^^^^^^^^
  File "D:\Odoo\odoo\odoo\http.py", line 2471, in get_static_file
    if (static != 'static' or not resource or module not in self.statics):
                                                            ^^^^^^^^^^^^
  File "D:\Odoo\odoo\odoo\tools\func.py", line 42, in __get__
    value = self.fget(obj)
            ^^^^^^^^^^^^^^
  File "D:\Odoo\odoo\odoo\http.py", line 2440, in statics
    for module in os.listdir(addons_path):
                  ^^^^^^^^^^^^^^^^^^^^^^^
FileNotFoundError: [WinError 3] The system cannot find the path specified: 'd:\\odoo\\addons'
2026-07-28 06:36:02,299 2396 INFO ? werkzeug: 127.0.0.1 - - [28/Jul/2026 06:36:02] "GET /project/static/description/icon.png HTTP/1.1" 500 - 0 0.000 0.358
2026-07-28 06:36:02,328 2396 ERROR ? odoo.http: Exception during request handling. 
Traceback (most recent call last):
  File "D:\Odoo\odoo\odoo\http.py", line 2572, in __call__
    if self.get_static_file(httprequest.path):
       ^^^^^^^^^^^^^^^^^^^^^^^^^^^^^^^^^^^^^^
  File "D:\Odoo\odoo\odoo\http.py", line 2471, in get_static_file
    if (static != 'static' or not resource or module not in self.statics):
                                                            ^^^^^^^^^^^^
  File "D:\Odoo\odoo\odoo\tools\func.py", line 42, in __get__
    value = self.fget(obj)
            ^^^^^^^^^^^^^^
  File "D:\Odoo\odoo\odoo\http.py", line 2440, in statics
    for module in os.listdir(addons_path):
                  ^^^^^^^^^^^^^^^^^^^^^^^
FileNotFoundError: [WinError 3] The system cannot find the path specified: 'd:\\odoo\\addons'
2026-07-28 06:36:02,330 2396 INFO ? werkzeug: 127.0.0.1 - - [28/Jul/2026 06:36:02] "GET /base/static/img/icons/web_studio.png HTTP/1.1" 500 - 0 0.000 0.373
2026-07-28 06:36:02,337 2396 ERROR ? odoo.http: Exception during request handling. 
Traceback (most recent call last):
  File "D:\Odoo\odoo\odoo\http.py", line 2572, in __call__
    if self.get_static_file(httprequest.path):
       ^^^^^^^^^^^^^^^^^^^^^^^^^^^^^^^^^^^^^^
  File "D:\Odoo\odoo\odoo\http.py", line 2471, in get_static_file
    if (static != 'static' or not resource or module not in self.statics):
                                                            ^^^^^^^^^^^^
  File "D:\Odoo\odoo\odoo\tools\func.py", line 42, in __get__
    value = self.fget(obj)
            ^^^^^^^^^^^^^^
  File "D:\Odoo\odoo\odoo\http.py", line 2440, in statics
    for module in os.listdir(addons_path):
                  ^^^^^^^^^^^^^^^^^^^^^^^
FileNotFoundError: [WinError 3] The system cannot find the path specified: 'd:\\odoo\\addons'
2026-07-28 06:36:02,339 2396 INFO ? werkzeug: 127.0.0.1 - - [28/Jul/2026 06:36:02] "GET /sale_management/static/description/icon.png HTTP/1.1" 500 - 0 0.000 0.364
2026-07-28 06:36:02,407 2396 ERROR ? odoo.http: Exception during request handling. 
Traceback (most recent call last):
  File "D:\Odoo\odoo\odoo\http.py", line 2572, in __call__
    if self.get_static_file(httprequest.path):
       ^^^^^^^^^^^^^^^^^^^^^^^^^^^^^^^^^^^^^^
  File "D:\Odoo\odoo\odoo\http.py", line 2471, in get_static_file
    if (static != 'static' or not resource or module not in self.statics):
                                                            ^^^^^^^^^^^^
  File "D:\Odoo\odoo\odoo\tools\func.py", line 42, in __get__
    value = self.fget(obj)
            ^^^^^^^^^^^^^^
  File "D:\Odoo\odoo\odoo\http.py", line 2440, in statics
    for module in os.listdir(addons_path):
                  ^^^^^^^^^^^^^^^^^^^^^^^
FileNotFoundError: [WinError 3] The system cannot find the path specified: 'd:\\odoo\\addons'
2026-07-28 06:36:02,408 2396 INFO ? werkzeug: 127.0.0.1 - - [28/Jul/2026 06:36:02] "GET /pos_restaurant/static/description/icon.png HTTP/1.1" 500 - 0 0.000 0.231
2026-07-28 06:36:02,542 2396 ERROR ? odoo.http: Exception during request handling. 
Traceback (most recent call last):
  File "D:\Odoo\odoo\odoo\http.py", line 2572, in __call__
    if self.get_static_file(httprequest.path):
       ^^^^^^^^^^^^^^^^^^^^^^^^^^^^^^^^^^^^^^
  File "D:\Odoo\odoo\odoo\http.py", line 2471, in get_static_file
    if (static != 'static' or not resource or module not in self.statics):
                                                            ^^^^^^^^^^^^
  File "D:\Odoo\odoo\odoo\tools\func.py", line 42, in __get__
    value = self.fget(obj)
            ^^^^^^^^^^^^^^
  File "D:\Odoo\odoo\odoo\http.py", line 2440, in statics
    for module in os.listdir(addons_path):
                  ^^^^^^^^^^^^^^^^^^^^^^^
FileNotFoundError: [WinError 3] The system cannot find the path specified: 'd:\\odoo\\addons'
2026-07-28 06:36:02,544 2396 INFO ? werkzeug: 127.0.0.1 - - [28/Jul/2026 06:36:02] "GET /account/static/description/icon.png HTTP/1.1" 500 - 0 0.000 0.134
2026-07-28 06:36:02,675 2396 ERROR ? odoo.http: Exception during request handling. 
Traceback (most recent call last):
  File "D:\Odoo\odoo\odoo\http.py", line 2572, in __call__
    if self.get_static_file(httprequest.path):
       ^^^^^^^^^^^^^^^^^^^^^^^^^^^^^^^^^^^^^^
  File "D:\Odoo\odoo\odoo\http.py", line 2471, in get_static_file
    if (static != 'static' or not resource or module not in self.statics):
                                                            ^^^^^^^^^^^^
  File "D:\Odoo\odoo\odoo\tools\func.py", line 42, in __get__
    value = self.fget(obj)
            ^^^^^^^^^^^^^^
  File "D:\Odoo\odoo\odoo\http.py", line 2440, in statics
    for module in os.listdir(addons_path):
                  ^^^^^^^^^^^^^^^^^^^^^^^
FileNotFoundError: [WinError 3] The system cannot find the path specified: 'd:\\odoo\\addons'
2026-07-28 06:36:02,678 2396 INFO ? werkzeug: 127.0.0.1 - - [28/Jul/2026 06:36:02] "GET /base/static/img/icons/mrp_workorder.png HTTP/1.1" 500 - 0 0.000 0.171
2026-07-28 06:36:02,704 2396 INFO odoo18 werkzeug: 127.0.0.1 - - [28/Jul/2026 06:36:02] "POST /web/dataset/call_kw/ir.module.module/search_panel_select_range HTTP/1.1" 200 - 58 0.057 0.031
2026-07-28 06:36:02,757 2396 INFO odoo18 werkzeug: 127.0.0.1 - - [28/Jul/2026 06:36:02] "POST /web/dataset/call_kw/ir.module.module/web_search_read HTTP/1.1" 200 - 3 0.008 0.022
2026-07-28 06:36:02,845 2396 ERROR ? odoo.http: Exception during request handling. 
Traceback (most recent call last):
  File "D:\Odoo\odoo\odoo\http.py", line 2572, in __call__
    if self.get_static_file(httprequest.path):
       ^^^^^^^^^^^^^^^^^^^^^^^^^^^^^^^^^^^^^^
  File "D:\Odoo\odoo\odoo\http.py", line 2471, in get_static_file
    if (static != 'static' or not resource or module not in self.statics):
                                                            ^^^^^^^^^^^^
  File "D:\Odoo\odoo\odoo\tools\func.py", line 42, in __get__
    value = self.fget(obj)
            ^^^^^^^^^^^^^^
  File "D:\Odoo\odoo\odoo\http.py", line 2440, in statics
    for module in os.listdir(addons_path):
                  ^^^^^^^^^^^^^^^^^^^^^^^
FileNotFoundError: [WinError 3] The system cannot find the path specified: 'd:\\odoo\\addons'
2026-07-28 06:36:02,847 2396 INFO ? werkzeug: 127.0.0.1 - - [28/Jul/2026 06:36:02] "GET /website/static/description/icon.png HTTP/1.1" 500 - 0 0.000 0.200
2026-07-28 06:36:02,847 2396 ERROR ? odoo.http: Exception during request handling. 
Traceback (most recent call last):
  File "D:\Odoo\odoo\odoo\http.py", line 2572, in __call__
    if self.get_static_file(httprequest.path):
       ^^^^^^^^^^^^^^^^^^^^^^^^^^^^^^^^^^^^^^
  File "D:\Odoo\odoo\odoo\http.py", line 2471, in get_static_file
    if (static != 'static' or not resource or module not in self.statics):
                                                            ^^^^^^^^^^^^
  File "D:\Odoo\odoo\odoo\tools\func.py", line 42, in __get__
    value = self.fget(obj)
            ^^^^^^^^^^^^^^
  File "D:\Odoo\odoo\odoo\http.py", line 2440, in statics
    for module in os.listdir(addons_path):
                  ^^^^^^^^^^^^^^^^^^^^^^^
FileNotFoundError: [WinError 3] The system cannot find the path specified: 'd:\\odoo\\addons'
2026-07-28 06:36:02,849 2396 INFO ? werkzeug: 127.0.0.1 - - [28/Jul/2026 06:36:02] "GET /stock/static/description/icon.png HTTP/1.1" 500 - 0 0.000 0.199
2026-07-28 06:36:02,976 2396 ERROR ? odoo.http: Exception during request handling. 
Traceback (most recent call last):
  File "D:\Odoo\odoo\odoo\http.py", line 2572, in __call__
    if self.get_static_file(httprequest.path):
       ^^^^^^^^^^^^^^^^^^^^^^^^^^^^^^^^^^^^^^
  File "D:\Odoo\odoo\odoo\http.py", line 2471, in get_static_file
    if (static != 'static' or not resource or module not in self.statics):
                                                            ^^^^^^^^^^^^
  File "D:\Odoo\odoo\odoo\tools\func.py", line 42, in __get__
    value = self.fget(obj)
            ^^^^^^^^^^^^^^
  File "D:\Odoo\odoo\odoo\http.py", line 2440, in statics
    for module in os.listdir(addons_path):
                  ^^^^^^^^^^^^^^^^^^^^^^^
FileNotFoundError: [WinError 3] The system cannot find the path specified: 'd:\\odoo\\addons'
2026-07-28 06:36:02,977 2396 INFO ? werkzeug: 127.0.0.1 - - [28/Jul/2026 06:36:02] "GET /muk_mcp/static/description/icon.png HTTP/1.1" 500 - 0 0.000 0.127
2026-07-28 06:36:03,188 2396 ERROR ? odoo.http: Exception during request handling. 
Traceback (most recent call last):
  File "D:\Odoo\odoo\odoo\http.py", line 2572, in __call__
    if self.get_static_file(httprequest.path):
       ^^^^^^^^^^^^^^^^^^^^^^^^^^^^^^^^^^^^^^
  File "D:\Odoo\odoo\odoo\http.py", line 2471, in get_static_file
    if (static != 'static' or not resource or module not in self.statics):
                                                            ^^^^^^^^^^^^
  File "D:\Odoo\odoo\odoo\tools\func.py", line 42, in __get__
    value = self.fget(obj)
            ^^^^^^^^^^^^^^
  File "D:\Odoo\odoo\odoo\http.py", line 2440, in statics
    for module in os.listdir(addons_path):
                  ^^^^^^^^^^^^^^^^^^^^^^^
FileNotFoundError: [WinError 3] The system cannot find the path specified: 'd:\\odoo\\addons'
2026-07-28 06:36:03,190 2396 INFO ? werkzeug: 127.0.0.1 - - [28/Jul/2026 06:36:03] "GET /llm_mcp_server/static/description/icon.png HTTP/1.1" 500 - 0 0.000 0.194
2026-07-28 06:36:03,225 2396 ERROR ? odoo.http: Exception during request handling. 
Traceback (most recent call last):
  File "D:\Odoo\odoo\odoo\http.py", line 2572, in __call__
    if self.get_static_file(httprequest.path):
       ^^^^^^^^^^^^^^^^^^^^^^^^^^^^^^^^^^^^^^
  File "D:\Odoo\odoo\odoo\http.py", line 2471, in get_static_file
    if (static != 'static' or not resource or module not in self.statics):
                                                            ^^^^^^^^^^^^
  File "D:\Odoo\odoo\odoo\tools\func.py", line 42, in __get__
    value = self.fget(obj)
            ^^^^^^^^^^^^^^
  File "D:\Odoo\odoo\odoo\http.py", line 2440, in statics
    for module in os.listdir(addons_path):
                  ^^^^^^^^^^^^^^^^^^^^^^^
FileNotFoundError: [WinError 3] The system cannot find the path specified: 'd:\\odoo\\addons'
2026-07-28 06:36:03,228 2396 INFO ? werkzeug: 127.0.0.1 - - [28/Jul/2026 06:36:03] "GET /mcp_connector/static/description/icon.png HTTP/1.1" 500 - 0 0.000 0.215
2026-07-28 06:36:03,323 2396 ERROR ? odoo.http: Exception during request handling. 
Traceback (most recent call last):
  File "D:\Odoo\odoo\odoo\http.py", line 2572, in __call__
    if self.get_static_file(httprequest.path):
       ^^^^^^^^^^^^^^^^^^^^^^^^^^^^^^^^^^^^^^
  File "D:\Odoo\odoo\odoo\http.py", line 2471, in get_static_file
    if (static != 'static' or not resource or module not in self.statics):
                                                            ^^^^^^^^^^^^
  File "D:\Odoo\odoo\odoo\tools\func.py", line 42, in __get__
    value = self.fget(obj)
            ^^^^^^^^^^^^^^
  File "D:\Odoo\odoo\odoo\http.py", line 2440, in statics
    for module in os.listdir(addons_path):
                  ^^^^^^^^^^^^^^^^^^^^^^^
FileNotFoundError: [WinError 3] The system cannot find the path specified: 'd:\\odoo\\addons'
2026-07-28 06:36:03,326 2396 INFO ? werkzeug: 127.0.0.1 - - [28/Jul/2026 06:36:03] "GET /hr_holidays/static/description/icon.png HTTP/1.1" 500 - 0 0.000 0.248
2026-07-28 06:36:03,422 2396 ERROR ? odoo.http: Exception during request handling. 
Traceback (most recent call last):
  File "D:\Odoo\odoo\odoo\http.py", line 2572, in __call__
    if self.get_static_file(httprequest.path):
       ^^^^^^^^^^^^^^^^^^^^^^^^^^^^^^^^^^^^^^
  File "D:\Odoo\odoo\odoo\http.py", line 2471, in get_static_file
    if (static != 'static' or not resource or module not in self.statics):
                                                            ^^^^^^^^^^^^
  File "D:\Odoo\odoo\odoo\tools\func.py", line 42, in __get__
    value = self.fget(obj)
            ^^^^^^^^^^^^^^
  File "D:\Odoo\odoo\odoo\http.py", line 2440, in statics
    for module in os.listdir(addons_path):
                  ^^^^^^^^^^^^^^^^^^^^^^^
FileNotFoundError: [WinError 3] The system cannot find the path specified: 'd:\\odoo\\addons'
2026-07-28 06:36:03,425 2396 ERROR ? odoo.http: Exception during request handling. 
Traceback (most recent call last):
  File "D:\Odoo\odoo\odoo\http.py", line 2572, in __call__
    if self.get_static_file(httprequest.path):
       ^^^^^^^^^^^^^^^^^^^^^^^^^^^^^^^^^^^^^^
  File "D:\Odoo\odoo\odoo\http.py", line 2471, in get_static_file
    if (static != 'static' or not resource or module not in self.statics):
                                                            ^^^^^^^^^^^^
  File "D:\Odoo\odoo\odoo\tools\func.py", line 42, in __get__
    value = self.fget(obj)
            ^^^^^^^^^^^^^^
  File "D:\Odoo\odoo\odoo\http.py", line 2440, in statics
    for module in os.listdir(addons_path):
                  ^^^^^^^^^^^^^^^^^^^^^^^
FileNotFoundError: [WinError 3] The system cannot find the path specified: 'd:\\odoo\\addons'
2026-07-28 06:36:03,425 2396 INFO ? werkzeug: 127.0.0.1 - - [28/Jul/2026 06:36:03] "GET /hr_recruitment/static/description/icon.png HTTP/1.1" 500 - 0 0.000 0.267
2026-07-28 06:36:03,426 2396 INFO ? werkzeug: 127.0.0.1 - - [28/Jul/2026 06:36:03] "GET /base/static/img/icons/industry_fsm.png HTTP/1.1" 500 - 0 0.000 0.266
2026-07-28 06:36:03,493 2396 ERROR ? odoo.http: Exception during request handling. 
Traceback (most recent call last):
  File "D:\Odoo\odoo\odoo\http.py", line 2572, in __call__
    if self.get_static_file(httprequest.path):
       ^^^^^^^^^^^^^^^^^^^^^^^^^^^^^^^^^^^^^^
  File "D:\Odoo\odoo\odoo\http.py", line 2471, in get_static_file
    if (static != 'static' or not resource or module not in self.statics):
                                                            ^^^^^^^^^^^^
  File "D:\Odoo\odoo\odoo\tools\func.py", line 42, in __get__
    value = self.fget(obj)
            ^^^^^^^^^^^^^^
  File "D:\Odoo\odoo\odoo\http.py", line 2440, in statics
    for module in os.listdir(addons_path):
                  ^^^^^^^^^^^^^^^^^^^^^^^
FileNotFoundError: [WinError 3] The system cannot find the path specified: 'd:\\odoo\\addons'
2026-07-28 06:36:03,494 2396 INFO ? werkzeug: 127.0.0.1 - - [28/Jul/2026 06:36:03] "GET /hr/static/description/icon.png HTTP/1.1" 500 - 0 0.000 0.197
2026-07-28 06:36:03,639 2396 ERROR ? odoo.http: Exception during request handling. 
Traceback (most recent call last):
  File "D:\Odoo\odoo\odoo\http.py", line 2572, in __call__
    if self.get_static_file(httprequest.path):
       ^^^^^^^^^^^^^^^^^^^^^^^^^^^^^^^^^^^^^^
  File "D:\Odoo\odoo\odoo\http.py", line 2471, in get_static_file
    if (static != 'static' or not resource or module not in self.statics):
                                                            ^^^^^^^^^^^^
  File "D:\Odoo\odoo\odoo\tools\func.py", line 42, in __get__
    value = self.fget(obj)
            ^^^^^^^^^^^^^^
  File "D:\Odoo\odoo\odoo\http.py", line 2440, in statics
    for module in os.listdir(addons_path):
                  ^^^^^^^^^^^^^^^^^^^^^^^
FileNotFoundError: [WinError 3] The system cannot find the path specified: 'd:\\odoo\\addons'
2026-07-28 06:36:03,640 2396 INFO ? werkzeug: 127.0.0.1 - - [28/Jul/2026 06:36:03] "GET /data_recycle/static/description/icon.png HTTP/1.1" 500 - 0 0.000 0.144
2026-07-28 06:36:03,689 2396 ERROR ? odoo.http: Exception during request handling. 
Traceback (most recent call last):
  File "D:\Odoo\odoo\odoo\http.py", line 2572, in __call__
    if self.get_static_file(httprequest.path):
       ^^^^^^^^^^^^^^^^^^^^^^^^^^^^^^^^^^^^^^
  File "D:\Odoo\odoo\odoo\http.py", line 2471, in get_static_file
    if (static != 'static' or not resource or module not in self.statics):
                                                            ^^^^^^^^^^^^
  File "D:\Odoo\odoo\odoo\tools\func.py", line 42, in __get__
    value = self.fget(obj)
            ^^^^^^^^^^^^^^
  File "D:\Odoo\odoo\odoo\http.py", line 2440, in statics
    for module in os.listdir(addons_path):
                  ^^^^^^^^^^^^^^^^^^^^^^^
FileNotFoundError: [WinError 3] The system cannot find the path specified: 'd:\\odoo\\addons'
2026-07-28 06:36:03,691 2396 INFO ? werkzeug: 127.0.0.1 - - [28/Jul/2026 06:36:03] "GET /maintenance/static/description/icon.png HTTP/1.1" 500 - 0 0.000 0.158
2026-07-28 06:36:03,823 2396 ERROR ? odoo.http: Exception during request handling. 
Traceback (most recent call last):
  File "D:\Odoo\odoo\odoo\http.py", line 2572, in __call__
    if self.get_static_file(httprequest.path):
       ^^^^^^^^^^^^^^^^^^^^^^^^^^^^^^^^^^^^^^
  File "D:\Odoo\odoo\odoo\http.py", line 2471, in get_static_file
    if (static != 'static' or not resource or module not in self.statics):
                                                            ^^^^^^^^^^^^
  File "D:\Odoo\odoo\odoo\tools\func.py", line 42, in __get__
    value = self.fget(obj)
            ^^^^^^^^^^^^^^
  File "D:\Odoo\odoo\odoo\http.py", line 2440, in statics
    for module in os.listdir(addons_path):
                  ^^^^^^^^^^^^^^^^^^^^^^^
FileNotFoundError: [WinError 3] The system cannot find the path specified: 'd:\\odoo\\addons'
2026-07-28 06:36:03,825 2396 INFO ? werkzeug: 127.0.0.1 - - [28/Jul/2026 06:36:03] "GET /marketing_card/static/description/icon.png HTTP/1.1" 500 - 0 0.000 0.181
2026-07-28 06:36:03,973 2396 ERROR ? odoo.http: Exception during request handling. 
Traceback (most recent call last):
  File "D:\Odoo\odoo\odoo\http.py", line 2572, in __call__
    if self.get_static_file(httprequest.path):
       ^^^^^^^^^^^^^^^^^^^^^^^^^^^^^^^^^^^^^^
  File "D:\Odoo\odoo\odoo\http.py", line 2471, in get_static_file
    if (static != 'static' or not resource or module not in self.statics):
                                                            ^^^^^^^^^^^^
  File "D:\Odoo\odoo\odoo\tools\func.py", line 42, in __get__
    value = self.fget(obj)
            ^^^^^^^^^^^^^^
  File "D:\Odoo\odoo\odoo\http.py", line 2440, in statics
    for module in os.listdir(addons_path):
                  ^^^^^^^^^^^^^^^^^^^^^^^
FileNotFoundError: [WinError 3] The system cannot find the path specified: 'd:\\odoo\\addons'
2026-07-28 06:36:03,975 2396 INFO ? werkzeug: 127.0.0.1 - - [28/Jul/2026 06:36:03] "GET /base/static/description/icon.png HTTP/1.1" 500 - 0 0.000 0.235
2026-07-28 06:36:03,977 2396 ERROR ? odoo.http: Exception during request handling. 
Traceback (most recent call last):
  File "D:\Odoo\odoo\odoo\http.py", line 2572, in __call__
    if self.get_static_file(httprequest.path):
       ^^^^^^^^^^^^^^^^^^^^^^^^^^^^^^^^^^^^^^
  File "D:\Odoo\odoo\odoo\http.py", line 2471, in get_static_file
    if (static != 'static' or not resource or module not in self.statics):
                                                            ^^^^^^^^^^^^
  File "D:\Odoo\odoo\odoo\tools\func.py", line 42, in __get__
    value = self.fget(obj)
            ^^^^^^^^^^^^^^
  File "D:\Odoo\odoo\odoo\http.py", line 2440, in statics
    for module in os.listdir(addons_path):
                  ^^^^^^^^^^^^^^^^^^^^^^^
FileNotFoundError: [WinError 3] The system cannot find the path specified: 'd:\\odoo\\addons'
2026-07-28 06:36:03,980 2396 INFO ? werkzeug: 127.0.0.1 - - [28/Jul/2026 06:36:03] "GET /base/static/img/icons/sign.png HTTP/1.1" 500 - 0 0.000 0.238
2026-07-28 06:36:04,032 2396 ERROR ? odoo.http: Exception during request handling. 
Traceback (most recent call last):
  File "D:\Odoo\odoo\odoo\http.py", line 2572, in __call__
    if self.get_static_file(httprequest.path):
       ^^^^^^^^^^^^^^^^^^^^^^^^^^^^^^^^^^^^^^
  File "D:\Odoo\odoo\odoo\http.py", line 2471, in get_static_file
    if (static != 'static' or not resource or module not in self.statics):
                                                            ^^^^^^^^^^^^
  File "D:\Odoo\odoo\odoo\tools\func.py", line 42, in __get__
    value = self.fget(obj)
            ^^^^^^^^^^^^^^
  File "D:\Odoo\odoo\odoo\http.py", line 2440, in statics
    for module in os.listdir(addons_path):
                  ^^^^^^^^^^^^^^^^^^^^^^^
FileNotFoundError: [WinError 3] The system cannot find the path specified: 'd:\\odoo\\addons'
2026-07-28 06:36:04,034 2396 INFO ? werkzeug: 127.0.0.1 - - [28/Jul/2026 06:36:04] "GET /base/static/img/icons/helpdesk.png HTTP/1.1" 500 - 0 0.000 0.230
2026-07-28 06:36:04,128 2396 ERROR ? odoo.http: Exception during request handling. 
Traceback (most recent call last):
  File "D:\Odoo\odoo\odoo\http.py", line 2572, in __call__
    if self.get_static_file(httprequest.path):
       ^^^^^^^^^^^^^^^^^^^^^^^^^^^^^^^^^^^^^^
  File "D:\Odoo\odoo\odoo\http.py", line 2471, in get_static_file
    if (static != 'static' or not resource or module not in self.statics):
                                                            ^^^^^^^^^^^^
  File "D:\Odoo\odoo\odoo\tools\func.py", line 42, in __get__
    value = self.fget(obj)
            ^^^^^^^^^^^^^^
  File "D:\Odoo\odoo\odoo\http.py", line 2440, in statics
    for module in os.listdir(addons_path):
                  ^^^^^^^^^^^^^^^^^^^^^^^
FileNotFoundError: [WinError 3] The system cannot find the path specified: 'd:\\odoo\\addons'
2026-07-28 06:36:04,130 2396 INFO ? werkzeug: 127.0.0.1 - - [28/Jul/2026 06:36:04] "GET /base/static/img/icons/sale_subscription.png HTTP/1.1" 500 - 0 0.000 0.182
2026-07-28 06:36:04,179 2396 ERROR ? odoo.http: Exception during request handling. 
Traceback (most recent call last):
  File "D:\Odoo\odoo\odoo\http.py", line 2572, in __call__
    if self.get_static_file(httprequest.path):
       ^^^^^^^^^^^^^^^^^^^^^^^^^^^^^^^^^^^^^^
  File "D:\Odoo\odoo\odoo\http.py", line 2471, in get_static_file
    if (static != 'static' or not resource or module not in self.statics):
                                                            ^^^^^^^^^^^^
  File "D:\Odoo\odoo\odoo\tools\func.py", line 42, in __get__
    value = self.fget(obj)
            ^^^^^^^^^^^^^^
  File "D:\Odoo\odoo\odoo\http.py", line 2440, in statics
    for module in os.listdir(addons_path):
                  ^^^^^^^^^^^^^^^^^^^^^^^
FileNotFoundError: [WinError 3] The system cannot find the path specified: 'd:\\odoo\\addons'
2026-07-28 06:36:04,180 2396 INFO ? werkzeug: 127.0.0.1 - - [28/Jul/2026 06:36:04] "GET /base/static/img/icons/quality_control.png HTTP/1.1" 500 - 0 0.000 0.169
2026-07-28 06:36:04,273 2396 ERROR ? odoo.http: Exception during request handling. 
Traceback (most recent call last):
  File "D:\Odoo\odoo\odoo\http.py", line 2572, in __call__
    if self.get_static_file(httprequest.path):
       ^^^^^^^^^^^^^^^^^^^^^^^^^^^^^^^^^^^^^^
  File "D:\Odoo\odoo\odoo\http.py", line 2471, in get_static_file
    if (static != 'static' or not resource or module not in self.statics):
                                                            ^^^^^^^^^^^^
  File "D:\Odoo\odoo\odoo\tools\func.py", line 42, in __get__
    value = self.fget(obj)
            ^^^^^^^^^^^^^^
  File "D:\Odoo\odoo\odoo\http.py", line 2440, in statics
    for module in os.listdir(addons_path):
                  ^^^^^^^^^^^^^^^^^^^^^^^
FileNotFoundError: [WinError 3] The system cannot find the path specified: 'd:\\odoo\\addons'
2026-07-28 06:36:04,274 2396 INFO ? werkzeug: 127.0.0.1 - - [28/Jul/2026 06:36:04] "GET /website_slides/static/description/icon.png HTTP/1.1" 500 - 0 0.000 0.143
2026-07-28 06:36:04,469 2396 ERROR ? odoo.http: Exception during request handling. 
Traceback (most recent call last):
  File "D:\Odoo\odoo\odoo\http.py", line 2572, in __call__
    if self.get_static_file(httprequest.path):
       ^^^^^^^^^^^^^^^^^^^^^^^^^^^^^^^^^^^^^^
  File "D:\Odoo\odoo\odoo\http.py", line 2471, in get_static_file
    if (static != 'static' or not resource or module not in self.statics):
                                                            ^^^^^^^^^^^^
  File "D:\Odoo\odoo\odoo\tools\func.py", line 42, in __get__
    value = self.fget(obj)
            ^^^^^^^^^^^^^^
  File "D:\Odoo\odoo\odoo\http.py", line 2440, in statics
    for module in os.listdir(addons_path):
                  ^^^^^^^^^^^^^^^^^^^^^^^
FileNotFoundError: [WinError 3] The system cannot find the path specified: 'd:\\odoo\\addons'
2026-07-28 06:36:04,471 2396 INFO ? werkzeug: 127.0.0.1 - - [28/Jul/2026 06:36:04] "GET /base/static/img/icons/planning.png HTTP/1.1" 500 - 0 0.000 0.191
2026-07-28 06:36:04,505 2396 ERROR ? odoo.http: Exception during request handling. 
Traceback (most recent call last):
  File "D:\Odoo\odoo\odoo\http.py", line 2572, in __call__
    if self.get_static_file(httprequest.path):
       ^^^^^^^^^^^^^^^^^^^^^^^^^^^^^^^^^^^^^^
  File "D:\Odoo\odoo\odoo\http.py", line 2471, in get_static_file
    if (static != 'static' or not resource or module not in self.statics):
                                                            ^^^^^^^^^^^^
  File "D:\Odoo\odoo\odoo\tools\func.py", line 42, in __get__
    value = self.fget(obj)
            ^^^^^^^^^^^^^^
  File "D:\Odoo\odoo\odoo\http.py", line 2440, in statics
    for module in os.listdir(addons_path):
                  ^^^^^^^^^^^^^^^^^^^^^^^
FileNotFoundError: [WinError 3] The system cannot find the path specified: 'd:\\odoo\\addons'
2026-07-28 06:36:04,507 2396 INFO ? werkzeug: 127.0.0.1 - - [28/Jul/2026 06:36:04] "GET /website_event/static/description/icon.png HTTP/1.1" 500 - 0 0.000 0.210
2026-07-28 06:36:04,577 2396 ERROR ? odoo.http: Exception during request handling. 
Traceback (most recent call last):
  File "D:\Odoo\odoo\odoo\http.py", line 2572, in __call__
    if self.get_static_file(httprequest.path):
       ^^^^^^^^^^^^^^^^^^^^^^^^^^^^^^^^^^^^^^
  File "D:\Odoo\odoo\odoo\http.py", line 2471, in get_static_file
    if (static != 'static' or not resource or module not in self.statics):
                                                            ^^^^^^^^^^^^
  File "D:\Odoo\odoo\odoo\tools\func.py", line 42, in __get__
    value = self.fget(obj)
            ^^^^^^^^^^^^^^
  File "D:\Odoo\odoo\odoo\http.py", line 2440, in statics
    for module in os.listdir(addons_path):
                  ^^^^^^^^^^^^^^^^^^^^^^^
FileNotFoundError: [WinError 3] The system cannot find the path specified: 'd:\\odoo\\addons'
2026-07-28 06:36:04,579 2396 INFO ? werkzeug: 127.0.0.1 - - [28/Jul/2026 06:36:04] "GET /mail/static/description/icon.png HTTP/1.1" 500 - 0 0.000 0.234
2026-07-28 06:36:04,686 2396 ERROR ? odoo.http: Exception during request handling. 
Traceback (most recent call last):
  File "D:\Odoo\odoo\odoo\http.py", line 2572, in __call__
    if self.get_static_file(httprequest.path):
       ^^^^^^^^^^^^^^^^^^^^^^^^^^^^^^^^^^^^^^
  File "D:\Odoo\odoo\odoo\http.py", line 2471, in get_static_file
    if (static != 'static' or not resource or module not in self.statics):
                                                            ^^^^^^^^^^^^
  File "D:\Odoo\odoo\odoo\tools\func.py", line 42, in __get__
    value = self.fget(obj)
            ^^^^^^^^^^^^^^
  File "D:\Odoo\odoo\odoo\http.py", line 2440, in statics
    for module in os.listdir(addons_path):
                  ^^^^^^^^^^^^^^^^^^^^^^^
FileNotFoundError: [WinError 3] The system cannot find the path specified: 'd:\\odoo\\addons'
2026-07-28 06:36:04,688 2396 INFO ? werkzeug: 127.0.0.1 - - [28/Jul/2026 06:36:04] "GET /contacts/static/description/icon.png HTTP/1.1" 500 - 0 0.000 0.236
2026-07-28 06:36:04,720 2396 ERROR ? odoo.http: Exception during request handling. 
Traceback (most recent call last):
  File "D:\Odoo\odoo\odoo\http.py", line 2572, in __call__
    if self.get_static_file(httprequest.path):
       ^^^^^^^^^^^^^^^^^^^^^^^^^^^^^^^^^^^^^^
  File "D:\Odoo\odoo\odoo\http.py", line 2471, in get_static_file
    if (static != 'static' or not resource or module not in self.statics):
                                                            ^^^^^^^^^^^^
  File "D:\Odoo\odoo\odoo\tools\func.py", line 42, in __get__
    value = self.fget(obj)
            ^^^^^^^^^^^^^^
  File "D:\Odoo\odoo\odoo\http.py", line 2440, in statics
    for module in os.listdir(addons_path):
                  ^^^^^^^^^^^^^^^^^^^^^^^
FileNotFoundError: [WinError 3] The system cannot find the path specified: 'd:\\odoo\\addons'
2026-07-28 06:36:04,722 2396 INFO ? werkzeug: 127.0.0.1 - - [28/Jul/2026 06:36:04] "GET /base/static/img/icons/mrp_plm.png HTTP/1.1" 500 - 0 0.000 0.224
2026-07-28 06:36:04,769 2396 ERROR ? odoo.http: Exception during request handling. 
Traceback (most recent call last):
  File "D:\Odoo\odoo\odoo\http.py", line 2572, in __call__
    if self.get_static_file(httprequest.path):
       ^^^^^^^^^^^^^^^^^^^^^^^^^^^^^^^^^^^^^^
  File "D:\Odoo\odoo\odoo\http.py", line 2471, in get_static_file
    if (static != 'static' or not resource or module not in self.statics):
                                                            ^^^^^^^^^^^^
  File "D:\Odoo\odoo\odoo\tools\func.py", line 42, in __get__
    value = self.fget(obj)
            ^^^^^^^^^^^^^^
  File "D:\Odoo\odoo\odoo\http.py", line 2440, in statics
    for module in os.listdir(addons_path):
                  ^^^^^^^^^^^^^^^^^^^^^^^
FileNotFoundError: [WinError 3] The system cannot find the path specified: 'd:\\odoo\\addons'
2026-07-28 06:36:04,770 2396 INFO ? werkzeug: 127.0.0.1 - - [28/Jul/2026 06:36:04] "GET /base/static/img/icons/social.png HTTP/1.1" 500 - 0 0.000 0.188
2026-07-28 06:36:04,944 2396 ERROR ? odoo.http: Exception during request handling. 
Traceback (most recent call last):
  File "D:\Odoo\odoo\odoo\http.py", line 2572, in __call__
    if self.get_static_file(httprequest.path):
       ^^^^^^^^^^^^^^^^^^^^^^^^^^^^^^^^^^^^^^
  File "D:\Odoo\odoo\odoo\http.py", line 2471, in get_static_file
    if (static != 'static' or not resource or module not in self.statics):
                                                            ^^^^^^^^^^^^
  File "D:\Odoo\odoo\odoo\tools\func.py", line 42, in __get__
    value = self.fget(obj)
            ^^^^^^^^^^^^^^
  File "D:\Odoo\odoo\odoo\http.py", line 2440, in statics
    for module in os.listdir(addons_path):
                  ^^^^^^^^^^^^^^^^^^^^^^^
FileNotFoundError: [WinError 3] The system cannot find the path specified: 'd:\\odoo\\addons'
2026-07-28 06:36:04,946 2396 INFO ? werkzeug: 127.0.0.1 - - [28/Jul/2026 06:36:04] "GET /base/static/img/icons/hr_appraisal.png HTTP/1.1" 500 - 0 0.000 0.164
2026-07-28 06:36:04,985 2396 ERROR ? odoo.http: Exception during request handling. 
Traceback (most recent call last):
  File "D:\Odoo\odoo\odoo\http.py", line 2572, in __call__
    if self.get_static_file(httprequest.path):
       ^^^^^^^^^^^^^^^^^^^^^^^^^^^^^^^^^^^^^^
  File "D:\Odoo\odoo\odoo\http.py", line 2471, in get_static_file
    if (static != 'static' or not resource or module not in self.statics):
                                                            ^^^^^^^^^^^^
  File "D:\Odoo\odoo\odoo\tools\func.py", line 42, in __get__
    value = self.fget(obj)
            ^^^^^^^^^^^^^^
  File "D:\Odoo\odoo\odoo\http.py", line 2440, in statics
    for module in os.listdir(addons_path):
                  ^^^^^^^^^^^^^^^^^^^^^^^
FileNotFoundError: [WinError 3] The system cannot find the path specified: 'd:\\odoo\\addons'
2026-07-28 06:36:04,986 2396 INFO ? werkzeug: 127.0.0.1 - - [28/Jul/2026 06:36:04] "GET /fleet/static/description/icon.png HTTP/1.1" 500 - 0 0.000 0.173
2026-07-28 06:36:05,081 2396 ERROR ? odoo.http: Exception during request handling. 
Traceback (most recent call last):
  File "D:\Odoo\odoo\odoo\http.py", line 2572, in __call__
    if self.get_static_file(httprequest.path):
       ^^^^^^^^^^^^^^^^^^^^^^^^^^^^^^^^^^^^^^
  File "D:\Odoo\odoo\odoo\http.py", line 2471, in get_static_file
    if (static != 'static' or not resource or module not in self.statics):
                                                            ^^^^^^^^^^^^
  File "D:\Odoo\odoo\odoo\tools\func.py", line 42, in __get__
    value = self.fget(obj)
            ^^^^^^^^^^^^^^
  File "D:\Odoo\odoo\odoo\http.py", line 2440, in statics
    for module in os.listdir(addons_path):
                  ^^^^^^^^^^^^^^^^^^^^^^^
FileNotFoundError: [WinError 3] The system cannot find the path specified: 'd:\\odoo\\addons'
2026-07-28 06:36:05,083 2396 INFO ? werkzeug: 127.0.0.1 - - [28/Jul/2026 06:36:05] "GET /base/static/img/icons/marketing_automation.png HTTP/1.1" 500 - 0 0.000 0.189
2026-07-28 06:36:05,217 2396 ERROR ? odoo.http: Exception during request handling. 
Traceback (most recent call last):
  File "D:\Odoo\odoo\odoo\http.py", line 2572, in __call__
    if self.get_static_file(httprequest.path):
       ^^^^^^^^^^^^^^^^^^^^^^^^^^^^^^^^^^^^^^
  File "D:\Odoo\odoo\odoo\http.py", line 2471, in get_static_file
    if (static != 'static' or not resource or module not in self.statics):
                                                            ^^^^^^^^^^^^
  File "D:\Odoo\odoo\odoo\tools\func.py", line 42, in __get__
    value = self.fget(obj)
            ^^^^^^^^^^^^^^
  File "D:\Odoo\odoo\odoo\http.py", line 2440, in statics
    for module in os.listdir(addons_path):
                  ^^^^^^^^^^^^^^^^^^^^^^^
FileNotFoundError: [WinError 3] The system cannot find the path specified: 'd:\\odoo\\addons'
2026-07-28 06:36:05,219 2396 INFO ? werkzeug: 127.0.0.1 - - [28/Jul/2026 06:36:05] "GET /im_livechat/static/description/icon.png HTTP/1.1" 500 - 0 0.000 0.214
2026-07-28 06:36:05,256 2396 ERROR ? odoo.http: Exception during request handling. 
Traceback (most recent call last):
  File "D:\Odoo\odoo\odoo\http.py", line 2572, in __call__
    if self.get_static_file(httprequest.path):
       ^^^^^^^^^^^^^^^^^^^^^^^^^^^^^^^^^^^^^^
  File "D:\Odoo\odoo\odoo\http.py", line 2471, in get_static_file
    if (static != 'static' or not resource or module not in self.statics):
                                                            ^^^^^^^^^^^^
  File "D:\Odoo\odoo\odoo\tools\func.py", line 42, in __get__
    value = self.fget(obj)
            ^^^^^^^^^^^^^^
  File "D:\Odoo\odoo\odoo\http.py", line 2440, in statics
    for module in os.listdir(addons_path):
                  ^^^^^^^^^^^^^^^^^^^^^^^
FileNotFoundError: [WinError 3] The system cannot find the path specified: 'd:\\odoo\\addons'
2026-07-28 06:36:05,257 2396 INFO ? werkzeug: 127.0.0.1 - - [28/Jul/2026 06:36:05] "GET /base/static/img/icons/appointment.png HTTP/1.1" 500 - 0 0.000 0.219
2026-07-28 06:36:05,290 2396 ERROR ? odoo.http: Exception during request handling. 
Traceback (most recent call last):
  File "D:\Odoo\odoo\odoo\http.py", line 2572, in __call__
    if self.get_static_file(httprequest.path):
       ^^^^^^^^^^^^^^^^^^^^^^^^^^^^^^^^^^^^^^
  File "D:\Odoo\odoo\odoo\http.py", line 2471, in get_static_file
    if (static != 'static' or not resource or module not in self.statics):
                                                            ^^^^^^^^^^^^
  File "D:\Odoo\odoo\odoo\tools\func.py", line 42, in __get__
    value = self.fget(obj)
            ^^^^^^^^^^^^^^
  File "D:\Odoo\odoo\odoo\http.py", line 2440, in statics
    for module in os.listdir(addons_path):
                  ^^^^^^^^^^^^^^^^^^^^^^^
FileNotFoundError: [WinError 3] The system cannot find the path specified: 'd:\\odoo\\addons'
2026-07-28 06:36:05,292 2396 INFO ? werkzeug: 127.0.0.1 - - [28/Jul/2026 06:36:05] "GET /survey/static/description/icon.png HTTP/1.1" 500 - 0 0.000 0.206
2026-07-28 06:36:05,420 2396 ERROR ? odoo.http: Exception during request handling. 
Traceback (most recent call last):
  File "D:\Odoo\odoo\odoo\http.py", line 2572, in __call__
    if self.get_static_file(httprequest.path):
       ^^^^^^^^^^^^^^^^^^^^^^^^^^^^^^^^^^^^^^
  File "D:\Odoo\odoo\odoo\http.py", line 2471, in get_static_file
    if (static != 'static' or not resource or module not in self.statics):
                                                            ^^^^^^^^^^^^
  File "D:\Odoo\odoo\odoo\tools\func.py", line 42, in __get__
    value = self.fget(obj)
            ^^^^^^^^^^^^^^
  File "D:\Odoo\odoo\odoo\http.py", line 2440, in statics
    for module in os.listdir(addons_path):
                  ^^^^^^^^^^^^^^^^^^^^^^^
FileNotFoundError: [WinError 3] The system cannot find the path specified: 'd:\\odoo\\addons'
2026-07-28 06:36:05,422 2396 INFO ? werkzeug: 127.0.0.1 - - [28/Jul/2026 06:36:05] "GET /base/static/img/icons/web_mobile.png HTTP/1.1" 500 - 0 0.000 0.163
2026-07-28 06:36:05,455 2396 ERROR ? odoo.http: Exception during request handling. 
Traceback (most recent call last):
  File "D:\Odoo\odoo\odoo\http.py", line 2572, in __call__
    if self.get_static_file(httprequest.path):
       ^^^^^^^^^^^^^^^^^^^^^^^^^^^^^^^^^^^^^^
  File "D:\Odoo\odoo\odoo\http.py", line 2471, in get_static_file
    if (static != 'static' or not resource or module not in self.statics):
                                                            ^^^^^^^^^^^^
  File "D:\Odoo\odoo\odoo\tools\func.py", line 42, in __get__
    value = self.fget(obj)
            ^^^^^^^^^^^^^^
  File "D:\Odoo\odoo\odoo\http.py", line 2440, in statics
    for module in os.listdir(addons_path):
                  ^^^^^^^^^^^^^^^^^^^^^^^
FileNotFoundError: [WinError 3] The system cannot find the path specified: 'd:\\odoo\\addons'
2026-07-28 06:36:05,456 2396 INFO ? werkzeug: 127.0.0.1 - - [28/Jul/2026 06:36:05] "GET /repair/static/description/icon.png HTTP/1.1" 500 - 0 0.000 0.162
2026-07-28 06:36:05,554 2396 ERROR ? odoo.http: Exception during request handling. 
Traceback (most recent call last):
  File "D:\Odoo\odoo\odoo\http.py", line 2572, in __call__
    if self.get_static_file(httprequest.path):
       ^^^^^^^^^^^^^^^^^^^^^^^^^^^^^^^^^^^^^^
  File "D:\Odoo\odoo\odoo\http.py", line 2471, in get_static_file
    if (static != 'static' or not resource or module not in self.statics):
                                                            ^^^^^^^^^^^^
  File "D:\Odoo\odoo\odoo\tools\func.py", line 42, in __get__
    value = self.fget(obj)
            ^^^^^^^^^^^^^^
  File "D:\Odoo\odoo\odoo\http.py", line 2440, in statics
    for module in os.listdir(addons_path):
                  ^^^^^^^^^^^^^^^^^^^^^^^
FileNotFoundError: [WinError 3] The system cannot find the path specified: 'd:\\odoo\\addons'
2026-07-28 06:36:05,555 2396 INFO ? werkzeug: 127.0.0.1 - - [28/Jul/2026 06:36:05] "GET /hr_attendance/static/description/icon.png HTTP/1.1" 500 - 0 0.000 0.154
2026-07-28 06:36:05,737 2396 ERROR ? odoo.http: Exception during request handling. 
Traceback (most recent call last):
  File "D:\Odoo\odoo\odoo\http.py", line 2572, in __call__
    if self.get_static_file(httprequest.path):
       ^^^^^^^^^^^^^^^^^^^^^^^^^^^^^^^^^^^^^^
  File "D:\Odoo\odoo\odoo\http.py", line 2471, in get_static_file
    if (static != 'static' or not resource or module not in self.statics):
                                                            ^^^^^^^^^^^^
  File "D:\Odoo\odoo\odoo\tools\func.py", line 42, in __get__
    value = self.fget(obj)
            ^^^^^^^^^^^^^^
  File "D:\Odoo\odoo\odoo\http.py", line 2440, in statics
    for module in os.listdir(addons_path):
                  ^^^^^^^^^^^^^^^^^^^^^^^
FileNotFoundError: [WinError 3] The system cannot find the path specified: 'd:\\odoo\\addons'
2026-07-28 06:36:05,739 2396 INFO ? werkzeug: 127.0.0.1 - - [28/Jul/2026 06:36:05] "GET /mass_mailing_sms/static/description/icon.png HTTP/1.1" 500 - 0 0.000 0.200
2026-07-28 06:36:05,789 2396 ERROR ? odoo.http: Exception during request handling. 
Traceback (most recent call last):
  File "D:\Odoo\odoo\odoo\http.py", line 2572, in __call__
    if self.get_static_file(httprequest.path):
       ^^^^^^^^^^^^^^^^^^^^^^^^^^^^^^^^^^^^^^
  File "D:\Odoo\odoo\odoo\http.py", line 2471, in get_static_file
    if (static != 'static' or not resource or module not in self.statics):
                                                            ^^^^^^^^^^^^
  File "D:\Odoo\odoo\odoo\tools\func.py", line 42, in __get__
    value = self.fget(obj)
            ^^^^^^^^^^^^^^
  File "D:\Odoo\odoo\odoo\http.py", line 2440, in statics
    for module in os.listdir(addons_path):
                  ^^^^^^^^^^^^^^^^^^^^^^^
FileNotFoundError: [WinError 3] The system cannot find the path specified: 'd:\\odoo\\addons'
2026-07-28 06:36:05,791 2396 INFO ? werkzeug: 127.0.0.1 - - [28/Jul/2026 06:36:05] "GET /base/static/img/icons/stock_barcode.png HTTP/1.1" 500 - 0 0.000 0.220
2026-07-28 06:36:05,837 2396 ERROR ? odoo.http: Exception during request handling. 
Traceback (most recent call last):
  File "D:\Odoo\odoo\odoo\http.py", line 2572, in __call__
    if self.get_static_file(httprequest.path):
       ^^^^^^^^^^^^^^^^^^^^^^^^^^^^^^^^^^^^^^
  File "D:\Odoo\odoo\odoo\http.py", line 2471, in get_static_file
    if (static != 'static' or not resource or module not in self.statics):
                                                            ^^^^^^^^^^^^
  File "D:\Odoo\odoo\odoo\tools\func.py", line 42, in __get__
    value = self.fget(obj)
            ^^^^^^^^^^^^^^
  File "D:\Odoo\odoo\odoo\http.py", line 2440, in statics
    for module in os.listdir(addons_path):
                  ^^^^^^^^^^^^^^^^^^^^^^^
FileNotFoundError: [WinError 3] The system cannot find the path specified: 'd:\\odoo\\addons'
2026-07-28 06:36:05,838 2396 INFO ? werkzeug: 127.0.0.1 - - [28/Jul/2026 06:36:05] "GET /project_todo/static/description/icon.png HTTP/1.1" 500 - 0 0.000 0.234
2026-07-28 06:36:05,951 2396 ERROR ? odoo.http: Exception during request handling. 
Traceback (most recent call last):
  File "D:\Odoo\odoo\odoo\http.py", line 2572, in __call__
    if self.get_static_file(httprequest.path):
       ^^^^^^^^^^^^^^^^^^^^^^^^^^^^^^^^^^^^^^
  File "D:\Odoo\odoo\odoo\http.py", line 2471, in get_static_file
    if (static != 'static' or not resource or module not in self.statics):
                                                            ^^^^^^^^^^^^
  File "D:\Odoo\odoo\odoo\tools\func.py", line 42, in __get__
    value = self.fget(obj)
            ^^^^^^^^^^^^^^
  File "D:\Odoo\odoo\odoo\http.py", line 2440, in statics
    for module in os.listdir(addons_path):
                  ^^^^^^^^^^^^^^^^^^^^^^^
FileNotFoundError: [WinError 3] The system cannot find the path specified: 'd:\\odoo\\addons'
2026-07-28 06:36:05,953 2396 INFO ? werkzeug: 127.0.0.1 - - [28/Jul/2026 06:36:05] "GET /hr_skills/static/description/icon.png HTTP/1.1" 500 - 0 0.000 0.222
2026-07-28 06:36:05,977 2396 ERROR ? odoo.http: Exception during request handling. 
Traceback (most recent call last):
  File "D:\Odoo\odoo\odoo\http.py", line 2572, in __call__
    if self.get_static_file(httprequest.path):
       ^^^^^^^^^^^^^^^^^^^^^^^^^^^^^^^^^^^^^^
  File "D:\Odoo\odoo\odoo\http.py", line 2471, in get_static_file
    if (static != 'static' or not resource or module not in self.statics):
                                                            ^^^^^^^^^^^^
  File "D:\Odoo\odoo\odoo\tools\func.py", line 42, in __get__
    value = self.fget(obj)
            ^^^^^^^^^^^^^^
  File "D:\Odoo\odoo\odoo\http.py", line 2440, in statics
    for module in os.listdir(addons_path):
                  ^^^^^^^^^^^^^^^^^^^^^^^
FileNotFoundError: [WinError 3] The system cannot find the path specified: 'd:\\odoo\\addons'
2026-07-28 06:36:05,978 2396 INFO ? werkzeug: 127.0.0.1 - - [28/Jul/2026 06:36:05] "GET /base/static/img/icons/voip.png HTTP/1.1" 500 - 0 0.000 0.214
2026-07-28 06:36:06,047 2396 ERROR ? odoo.http: Exception during request handling. 
Traceback (most recent call last):
  File "D:\Odoo\odoo\odoo\http.py", line 2572, in __call__
    if self.get_static_file(httprequest.path):
       ^^^^^^^^^^^^^^^^^^^^^^^^^^^^^^^^^^^^^^
  File "D:\Odoo\odoo\odoo\http.py", line 2471, in get_static_file
    if (static != 'static' or not resource or module not in self.statics):
                                                            ^^^^^^^^^^^^
  File "D:\Odoo\odoo\odoo\tools\func.py", line 42, in __get__
    value = self.fget(obj)
            ^^^^^^^^^^^^^^
  File "D:\Odoo\odoo\odoo\http.py", line 2440, in statics
    for module in os.listdir(addons_path):
                  ^^^^^^^^^^^^^^^^^^^^^^^
FileNotFoundError: [WinError 3] The system cannot find the path specified: 'd:\\odoo\\addons'
2026-07-28 06:36:06,049 2396 INFO ? werkzeug: 127.0.0.1 - - [28/Jul/2026 06:36:06] "GET /lunch/static/description/icon.png HTTP/1.1" 500 - 0 0.000 0.174
2026-07-28 06:36:06,220 2396 ERROR ? odoo.http: Exception during request handling. 
Traceback (most recent call last):
  File "D:\Odoo\odoo\odoo\http.py", line 2572, in __call__
    if self.get_static_file(httprequest.path):
       ^^^^^^^^^^^^^^^^^^^^^^^^^^^^^^^^^^^^^^
  File "D:\Odoo\odoo\odoo\http.py", line 2471, in get_static_file
    if (static != 'static' or not resource or module not in self.statics):
                                                            ^^^^^^^^^^^^
  File "D:\Odoo\odoo\odoo\tools\func.py", line 42, in __get__
    value = self.fget(obj)
            ^^^^^^^^^^^^^^
  File "D:\Odoo\odoo\odoo\http.py", line 2440, in statics
    for module in os.listdir(addons_path):
                  ^^^^^^^^^^^^^^^^^^^^^^^
FileNotFoundError: [WinError 3] The system cannot find the path specified: 'd:\\odoo\\addons'
2026-07-28 06:36:06,222 2396 INFO ? werkzeug: 127.0.0.1 - - [28/Jul/2026 06:36:06] "GET /website_hr_recruitment/static/description/icon.png HTTP/1.1" 500 - 0 0.000 0.171
2026-07-28 06:36:06,285 2396 ERROR ? odoo.http: Exception during request handling. 
Traceback (most recent call last):
  File "D:\Odoo\odoo\odoo\http.py", line 2572, in __call__
    if self.get_static_file(httprequest.path):
       ^^^^^^^^^^^^^^^^^^^^^^^^^^^^^^^^^^^^^^
  File "D:\Odoo\odoo\odoo\http.py", line 2471, in get_static_file
    if (static != 'static' or not resource or module not in self.statics):
                                                            ^^^^^^^^^^^^
  File "D:\Odoo\odoo\odoo\tools\func.py", line 42, in __get__
    value = self.fget(obj)
            ^^^^^^^^^^^^^^
  File "D:\Odoo\odoo\odoo\http.py", line 2440, in statics
    for module in os.listdir(addons_path):
                  ^^^^^^^^^^^^^^^^^^^^^^^
FileNotFoundError: [WinError 3] The system cannot find the path specified: 'd:\\odoo\\addons'
2026-07-28 06:36:06,286 2396 INFO ? werkzeug: 127.0.0.1 - - [28/Jul/2026 06:36:06] "GET /base/static/img/icons/sale_amazon.png HTTP/1.1" 500 - 0 0.000 0.190
2026-07-28 06:36:06,335 2396 ERROR ? odoo.http: Exception during request handling. 
Traceback (most recent call last):
  File "D:\Odoo\odoo\odoo\http.py", line 2572, in __call__
    if self.get_static_file(httprequest.path):
       ^^^^^^^^^^^^^^^^^^^^^^^^^^^^^^^^^^^^^^
  File "D:\Odoo\odoo\odoo\http.py", line 2471, in get_static_file
    if (static != 'static' or not resource or module not in self.statics):
                                                            ^^^^^^^^^^^^
  File "D:\Odoo\odoo\odoo\tools\func.py", line 42, in __get__
    value = self.fget(obj)
            ^^^^^^^^^^^^^^
  File "D:\Odoo\odoo\odoo\http.py", line 2440, in statics
    for module in os.listdir(addons_path):
                  ^^^^^^^^^^^^^^^^^^^^^^^
FileNotFoundError: [WinError 3] The system cannot find the path specified: 'd:\\odoo\\addons'
2026-07-28 06:36:06,337 2396 INFO ? werkzeug: 127.0.0.1 - - [28/Jul/2026 06:36:06] "GET /hr_contract/static/description/icon.png HTTP/1.1" 500 - 0 0.000 0.191
2026-07-28 06:36:27,402 2396 INFO odoo18 werkzeug: 127.0.0.1 - - [28/Jul/2026 06:36:27] "POST /web/dataset/call_button/ir.module.module/more_info HTTP/1.1" 200 - 1 0.001 0.003
2026-07-28 06:36:27,655 2396 INFO odoo18 werkzeug: 127.0.0.1 - - [28/Jul/2026 06:36:27] "POST /web/dataset/call_kw/ir.module.module/get_views HTTP/1.1" 200 - 6 0.006 0.011
2026-07-28 06:36:27,771 2396 INFO odoo18 werkzeug: 127.0.0.1 - - [28/Jul/2026 06:36:27] "POST /web/dataset/call_kw/ir.module.module/web_read HTTP/1.1" 200 - 14 0.015 0.030
2026-07-28 06:36:28,100 2396 ERROR ? odoo.http: Exception during request handling. 
Traceback (most recent call last):
  File "D:\Odoo\odoo\odoo\http.py", line 2572, in __call__
    if self.get_static_file(httprequest.path):
       ^^^^^^^^^^^^^^^^^^^^^^^^^^^^^^^^^^^^^^
  File "D:\Odoo\odoo\odoo\http.py", line 2471, in get_static_file
    if (static != 'static' or not resource or module not in self.statics):
                                                            ^^^^^^^^^^^^
  File "D:\Odoo\odoo\odoo\tools\func.py", line 42, in __get__
    value = self.fget(obj)
            ^^^^^^^^^^^^^^
  File "D:\Odoo\odoo\odoo\http.py", line 2440, in statics
    for module in os.listdir(addons_path):
                  ^^^^^^^^^^^^^^^^^^^^^^^
FileNotFoundError: [WinError 3] The system cannot find the path specified: 'd:\\odoo\\addons'
2026-07-28 06:36:28,101 2396 INFO ? werkzeug: 127.0.0.1 - - [28/Jul/2026 06:36:28] "GET /base/static/src/css/description.css HTTP/1.1" 500 - 0 0.000 0.126
2026-07-28 06:36:28,258 2396 ERROR ? odoo.http: Exception during request handling. 
Traceback (most recent call last):
  File "D:\Odoo\odoo\odoo\http.py", line 2572, in __call__
    if self.get_static_file(httprequest.path):
       ^^^^^^^^^^^^^^^^^^^^^^^^^^^^^^^^^^^^^^
  File "D:\Odoo\odoo\odoo\http.py", line 2471, in get_static_file
    if (static != 'static' or not resource or module not in self.statics):
                                                            ^^^^^^^^^^^^
  File "D:\Odoo\odoo\odoo\tools\func.py", line 42, in __get__
    value = self.fget(obj)
            ^^^^^^^^^^^^^^
  File "D:\Odoo\odoo\odoo\http.py", line 2440, in statics
    for module in os.listdir(addons_path):
                  ^^^^^^^^^^^^^^^^^^^^^^^
FileNotFoundError: [WinError 3] The system cannot find the path specified: 'd:\\odoo\\addons'
2026-07-28 06:36:28,260 2396 INFO ? werkzeug: 127.0.0.1 - - [28/Jul/2026 06:36:28] "GET /web/static/img/favicon.ico HTTP/1.1" 500 - 0 0.000 0.128
2026-07-28 06:36:37,676 2396 INFO odoo18 werkzeug: 127.0.0.1 - - [28/Jul/2026 06:36:37] "POST /web/action/load HTTP/1.1" 200 - 11 0.005 0.011
2026-07-28 06:36:38,015 2396 INFO odoo18 werkzeug: 127.0.0.1 - - [28/Jul/2026 06:36:38] "POST /web/dataset/call_kw/ir.module.module/web_search_read HTTP/1.1" 200 - 3 0.007 0.012
2026-07-28 06:36:38,108 2396 ERROR ? odoo.http: Exception during request handling. 
Traceback (most recent call last):
  File "D:\Odoo\odoo\odoo\http.py", line 2572, in __call__
    if self.get_static_file(httprequest.path):
       ^^^^^^^^^^^^^^^^^^^^^^^^^^^^^^^^^^^^^^
  File "D:\Odoo\odoo\odoo\http.py", line 2471, in get_static_file
    if (static != 'static' or not resource or module not in self.statics):
                                                            ^^^^^^^^^^^^
  File "D:\Odoo\odoo\odoo\tools\func.py", line 42, in __get__
    value = self.fget(obj)
            ^^^^^^^^^^^^^^
  File "D:\Odoo\odoo\odoo\http.py", line 2440, in statics
    for module in os.listdir(addons_path):
                  ^^^^^^^^^^^^^^^^^^^^^^^
FileNotFoundError: [WinError 3] The system cannot find the path specified: 'd:\\odoo\\addons'
2026-07-28 06:36:38,109 2396 INFO ? werkzeug: 127.0.0.1 - - [28/Jul/2026 06:36:38] "GET /web/static/img/favicon.ico HTTP/1.1" 500 - 0 0.000 0.144
2026-07-28 06:36:38,581 2396 ERROR ? odoo.http: Exception during request handling. 
Traceback (most recent call last):
  File "D:\Odoo\odoo\odoo\http.py", line 2572, in __call__
    if self.get_static_file(httprequest.path):
       ^^^^^^^^^^^^^^^^^^^^^^^^^^^^^^^^^^^^^^
  File "D:\Odoo\odoo\odoo\http.py", line 2471, in get_static_file
    if (static != 'static' or not resource or module not in self.statics):
                                                            ^^^^^^^^^^^^
  File "D:\Odoo\odoo\odoo\tools\func.py", line 42, in __get__
    value = self.fget(obj)
            ^^^^^^^^^^^^^^
  File "D:\Odoo\odoo\odoo\http.py", line 2440, in statics
    for module in os.listdir(addons_path):
                  ^^^^^^^^^^^^^^^^^^^^^^^
FileNotFoundError: [WinError 3] The system cannot find the path specified: 'd:\\odoo\\addons'
2026-07-28 06:36:38,583 2396 INFO ? werkzeug: 127.0.0.1 - - [28/Jul/2026 06:36:38] "GET /mcp_connector/static/description/icon.png HTTP/1.1" 500 - 0 0.000 0.227
2026-07-28 06:36:38,584 2396 ERROR ? odoo.http: Exception during request handling. 
Traceback (most recent call last):
  File "D:\Odoo\odoo\odoo\http.py", line 2572, in __call__
    if self.get_static_file(httprequest.path):
       ^^^^^^^^^^^^^^^^^^^^^^^^^^^^^^^^^^^^^^
  File "D:\Odoo\odoo\odoo\http.py", line 2471, in get_static_file
    if (static != 'static' or not resource or module not in self.statics):
                                                            ^^^^^^^^^^^^
  File "D:\Odoo\odoo\odoo\tools\func.py", line 42, in __get__
    value = self.fget(obj)
            ^^^^^^^^^^^^^^
  File "D:\Odoo\odoo\odoo\http.py", line 2440, in statics
    for module in os.listdir(addons_path):
                  ^^^^^^^^^^^^^^^^^^^^^^^
FileNotFoundError: [WinError 3] The system cannot find the path specified: 'd:\\odoo\\addons'
2026-07-28 06:36:38,586 2396 INFO ? werkzeug: 127.0.0.1 - - [28/Jul/2026 06:36:38] "GET /llm_mcp_server/static/description/icon.png HTTP/1.1" 500 - 0 0.000 0.229
2026-07-28 06:36:38,592 2396 ERROR ? odoo.http: Exception during request handling. 
Traceback (most recent call last):
  File "D:\Odoo\odoo\odoo\http.py", line 2572, in __call__
    if self.get_static_file(httprequest.path):
       ^^^^^^^^^^^^^^^^^^^^^^^^^^^^^^^^^^^^^^
  File "D:\Odoo\odoo\odoo\http.py", line 2471, in get_static_file
    if (static != 'static' or not resource or module not in self.statics):
                                                            ^^^^^^^^^^^^
  File "D:\Odoo\odoo\odoo\tools\func.py", line 42, in __get__
    value = self.fget(obj)
            ^^^^^^^^^^^^^^
  File "D:\Odoo\odoo\odoo\http.py", line 2440, in statics
    for module in os.listdir(addons_path):
                  ^^^^^^^^^^^^^^^^^^^^^^^
FileNotFoundError: [WinError 3] The system cannot find the path specified: 'd:\\odoo\\addons'
2026-07-28 06:36:38,594 2396 INFO ? werkzeug: 127.0.0.1 - - [28/Jul/2026 06:36:38] "GET /muk_mcp/static/description/icon.png HTTP/1.1" 500 - 0 0.000 0.236
2026-07-28 06:36:54,018 2396 INFO odoo18 werkzeug: 127.0.0.1 - - [28/Jul/2026 06:36:54] "POST /mcp HTTP/1.1" 404 - 10 0.005 0.012
2026-07-28 06:36:54,037 2396 INFO odoo18 werkzeug: 127.0.0.1 - - [28/Jul/2026 06:36:54] "GET /.well-known/oauth-protected-resource/mcp HTTP/1.1" 404 - 9 0.005 0.009
2026-07-28 06:36:54,055 2396 INFO odoo18 werkzeug: 127.0.0.1 - - [28/Jul/2026 06:36:54] "GET /.well-known/oauth-protected-resource HTTP/1.1" 404 - 9 0.005 0.009
2026-07-28 06:37:16,102 2396 INFO odoo18 werkzeug: 127.0.0.1 - - [28/Jul/2026 06:37:16] "POST /mcp HTTP/1.1" 404 - 9 0.004 0.013
2026-07-28 06:37:16,122 2396 INFO odoo18 werkzeug: 127.0.0.1 - - [28/Jul/2026 06:37:16] "GET /.well-known/oauth-protected-resource/mcp HTTP/1.1" 404 - 9 0.004 0.013
2026-07-28 06:37:16,140 2396 INFO odoo18 werkzeug: 127.0.0.1 - - [28/Jul/2026 06:37:16] "GET /.well-known/oauth-protected-resource HTTP/1.1" 404 - 9 0.002 0.013
2026-07-28 06:37:53,780 2396 INFO odoo18 werkzeug: 127.0.0.1 - - [28/Jul/2026 06:37:53] "POST /mcp HTTP/1.1" 404 - 9 0.004 0.012
2026-07-28 06:37:53,800 2396 INFO odoo18 werkzeug: 127.0.0.1 - - [28/Jul/2026 06:37:53] "GET /.well-known/oauth-protected-resource/mcp HTTP/1.1" 404 - 9 0.007 0.008
2026-07-28 06:37:53,817 2396 INFO odoo18 werkzeug: 127.0.0.1 - - [28/Jul/2026 06:37:53] "GET /.well-known/oauth-protected-resource HTTP/1.1" 404 - 9 0.004 0.011
2026-07-28 06:38:32,203 2396 INFO odoo18 werkzeug: 127.0.0.1 - - [28/Jul/2026 06:38:32] "POST /mcp HTTP/1.1" 404 - 9 0.006 0.014
2026-07-28 06:38:32,223 2396 INFO odoo18 werkzeug: 127.0.0.1 - - [28/Jul/2026 06:38:32] "GET /.well-known/oauth-protected-resource/mcp HTTP/1.1" 404 - 9 0.005 0.013
2026-07-28 06:38:32,242 2396 INFO odoo18 werkzeug: 127.0.0.1 - - [28/Jul/2026 06:38:32] "GET /.well-known/oauth-protected-resource HTTP/1.1" 404 - 9 0.006 0.009
2026-07-28 06:38:50,766 3244 INFO ? odoo: Odoo version 18.0 
2026-07-28 06:38:50,766 3244 INFO ? odoo: Using configuration file at D:\odoo-mcp\odoo.conf 
2026-07-28 06:38:50,766 3244 INFO ? odoo: addons paths: ['D:\\Odoo\\odoo\\odoo\\addons', 'd:\\odoo\\data\\addons\\18.0', 'd:\\odoo\\odoo\\addons', 'd:\\odoo\\addons', 'd:\\odoo-mcp\\custom_addons', 'd:\\odoo\\odoo\\odoo\\addons'] 
2026-07-28 06:38:50,766 3244 INFO ? odoo: database: odoo@localhost:5432 
2026-07-28 06:38:51,099 3244 INFO ? odoo.addons.base.models.ir_actions_report: You need Wkhtmltopdf to print a pdf version of the reports. 
2026-07-28 06:38:51,112 3244 INFO ? odoo.addons.base.models.ir_actions_report: You need Wkhtmltoimage to generate images from html. 
2026-07-28 06:38:51,834 3244 INFO odoo18 odoo.modules.loading: loading 1 modules... 
2026-07-28 06:38:51,843 3244 INFO odoo18 odoo.modules.loading: 1 modules loaded in 0.01s, 0 queries (+0 extra) 
2026-07-28 06:38:51,884 3244 INFO odoo18 odoo.modules.loading: updating modules list 
2026-07-28 06:38:51,890 3244 INFO odoo18 odoo.addons.base.models.ir_module: ALLOW access to module.update_list on [] to user __system__ #1 via n/a 
2026-07-28 06:38:51,989 3244 WARNING odoo18 odoo.modules.module: addons path does not exist: d:\odoo\addons 
2026-07-28 06:38:54,588 3244 INFO odoo18 odoo.addons.base.models.ir_module: ALLOW access to module.button_upgrade on ['Web'] to user __system__ #1 via n/a 
2026-07-28 06:38:54,588 3244 INFO odoo18 odoo.addons.base.models.ir_module: ALLOW access to module.update_list on ['Web'] to user __system__ #1 via n/a 
2026-07-28 06:38:54,669 3244 WARNING odoo18 odoo.modules.module: addons path does not exist: d:\odoo\addons 
2026-07-28 06:38:55,727 3244 INFO odoo18 odoo.addons.base.models.ir_module: ALLOW access to module.button_install on [] to user __system__ #1 via n/a 
2026-07-28 06:38:55,986 3244 INFO odoo18 odoo.modules.loading: loading 35 modules... 
2026-07-28 06:38:55,987 3244 INFO odoo18 odoo.modules.loading: Loading module web (2/35) 
2026-07-28 06:38:56,063 3244 INFO odoo18 odoo.modules.registry: module web: creating or updating database tables 
2026-07-28 06:38:57,213 3244 INFO odoo18 odoo.modules.loading: loading web/security/ir.model.access.csv 
2026-07-28 06:38:57,237 3244 INFO odoo18 odoo.modules.loading: loading web/views/webclient_templates.xml 
2026-07-28 06:38:57,355 3244 INFO odoo18 odoo.modules.loading: loading web/views/report_templates.xml 
2026-07-28 06:38:57,518 3244 INFO odoo18 odoo.modules.loading: loading web/views/base_document_layout_views.xml 
2026-07-28 06:38:57,545 3244 INFO odoo18 odoo.modules.loading: loading web/views/partner_view.xml 
2026-07-28 06:38:57,560 3244 INFO odoo18 odoo.modules.loading: loading web/views/speedscope_template.xml 
2026-07-28 06:38:57,570 3244 INFO odoo18 odoo.modules.loading: loading web/views/neutralize_views.xml 
2026-07-28 06:38:57,581 3244 INFO odoo18 odoo.modules.loading: loading web/data/ir_attachment.xml 
2026-07-28 06:38:57,589 3244 INFO odoo18 odoo.modules.loading: loading web/data/report_layout.xml 
2026-07-28 06:38:57,693 3244 INFO odoo18 odoo.modules.loading: Module web loaded in 1.71s, 1232 queries (+1232 other) 
2026-07-28 06:38:57,693 3244 INFO odoo18 odoo.modules.loading: Loading module auth_totp (3/35) 
2026-07-28 06:38:57,802 3244 INFO odoo18 odoo.modules.registry: module auth_totp: creating or updating database tables 
2026-07-28 06:38:57,867 3244 INFO odoo18 odoo.modules.loading: loading auth_totp/security/security.xml 
2026-07-28 06:38:57,911 3244 INFO odoo18 odoo.modules.loading: loading auth_totp/security/ir.model.access.csv 
2026-07-28 06:38:57,926 3244 INFO odoo18 odoo.modules.loading: loading auth_totp/data/ir_action_data.xml 
2026-07-28 06:38:57,939 3244 INFO odoo18 odoo.modules.loading: loading auth_totp/views/res_users_views.xml 
2026-07-28 06:38:58,024 3244 INFO odoo18 odoo.modules.loading: loading auth_totp/views/templates.xml 
2026-07-28 06:38:58,035 3244 INFO odoo18 odoo.modules.loading: loading auth_totp/wizard/auth_totp_wizard_views.xml 
2026-07-28 06:38:58,076 3244 INFO odoo18 odoo.modules.loading: Module auth_totp loaded in 0.38s, 193 queries (+193 other) 
2026-07-28 06:38:58,077 3244 INFO odoo18 odoo.modules.loading: Loading module base_import (4/35) 
2026-07-28 06:38:58,584 3244 INFO odoo18 odoo.modules.registry: module base_import: creating or updating database tables 
2026-07-28 06:38:59,749 3244 INFO odoo18 odoo.modules.loading: loading base_import/security/ir.model.access.csv 
2026-07-28 06:38:59,778 3244 INFO odoo18 odoo.modules.loading: Module base_import loaded in 1.70s, 861 queries (+861 other) 
2026-07-28 06:38:59,778 3244 INFO odoo18 odoo.modules.loading: Loading module base_import_module (5/35) 
2026-07-28 06:38:59,861 3244 INFO odoo18 odoo.modules.registry: module base_import_module: creating or updating database tables 
2026-07-28 06:38:59,941 3244 INFO odoo18 odoo.modules.loading: loading base_import_module/security/ir.model.access.csv 
2026-07-28 06:38:59,953 3244 INFO odoo18 odoo.modules.loading: loading base_import_module/views/base_import_module_view.xml 
2026-07-28 06:38:59,984 3244 INFO odoo18 odoo.modules.loading: loading base_import_module/views/ir_module_views.xml 
2026-07-28 06:39:00,066 3244 INFO odoo18 odoo.modules.loading: Module base_import_module loaded in 0.29s, 164 queries (+164 other) 
2026-07-28 06:39:00,066 3244 INFO odoo18 odoo.modules.loading: Loading module base_setup (6/35) 
2026-07-28 06:39:00,147 3244 INFO odoo18 odoo.modules.registry: module base_setup: creating or updating database tables 
2026-07-28 06:39:00,223 3244 INFO odoo18 odoo.modules.loading: loading base_setup/data/base_setup_data.xml 
2026-07-28 06:39:00,228 3244 INFO odoo18 odoo.modules.loading: loading base_setup/views/res_config_settings_views.xml 
2026-07-28 06:39:00,275 3244 INFO odoo18 odoo.modules.loading: loading base_setup/views/res_partner_views.xml 
2026-07-28 06:39:00,313 3244 INFO odoo18 odoo.modules.loading: Module base_setup loaded in 0.25s, 132 queries (+132 other) 
2026-07-28 06:39:00,313 3244 INFO odoo18 odoo.modules.loading: Loading module bus (7/35) 
2026-07-28 06:39:00,422 3244 INFO odoo18 odoo.modules.registry: module bus: creating or updating database tables 
2026-07-28 06:39:00,613 3244 INFO odoo18 odoo.modules.loading: loading bus/security/ir.model.access.csv 
2026-07-28 06:39:00,642 3244 INFO odoo18 odoo.modules.loading: Module bus loaded in 0.33s, 155 queries (+155 other) 
2026-07-28 06:39:00,643 3244 INFO odoo18 odoo.modules.loading: Loading module http_routing (8/35) 
2026-07-28 06:39:00,726 3244 INFO odoo18 odoo.modules.registry: module http_routing: creating or updating database tables 
2026-07-28 06:39:00,776 3244 INFO odoo18 odoo.modules.loading: loading http_routing/views/http_routing_template.xml 
2026-07-28 06:39:00,829 3244 INFO odoo18 odoo.modules.loading: loading http_routing/views/res_lang_views.xml 
2026-07-28 06:39:00,878 3244 INFO odoo18 odoo.modules.loading: Module http_routing loaded in 0.24s, 139 queries (+139 other) 
2026-07-28 06:39:00,878 3244 INFO odoo18 odoo.modules.loading: Loading module resource (9/35) 
2026-07-28 06:39:00,980 3244 INFO odoo18 odoo.modules.registry: module resource: creating or updating database tables 
2026-07-28 06:39:01,113 3244 INFO odoo18 odoo.modules.loading: loading resource/data/resource_data.xml 
2026-07-28 06:39:01,122 3244 INFO odoo18 odoo.modules.loading: loading resource/security/ir.model.access.csv 
2026-07-28 06:39:01,153 3244 INFO odoo18 odoo.modules.loading: loading resource/security/resource_security.xml 
2026-07-28 06:39:01,161 3244 INFO odoo18 odoo.modules.loading: loading resource/views/resource_resource_views.xml 
2026-07-28 06:39:01,207 3244 INFO odoo18 odoo.modules.loading: loading resource/views/resource_calendar_leaves_views.xml 
2026-07-28 06:39:01,259 3244 INFO odoo18 odoo.modules.loading: loading resource/views/resource_calendar_attendance_views.xml 
2026-07-28 06:39:01,277 3244 INFO odoo18 odoo.modules.loading: loading resource/views/resource_calendar_views.xml 
2026-07-28 06:39:01,312 3244 INFO odoo18 odoo.modules.loading: loading resource/views/menuitems.xml 
2026-07-28 06:39:01,367 3244 INFO odoo18 odoo.modules.loading: Module resource loaded in 0.49s, 294 queries (+294 other) 
2026-07-28 06:39:01,368 3244 INFO odoo18 odoo.modules.loading: Loading module utm (10/35) 
2026-07-28 06:39:01,460 3244 INFO odoo18 odoo.modules.registry: module utm: creating or updating database tables 
2026-07-28 06:39:01,555 3244 INFO odoo18 odoo.modules.loading: loading utm/data/utm_medium_data.xml 
2026-07-28 06:39:01,569 3244 INFO odoo18 odoo.modules.loading: loading utm/data/utm_source_data.xml 
2026-07-28 06:39:01,580 3244 INFO odoo18 odoo.modules.loading: loading utm/data/utm_stage_data.xml 
2026-07-28 06:39:01,588 3244 INFO odoo18 odoo.modules.loading: loading utm/data/utm_tag_data.xml 
2026-07-28 06:39:01,597 3244 INFO odoo18 odoo.modules.loading: loading utm/views/utm_campaign_views.xml 
2026-07-28 06:39:01,648 3244 INFO odoo18 odoo.modules.loading: loading utm/views/utm_medium_views.xml 
2026-07-28 06:39:01,678 3244 INFO odoo18 odoo.modules.loading: loading utm/views/utm_source_views.xml 
2026-07-28 06:39:01,702 3244 INFO odoo18 odoo.modules.loading: loading utm/views/utm_stage_views.xml 
2026-07-28 06:39:01,731 3244 INFO odoo18 odoo.modules.loading: loading utm/views/utm_tag_views.xml 
2026-07-28 06:39:01,746 3244 INFO odoo18 odoo.modules.loading: loading utm/views/utm_menus.xml 
2026-07-28 06:39:01,784 3244 INFO odoo18 odoo.modules.loading: loading utm/security/ir.model.access.csv 
2026-07-28 06:39:01,841 3244 INFO odoo18 odoo.modules.loading: Module utm loaded in 0.47s, 340 queries (+340 other) 
2026-07-28 06:39:01,841 3244 INFO odoo18 odoo.modules.loading: Loading module web_tour (11/35) 
2026-07-28 06:39:01,926 3244 INFO odoo18 odoo.modules.registry: module web_tour: creating or updating database tables 
2026-07-28 06:39:02,006 3244 INFO odoo18 odoo.modules.loading: loading web_tour/security/ir.model.access.csv 
2026-07-28 06:39:02,025 3244 INFO odoo18 odoo.modules.loading: loading web_tour/views/tour_views.xml 
2026-07-28 06:39:02,070 3244 INFO odoo18 odoo.modules.loading: loading web_tour/views/res_users_views.xml 
2026-07-28 06:39:02,133 3244 INFO odoo18 odoo.modules.loading: Module web_tour loaded in 0.29s, 165 queries (+165 other) 
2026-07-28 06:39:02,134 3244 INFO odoo18 odoo.modules.loading: Loading module html_editor (12/35) 
2026-07-28 06:39:02,421 3244 INFO odoo18 odoo.modules.registry: module html_editor: creating or updating database tables 
2026-07-28 06:39:02,484 3244 INFO odoo18 odoo.modules.loading: Module html_editor loaded in 0.35s, 38 queries (+38 other) 
2026-07-28 06:39:02,484 3244 INFO odoo18 odoo.modules.loading: Loading module iap (13/35) 
2026-07-28 06:39:02,578 3244 INFO odoo18 odoo.modules.registry: module iap: creating or updating database tables 
2026-07-28 06:39:02,642 3244 INFO odoo18 odoo.modules.loading: loading iap/data/services.xml 
2026-07-28 06:39:02,651 3244 INFO odoo18 odoo.modules.loading: loading iap/security/ir.model.access.csv 
2026-07-28 06:39:02,673 3244 INFO odoo18 odoo.modules.loading: loading iap/security/ir_rule.xml 
2026-07-28 06:39:02,677 3244 INFO odoo18 odoo.modules.loading: loading iap/views/iap_views.xml 
2026-07-28 06:39:02,723 3244 INFO odoo18 odoo.modules.loading: loading iap/views/res_config_settings.xml 
2026-07-28 06:39:02,793 3244 INFO odoo18 odoo.modules.loading: Module iap loaded in 0.31s, 146 queries (+146 other) 
2026-07-28 06:39:02,793 3244 INFO odoo18 odoo.modules.loading: Loading module mail (14/35) 
2026-07-28 06:39:02,995 3244 INFO odoo18 odoo.modules.registry: module mail: creating or updating database tables 
2026-07-28 06:39:05,010 3244 INFO odoo18 odoo.modules.loading: loading mail/data/mail_groups.xml 
2026-07-28 06:39:05,017 3244 INFO odoo18 odoo.modules.loading: loading mail/wizard/mail_activity_schedule_views.xml 
2026-07-28 06:39:05,038 3244 INFO odoo18 odoo.modules.loading: loading mail/wizard/mail_blacklist_remove_views.xml 
2026-07-28 06:39:05,049 3244 INFO odoo18 odoo.modules.loading: loading mail/wizard/mail_compose_message_views.xml 
2026-07-28 06:39:05,078 3244 INFO odoo18 odoo.modules.loading: loading mail/wizard/mail_resend_message_views.xml 
2026-07-28 06:39:05,097 3244 INFO odoo18 odoo.modules.loading: loading mail/wizard/mail_resend_partner_views.xml 
2026-07-28 06:39:05,111 3244 INFO odoo18 odoo.modules.loading: loading mail/wizard/mail_template_preview_views.xml 
2026-07-28 06:39:05,128 3244 INFO odoo18 odoo.modules.loading: loading mail/wizard/mail_wizard_invite_views.xml 
2026-07-28 06:39:05,140 3244 INFO odoo18 odoo.modules.loading: loading mail/wizard/mail_template_reset_views.xml 
2026-07-28 06:39:05,156 3244 INFO odoo18 odoo.modules.loading: loading mail/views/fetchmail_views.xml 
2026-07-28 06:39:05,187 3244 INFO odoo18 odoo.modules.loading: loading mail/views/mail_message_subtype_views.xml 
2026-07-28 06:39:05,212 3244 INFO odoo18 odoo.modules.loading: loading mail/views/mail_tracking_value_views.xml 
2026-07-28 06:39:05,232 3244 INFO odoo18 odoo.modules.loading: loading mail/views/mail_notification_views.xml 
2026-07-28 06:39:05,251 3244 INFO odoo18 odoo.modules.loading: loading mail/views/mail_message_views.xml 
2026-07-28 06:39:05,301 3244 INFO odoo18 odoo.modules.loading: loading mail/views/mail_message_schedule_views.xml 
2026-07-28 06:39:05,334 3244 INFO odoo18 odoo.modules.loading: loading mail/views/mail_mail_views.xml 
2026-07-28 06:39:05,373 3244 INFO odoo18 odoo.modules.loading: loading mail/views/mail_followers_views.xml 
2026-07-28 06:39:05,395 3244 INFO odoo18 odoo.modules.loading: loading mail/views/mail_ice_server_views.xml 
2026-07-28 06:39:05,415 3244 INFO odoo18 odoo.modules.loading: loading mail/views/discuss_channel_member_views.xml 
2026-07-28 06:39:05,438 3244 INFO odoo18 odoo.modules.loading: loading mail/views/discuss_channel_rtc_session_views.xml 
2026-07-28 06:39:05,464 3244 INFO odoo18 odoo.modules.loading: loading mail/views/mail_link_preview_views.xml 
2026-07-28 06:39:05,483 3244 INFO odoo18 odoo.modules.loading: loading mail/views/discuss/discuss_gif_favorite_views.xml 
2026-07-28 06:39:05,504 3244 INFO odoo18 odoo.modules.loading: loading mail/views/discuss_channel_views.xml 
2026-07-28 06:39:05,546 3244 INFO odoo18 odoo.modules.loading: loading mail/views/mail_canned_response_views.xml 
2026-07-28 06:39:05,578 3244 INFO odoo18 odoo.modules.loading: loading mail/views/mail_activity_views.xml 
2026-07-28 06:39:06,155 3244 INFO odoo18 odoo.modules.loading: loading mail/views/mail_activity_plan_views.xml 
2026-07-28 06:39:06,223 3244 INFO odoo18 odoo.modules.loading: loading mail/views/mail_activity_plan_template_views.xml 
2026-07-28 06:39:06,242 3244 INFO odoo18 odoo.modules.loading: loading mail/views/res_config_settings_views.xml 
2026-07-28 06:39:06,281 3244 INFO odoo18 odoo.modules.loading: loading mail/data/ir_config_parameter_data.xml 
2026-07-28 06:39:06,286 3244 INFO odoo18 odoo.modules.loading: loading mail/data/res_partner_data.xml 
2026-07-28 06:39:06,294 3244 INFO odoo18 odoo.modules.loading: loading mail/data/mail_message_subtype_data.xml 
2026-07-28 06:39:06,301 3244 INFO odoo18 odoo.modules.loading: loading mail/data/mail_templates_chatter.xml 
2026-07-28 06:39:06,337 3244 INFO odoo18 odoo.modules.loading: loading mail/data/mail_templates_email_layouts.xml 
2026-07-28 06:39:06,380 3244 INFO odoo18 odoo.modules.loading: loading mail/data/mail_templates_mailgateway.xml 
2026-07-28 06:39:06,414 3244 INFO odoo18 odoo.modules.loading: loading mail/data/discuss_channel_data.xml 
2026-07-28 06:39:06,445 3244 INFO odoo18 odoo.modules.loading: loading mail/data/mail_activity_data.xml 
2026-07-28 06:39:06,459 3244 INFO odoo18 odoo.modules.loading: loading mail/data/security_notifications_templates.xml 
2026-07-28 06:39:06,471 3244 INFO odoo18 odoo.modules.loading: loading mail/data/ir_cron_data.xml 
2026-07-28 06:39:06,484 3244 INFO odoo18 odoo.modules.loading: loading mail/data/ir_actions_client.xml 
2026-07-28 06:39:06,491 3244 INFO odoo18 odoo.modules.loading: loading mail/security/mail_security.xml 
2026-07-28 06:39:06,513 3244 INFO odoo18 odoo.modules.loading: loading mail/security/ir.model.access.csv 
2026-07-28 06:39:06,669 3244 INFO odoo18 odoo.modules.loading: loading mail/views/discuss_public_templates.xml 
2026-07-28 06:39:06,679 3244 INFO odoo18 odoo.modules.loading: loading mail/views/mail_alias_domain_views.xml 
2026-07-28 06:39:06,706 3244 INFO odoo18 odoo.modules.loading: loading mail/views/mail_alias_views.xml 
2026-07-28 06:39:06,737 3244 INFO odoo18 odoo.modules.loading: loading mail/views/mail_gateway_allowed_views.xml 
2026-07-28 06:39:06,758 3244 INFO odoo18 odoo.modules.loading: loading mail/views/mail_guest_views.xml 
2026-07-28 06:39:06,777 3244 INFO odoo18 odoo.modules.loading: loading mail/views/mail_message_reaction_views.xml 
2026-07-28 06:39:06,798 3244 INFO odoo18 odoo.modules.loading: loading mail/views/mail_templates_public.xml 
2026-07-28 06:39:06,816 3244 INFO odoo18 odoo.modules.loading: loading mail/views/res_users_views.xml 
2026-07-28 06:39:06,879 3244 INFO odoo18 odoo.modules.loading: loading mail/views/res_users_settings_views.xml 
2026-07-28 06:39:06,904 3244 INFO odoo18 odoo.modules.loading: loading mail/views/mail_template_views.xml 
2026-07-28 06:39:06,944 3244 INFO odoo18 odoo.modules.loading: loading mail/views/ir_actions_server_views.xml 
2026-07-28 06:39:06,967 3244 INFO odoo18 odoo.modules.loading: loading mail/views/ir_model_views.xml 
2026-07-28 06:39:07,022 3244 INFO odoo18 odoo.modules.loading: loading mail/views/res_partner_views.xml 
2026-07-28 06:39:07,100 3244 INFO odoo18 odoo.modules.loading: loading mail/views/mail_blacklist_views.xml 
2026-07-28 06:39:07,132 3244 INFO odoo18 odoo.modules.loading: loading mail/views/mail_menus.xml 
2026-07-28 06:39:07,332 3244 INFO odoo18 odoo.modules.loading: loading mail/views/res_company_views.xml 
2026-07-28 06:39:07,348 3244 INFO odoo18 odoo.modules.loading: loading mail/views/mail_scheduled_message_views.xml 
2026-07-28 06:39:07,361 3244 INFO odoo18 odoo.modules.loading: loading mail/data/mail_canned_response_data.xml 
2026-07-28 06:39:07,368 3244 INFO odoo18 odoo.modules.loading: loading mail/data/mail_templates_invite.xml 
2026-07-28 06:39:07,382 3244 INFO odoo18 odoo.modules.loading: loading mail/data/web_tour_tour.xml 
2026-07-28 06:39:07,445 3244 INFO odoo18 odoo.modules.loading: Module mail loaded in 4.65s, 3198 queries (+3198 other) 
2026-07-28 06:39:07,445 3244 INFO odoo18 odoo.modules.loading: Loading module web_editor (15/35) 
2026-07-28 06:39:07,627 3244 INFO odoo18 odoo.modules.registry: module web_editor: creating or updating database tables 
2026-07-28 06:39:09,714 3244 INFO odoo18 odoo.modules.loading: loading web_editor/security/ir.model.access.csv 
2026-07-28 06:39:09,732 3244 INFO odoo18 odoo.modules.loading: loading web_editor/data/editor_assets.xml 
2026-07-28 06:39:09,740 3244 INFO odoo18 odoo.modules.loading: loading web_editor/views/editor.xml 
2026-07-28 06:39:09,764 3244 INFO odoo18 odoo.modules.loading: loading web_editor/views/snippets.xml 
2026-07-28 06:39:09,854 3244 INFO odoo18 odoo.modules.loading: Module web_editor loaded in 2.41s, 1473 queries (+1473 other) 
2026-07-28 06:39:09,854 3244 INFO odoo18 odoo.modules.loading: Loading module auth_signup (16/35) 
2026-07-28 06:39:09,998 3244 INFO odoo18 odoo.modules.registry: module auth_signup: creating or updating database tables 
2026-07-28 06:39:10,140 3244 INFO odoo18 odoo.modules.loading: loading auth_signup/data/ir_config_parameter_data.xml 
2026-07-28 06:39:10,143 3244 INFO odoo18 odoo.modules.loading: loading auth_signup/data/ir_cron_data.xml 
2026-07-28 06:39:10,160 3244 INFO odoo18 odoo.modules.loading: loading auth_signup/data/mail_template_data.xml 
2026-07-28 06:39:10,171 3244 INFO odoo18 odoo.modules.loading: loading auth_signup/views/res_config_settings_views.xml 
2026-07-28 06:39:10,210 3244 INFO odoo18 odoo.modules.loading: loading auth_signup/views/res_users_views.xml 
2026-07-28 06:39:10,268 3244 INFO odoo18 odoo.modules.loading: loading auth_signup/views/auth_signup_login_templates.xml 
2026-07-28 06:39:10,303 3244 INFO odoo18 odoo.modules.loading: loading auth_signup/views/auth_signup_templates_email.xml 
2026-07-28 06:39:10,325 3244 INFO odoo18 odoo.modules.loading: loading auth_signup/views/webclient_templates.xml 
2026-07-28 06:39:10,366 3244 INFO odoo18 odoo.modules.loading: Module auth_signup loaded in 0.51s, 249 queries (+249 other) 
2026-07-28 06:39:10,366 3244 INFO odoo18 odoo.modules.loading: Loading module auth_totp_mail (17/35) 
2026-07-28 06:39:10,504 3244 INFO odoo18 odoo.modules.registry: module auth_totp_mail: creating or updating database tables 
2026-07-28 06:39:10,575 3244 INFO odoo18 odoo.modules.loading: loading auth_totp_mail/data/ir_action_data.xml 
2026-07-28 06:39:10,591 3244 INFO odoo18 odoo.modules.loading: loading auth_totp_mail/data/mail_template_data.xml 
2026-07-28 06:39:10,596 3244 INFO odoo18 odoo.modules.loading: loading auth_totp_mail/data/security_notifications_template.xml 
2026-07-28 06:39:10,610 3244 INFO odoo18 odoo.modules.loading: loading auth_totp_mail/views/res_users_views.xml 
2026-07-28 06:39:10,700 3244 INFO odoo18 odoo.modules.loading: Module auth_totp_mail loaded in 0.33s, 137 queries (+137 other) 
2026-07-28 06:39:10,700 3244 INFO odoo18 odoo.modules.loading: Loading module base_install_request (18/35) 
2026-07-28 06:39:10,909 3244 INFO odoo18 odoo.modules.registry: module base_install_request: creating or updating database tables 
2026-07-28 06:39:10,981 3244 INFO odoo18 odoo.modules.loading: loading base_install_request/security/ir.model.access.csv 
2026-07-28 06:39:11,003 3244 INFO odoo18 odoo.modules.loading: loading base_install_request/wizard/base_module_install_request_views.xml 
2026-07-28 06:39:11,036 3244 INFO odoo18 odoo.modules.loading: loading base_install_request/data/mail_template_data.xml 
2026-07-28 06:39:11,041 3244 INFO odoo18 odoo.modules.loading: loading base_install_request/data/mail_templates_module_install.xml 
2026-07-28 06:39:11,053 3244 INFO odoo18 odoo.modules.loading: loading base_install_request/views/ir_module_module_views.xml 
2026-07-28 06:39:11,107 3244 INFO odoo18 odoo.modules.loading: Module base_install_request loaded in 0.41s, 133 queries (+133 other) 
2026-07-28 06:39:11,107 3244 INFO odoo18 odoo.modules.loading: Loading module calendar (19/35) 
2026-07-28 06:39:11,293 3244 INFO odoo18 odoo.modules.registry: module calendar: creating or updating database tables 
2026-07-28 06:39:11,639 3244 INFO odoo18 odoo.modules.loading: loading calendar/security/ir.model.access.csv 
2026-07-28 06:39:11,685 3244 INFO odoo18 odoo.modules.loading: loading calendar/security/calendar_security.xml 
2026-07-28 06:39:11,694 3244 INFO odoo18 odoo.modules.loading: loading calendar/data/calendar_cron.xml 
2026-07-28 06:39:11,698 3244 INFO odoo18 odoo.modules.loading: loading calendar/data/mail_template_data.xml 
2026-07-28 06:39:11,707 3244 INFO odoo18 odoo.modules.loading: loading calendar/data/calendar_data.xml 
2026-07-28 06:39:11,718 3244 INFO odoo18 odoo.modules.loading: loading calendar/data/mail_activity_type_data.xml 
2026-07-28 06:39:11,724 3244 INFO odoo18 odoo.modules.loading: loading calendar/data/mail_message_subtype_data.xml 
2026-07-28 06:39:11,728 3244 INFO odoo18 odoo.modules.loading: loading calendar/views/mail_activity_views.xml 
2026-07-28 06:39:11,750 3244 INFO odoo18 odoo.modules.loading: loading calendar/views/calendar_templates.xml 
2026-07-28 06:39:11,764 3244 INFO odoo18 odoo.modules.loading: loading calendar/views/calendar_views.xml 
2026-07-28 06:39:11,994 3244 INFO odoo18 odoo.modules.loading: loading calendar/views/res_config_settings_views.xml 
2026-07-28 06:39:12,031 3244 INFO odoo18 odoo.modules.loading: loading calendar/views/res_partner_views.xml 
2026-07-28 06:39:12,073 3244 INFO odoo18 odoo.modules.loading: loading calendar/views/res_users_views.xml 
2026-07-28 06:39:12,131 3244 INFO odoo18 odoo.modules.loading: loading calendar/wizard/calendar_provider_config.xml 
2026-07-28 06:39:12,144 3244 INFO odoo18 odoo.modules.loading: loading calendar/wizard/calendar_popover_delete_wizard.xml 
2026-07-28 06:39:12,158 3244 INFO odoo18 odoo.modules.loading: loading calendar/wizard/mail_activity_schedule_views.xml 
2026-07-28 06:39:12,208 3244 INFO odoo18 odoo.modules.loading: Module calendar loaded in 1.10s, 606 queries (+606 other) 
2026-07-28 06:39:12,208 3244 INFO odoo18 odoo.modules.loading: Loading module contacts (20/35) 
2026-07-28 06:39:12,355 3244 INFO odoo18 odoo.modules.registry: module contacts: creating or updating database tables 
2026-07-28 06:39:12,477 3244 INFO odoo18 odoo.modules.loading: loading contacts/views/contact_views.xml 
2026-07-28 06:39:12,603 3244 INFO odoo18 odoo.modules.loading: Module contacts loaded in 0.40s, 213 queries (+213 other) 
2026-07-28 06:39:12,603 3244 INFO odoo18 odoo.modules.loading: Loading module google_gmail (21/35) 
2026-07-28 06:39:12,759 3244 INFO odoo18 odoo.modules.registry: module google_gmail: creating or updating database tables 
2026-07-28 06:39:12,846 3244 INFO odoo18 odoo.modules.loading: loading google_gmail/views/fetchmail_server_views.xml 
2026-07-28 06:39:12,871 3244 INFO odoo18 odoo.modules.loading: loading google_gmail/views/ir_mail_server_views.xml 
2026-07-28 06:39:12,892 3244 INFO odoo18 odoo.modules.loading: loading google_gmail/views/res_config_settings_views.xml 
2026-07-28 06:39:12,946 3244 INFO odoo18 odoo.modules.loading: Module google_gmail loaded in 0.34s, 118 queries (+118 other) 
2026-07-28 06:39:12,946 3244 INFO odoo18 odoo.modules.loading: Loading module iap_mail (22/35) 
2026-07-28 06:39:13,094 3244 INFO odoo18 odoo.modules.registry: module iap_mail: creating or updating database tables 
2026-07-28 06:39:13,151 3244 INFO odoo18 odoo.modules.loading: loading iap_mail/data/mail_templates.xml 
2026-07-28 06:39:13,177 3244 INFO odoo18 odoo.modules.loading: loading iap_mail/views/iap_views.xml 
2026-07-28 06:39:13,214 3244 INFO odoo18 odoo.modules.loading: Module iap_mail loaded in 0.27s, 82 queries (+82 other) 
2026-07-28 06:39:13,214 3244 INFO odoo18 odoo.modules.loading: Loading module mail_bot (23/35) 
2026-07-28 06:39:13,368 3244 INFO odoo18 odoo.modules.registry: module mail_bot: creating or updating database tables 
2026-07-28 06:39:13,470 3244 INFO odoo18 odoo.modules.loading: loading mail_bot/views/res_users_views.xml 
2026-07-28 06:39:13,548 3244 INFO odoo18 odoo.modules.loading: loading mail_bot/data/mailbot_data.xml 
2026-07-28 06:39:13,573 3244 INFO odoo18 odoo.modules.loading: Module mail_bot loaded in 0.36s, 135 queries (+135 other) 
2026-07-28 06:39:13,573 3244 INFO odoo18 odoo.modules.loading: Loading module phone_validation (24/35) 
2026-07-28 06:39:13,767 3244 INFO odoo18 odoo.modules.registry: module phone_validation: creating or updating database tables 
2026-07-28 06:39:13,862 5228 INFO ? odoo: Odoo version 18.0 
2026-07-28 06:39:13,862 5228 INFO ? odoo: Using configuration file at D:\odoo-mcp\odoo.conf 
2026-07-28 06:39:13,863 5228 INFO ? odoo: addons paths: ['D:\\Odoo\\odoo\\odoo\\addons', 'd:\\odoo\\data\\addons\\18.0', 'd:\\odoo\\odoo\\addons', 'd:\\odoo\\addons', 'd:\\odoo-mcp\\custom_addons', 'd:\\odoo\\odoo\\odoo\\addons'] 
2026-07-28 06:39:13,863 5228 INFO ? odoo: database: odoo@localhost:5432 
2026-07-28 06:39:14,135 5228 INFO ? odoo.addons.base.models.ir_actions_report: You need Wkhtmltopdf to print a pdf version of the reports. 
2026-07-28 06:39:14,149 5228 INFO ? odoo.addons.base.models.ir_actions_report: You need Wkhtmltoimage to generate images from html. 
2026-07-28 06:39:15,469 5228 INFO ? odoo.service.server: HTTP service (werkzeug) running on Annu:8069 
2026-07-28 06:39:16,275 3244 INFO odoo18 odoo.modules.loading: loading phone_validation/security/ir.model.access.csv 
2026-07-28 06:39:16,300 3244 INFO odoo18 odoo.modules.loading: loading phone_validation/views/phone_blacklist_views.xml 
2026-07-28 06:39:16,360 3244 INFO odoo18 odoo.modules.loading: loading phone_validation/wizard/phone_blacklist_remove_view.xml 
2026-07-28 06:39:16,396 3244 INFO odoo18 odoo.modules.loading: Module phone_validation loaded in 2.82s, 1549 queries (+1549 other) 
2026-07-28 06:39:16,396 3244 INFO odoo18 odoo.modules.loading: Loading module privacy_lookup (25/35) 
2026-07-28 06:39:16,557 3244 INFO odoo18 odoo.modules.registry: module privacy_lookup: creating or updating database tables 
2026-07-28 06:39:16,716 3244 INFO odoo18 odoo.modules.loading: loading privacy_lookup/wizard/privacy_lookup_wizard_views.xml 
2026-07-28 06:39:16,770 3244 INFO odoo18 odoo.modules.loading: loading privacy_lookup/views/privacy_log_views.xml 
2026-07-28 06:39:16,803 3244 INFO odoo18 odoo.modules.loading: loading privacy_lookup/security/ir.model.access.csv 
2026-07-28 06:39:16,830 3244 INFO odoo18 odoo.modules.loading: loading privacy_lookup/data/ir_actions_server_data.xml 
2026-07-28 06:39:16,865 3244 INFO odoo18 odoo.modules.loading: Module privacy_lookup loaded in 0.47s, 217 queries (+217 other) 
2026-07-28 06:39:16,865 3244 INFO odoo18 odoo.modules.loading: Loading module resource_mail (26/35) 
2026-07-28 06:39:17,017 3244 INFO odoo18 odoo.modules.registry: module resource_mail: creating or updating database tables 
2026-07-28 06:39:17,078 3244 INFO odoo18 odoo.modules.loading: Module resource_mail loaded in 0.21s, 37 queries (+37 other) 
2026-07-28 06:39:17,079 3244 INFO odoo18 odoo.modules.loading: Loading module sales_team (27/35) 
2026-07-28 06:39:17,241 3244 INFO odoo18 odoo.modules.registry: module sales_team: creating or updating database tables 
2026-07-28 06:39:17,355 3244 INFO odoo18 odoo.modules.loading: loading sales_team/security/sales_team_security.xml 
2026-07-28 06:39:17,434 3244 INFO odoo18 odoo.modules.loading: loading sales_team/security/ir.model.access.csv 
2026-07-28 06:39:17,467 3244 INFO odoo18 odoo.modules.loading: loading sales_team/data/crm_team_data.xml 
2026-07-28 06:39:17,480 3244 INFO odoo18 odoo.modules.loading: loading sales_team/views/crm_tag_views.xml 
2026-07-28 06:39:17,511 3244 INFO odoo18 odoo.modules.loading: loading sales_team/views/crm_team_views.xml 
2026-07-28 06:39:17,571 3244 INFO odoo18 odoo.modules.loading: loading sales_team/views/crm_team_member_views.xml 
2026-07-28 06:39:17,637 3244 INFO odoo18 odoo.modules.loading: loading sales_team/views/mail_activity_views.xml 
2026-07-28 06:39:17,667 3244 INFO odoo18 odoo.modules.loading: Module sales_team loaded in 0.59s, 349 queries (+349 other) 
2026-07-28 06:39:17,668 3244 INFO odoo18 odoo.modules.loading: Loading module web_unsplash (28/35) 
2026-07-28 06:39:17,832 3244 INFO odoo18 odoo.modules.registry: module web_unsplash: creating or updating database tables 
2026-07-28 06:39:17,934 3244 INFO odoo18 odoo.modules.loading: loading web_unsplash/views/res_config_settings_view.xml 
2026-07-28 06:39:17,993 3244 INFO odoo18 odoo.modules.loading: Module web_unsplash loaded in 0.32s, 101 queries (+101 other) 
2026-07-28 06:39:17,993 3244 INFO odoo18 odoo.modules.loading: Loading module portal (29/35) 
2026-07-28 06:39:18,177 3244 INFO odoo18 odoo.modules.registry: module portal: creating or updating database tables 
2026-07-28 06:39:18,577 3244 INFO odoo18 odoo.modules.loading: loading portal/security/ir.model.access.csv 
2026-07-28 06:39:18,597 3244 INFO odoo18 odoo.modules.loading: loading portal/data/mail_template_data.xml 
2026-07-28 06:39:18,601 3244 INFO odoo18 odoo.modules.loading: loading portal/data/mail_templates.xml 
2026-07-28 06:39:18,605 3244 INFO odoo18 odoo.modules.loading: loading portal/views/mail_templates_public.xml 
2026-07-28 06:39:18,620 3244 INFO odoo18 odoo.modules.loading: loading portal/views/portal_templates.xml 
2026-07-28 06:39:18,866 3244 INFO odoo18 odoo.modules.loading: loading portal/views/res_config_settings_views.xml 
2026-07-28 06:39:18,912 3244 INFO odoo18 odoo.modules.loading: loading portal/wizard/portal_share_views.xml 
2026-07-28 06:39:18,930 3244 INFO odoo18 odoo.modules.loading: loading portal/wizard/portal_wizard_views.xml 
2026-07-28 06:39:18,985 3244 INFO odoo18 odoo.modules.loading: Module portal loaded in 0.99s, 600 queries (+600 other) 
2026-07-28 06:39:18,985 3244 INFO odoo18 odoo.modules.loading: Loading module auth_totp_portal (30/35) 
2026-07-28 06:39:19,149 3244 INFO odoo18 odoo.modules.registry: module auth_totp_portal: creating or updating database tables 
2026-07-28 06:39:19,221 3244 INFO odoo18 odoo.modules.loading: loading auth_totp_portal/security/security.xml 
2026-07-28 06:39:19,229 3244 INFO odoo18 odoo.modules.loading: loading auth_totp_portal/views/templates.xml 
2026-07-28 06:39:19,263 3244 INFO odoo18 odoo.modules.loading: Module auth_totp_portal loaded in 0.28s, 73 queries (+73 other) 
2026-07-28 06:39:19,263 3244 INFO odoo18 odoo.modules.loading: Loading module digest (31/35) 
2026-07-28 06:39:19,438 3244 INFO odoo18 odoo.modules.registry: module digest: creating or updating database tables 
2026-07-28 06:39:19,645 3244 INFO odoo18 odoo.modules.loading: loading digest/security/ir.model.access.csv 
2026-07-28 06:39:19,672 3244 INFO odoo18 odoo.modules.loading: loading digest/data/digest_data.xml 
2026-07-28 06:39:19,682 3244 INFO odoo18 odoo.modules.loading: loading digest/data/digest_tips_data.xml 
2026-07-28 06:39:19,722 3244 INFO odoo18 odoo.modules.loading: loading digest/data/ir_cron_data.xml 
2026-07-28 06:39:19,742 3244 INFO odoo18 odoo.modules.loading: loading digest/data/res_config_settings_data.xml 
2026-07-28 06:39:19,748 3244 INFO odoo18 odoo.modules.loading: loading digest/views/digest_views.xml 
2026-07-28 06:39:19,836 3244 INFO odoo18 odoo.modules.loading: loading digest/views/digest_templates.xml 
2026-07-28 06:39:19,848 3244 INFO odoo18 odoo.modules.loading: loading digest/views/res_config_settings_views.xml 
2026-07-28 06:39:19,961 3244 INFO odoo18 odoo.modules.loading: Module digest loaded in 0.70s, 280 queries (+280 other) 
2026-07-28 06:39:19,961 3244 INFO odoo18 odoo.modules.loading: Loading module crm (32/35) 
2026-07-28 06:39:20,188 3244 INFO odoo18 odoo.modules.registry: module crm: creating or updating database tables 
2026-07-28 06:39:20,647 3244 INFO odoo18 odoo.modules.loading: loading crm/security/crm_security.xml 
2026-07-28 06:39:20,672 3244 INFO odoo18 odoo.modules.loading: loading crm/security/ir.model.access.csv 
2026-07-28 06:39:20,750 3244 INFO odoo18 odoo.modules.loading: loading crm/data/crm_lead_merge_template.xml 
2026-07-28 06:39:20,764 3244 INFO odoo18 odoo.modules.loading: loading crm/data/crm_lead_prediction_data.xml 
2026-07-28 06:39:20,791 3244 INFO odoo18 odoo.modules.loading: loading crm/data/crm_lost_reason_data.xml 
2026-07-28 06:39:20,799 3244 INFO odoo18 odoo.modules.loading: loading crm/data/crm_stage_data.xml 
2026-07-28 06:39:20,807 3244 INFO odoo18 odoo.modules.loading: loading crm/data/crm_team_data.xml 
2026-07-28 06:39:20,814 3244 INFO odoo18 odoo.modules.loading: loading crm/data/digest_data.xml 
2026-07-28 06:39:20,844 3244 INFO odoo18 odoo.modules.loading: loading crm/data/ir_action_data.xml 
2026-07-28 06:39:20,860 3244 INFO odoo18 odoo.modules.loading: loading crm/data/ir_cron_data.xml 
2026-07-28 06:39:20,864 3244 INFO odoo18 odoo.modules.loading: loading crm/data/mail_message_subtype_data.xml 
2026-07-28 06:39:20,876 3244 INFO odoo18 odoo.modules.loading: loading crm/data/crm_recurring_plan_data.xml 
2026-07-28 06:39:20,883 3244 INFO odoo18 odoo.modules.loading: loading crm/data/crm_tour.xml 
2026-07-28 06:39:20,892 3244 INFO odoo18 odoo.modules.loading: loading crm/wizard/crm_lead_lost_views.xml 
2026-07-28 06:39:20,910 3244 INFO odoo18 odoo.modules.loading: loading crm/wizard/crm_lead_to_opportunity_views.xml 
2026-07-28 06:39:20,929 3244 INFO odoo18 odoo.modules.loading: loading crm/wizard/crm_lead_to_opportunity_mass_views.xml 
2026-07-28 06:39:20,947 3244 INFO odoo18 odoo.modules.loading: loading crm/wizard/crm_merge_opportunities_views.xml 
2026-07-28 06:39:20,965 3244 INFO odoo18 odoo.modules.loading: loading crm/wizard/crm_lead_pls_update_views.xml 
2026-07-28 06:39:20,979 3244 INFO odoo18 odoo.modules.loading: loading crm/views/calendar_views.xml 
2026-07-28 06:39:20,997 3244 INFO odoo18 odoo.modules.loading: loading crm/views/crm_recurring_plan_views.xml 
2026-07-28 06:39:21,019 3244 INFO odoo18 odoo.modules.loading: loading crm/views/crm_lost_reason_views.xml 
2026-07-28 06:39:21,047 3244 INFO odoo18 odoo.modules.loading: loading crm/views/crm_stage_views.xml 
2026-07-28 06:39:21,075 3244 INFO odoo18 odoo.modules.loading: loading crm/views/crm_lead_views.xml 
2026-07-28 06:39:21,377 3244 INFO odoo18 odoo.modules.loading: loading crm/views/crm_team_member_views.xml 
2026-07-28 06:39:21,418 3244 INFO odoo18 odoo.modules.loading: loading crm/views/digest_views.xml 
2026-07-28 06:39:21,439 3244 INFO odoo18 odoo.modules.loading: loading crm/views/mail_activity_plan_views.xml 
2026-07-28 06:39:21,447 3244 INFO odoo18 odoo.modules.loading: loading crm/views/mail_activity_views.xml 
2026-07-28 06:39:21,455 3244 INFO odoo18 odoo.modules.loading: loading crm/views/res_config_settings_views.xml 
2026-07-28 06:39:21,503 3244 INFO odoo18 odoo.modules.loading: loading crm/views/res_partner_views.xml 
2026-07-28 06:39:21,542 3244 INFO odoo18 odoo.modules.loading: loading crm/views/utm_campaign_views.xml 
2026-07-28 06:39:21,570 3244 INFO odoo18 odoo.modules.loading: loading crm/report/crm_activity_report_views.xml 
2026-07-28 06:39:21,609 3244 INFO odoo18 odoo.modules.loading: loading crm/report/crm_opportunity_report_views.xml 
2026-07-28 06:39:21,707 3244 INFO odoo18 odoo.models.unlink: User #1 deleted ir.actions.act_window.view records with IDs: [67, 68, 69] 
2026-07-28 06:39:21,724 3244 INFO odoo18 odoo.models.unlink: User #1 deleted ir.actions.act_window.view records with IDs: [70, 71, 72, 73] 
2026-07-28 06:39:21,730 3244 INFO odoo18 odoo.modules.loading: loading crm/views/crm_team_views.xml 
2026-07-28 06:39:21,743 3244 INFO odoo18 odoo.models.unlink: User #1 deleted ir.actions.act_window.view records with IDs: [74, 75] 
2026-07-28 06:39:21,831 3244 INFO odoo18 odoo.modules.loading: loading crm/views/crm_menu_views.xml 
2026-07-28 06:39:21,982 3244 INFO odoo18 odoo.modules.loading: loading crm/views/crm_helper_templates.xml 
2026-07-28 06:39:22,029 3244 INFO odoo18 odoo.modules.loading: Module crm loaded in 2.07s, 1567 queries (+1567 other) 
2026-07-28 06:39:22,029 3244 INFO odoo18 odoo.modules.loading: Loading module iap_crm (33/35) 
2026-07-28 06:39:22,208 3244 INFO odoo18 odoo.modules.registry: module iap_crm: creating or updating database tables 
2026-07-28 06:39:22,294 3244 INFO odoo18 odoo.modules.loading: Module iap_crm loaded in 0.26s, 58 queries (+58 other) 
2026-07-28 06:39:22,294 3244 INFO odoo18 odoo.modules.loading: Loading module crm_iap_enrich (34/35) 
2026-07-28 06:39:22,475 3244 INFO odoo18 odoo.modules.registry: module crm_iap_enrich: creating or updating database tables 
2026-07-28 06:39:22,569 3244 INFO odoo18 odoo.modules.loading: loading crm_iap_enrich/data/ir_cron.xml 
2026-07-28 06:39:22,585 3244 INFO odoo18 odoo.modules.loading: loading crm_iap_enrich/data/ir_action.xml 
2026-07-28 06:39:22,593 3244 INFO odoo18 odoo.modules.loading: loading crm_iap_enrich/data/mail_templates.xml 
2026-07-28 06:39:22,598 3244 INFO odoo18 odoo.modules.loading: loading crm_iap_enrich/views/crm_lead_views.xml 
2026-07-28 06:39:22,635 3244 INFO odoo18 odoo.modules.loading: loading crm_iap_enrich/views/res_config_settings_view.xml 
2026-07-28 06:39:22,704 3244 INFO odoo18 odoo.modules.loading: Module crm_iap_enrich loaded in 0.41s, 153 queries (+153 other) 
2026-07-28 06:39:22,704 3244 INFO odoo18 odoo.modules.loading: Loading module crm_iap_mine (35/35) 
2026-07-28 06:39:22,891 3244 INFO odoo18 odoo.modules.registry: module crm_iap_mine: creating or updating database tables 
2026-07-28 06:39:23,040 3244 INFO odoo18 odoo.modules.loading: loading crm_iap_mine/data/crm.iap.lead.industry.csv 
2026-07-28 06:39:23,057 3244 INFO odoo18 odoo.modules.loading: loading crm_iap_mine/data/crm.iap.lead.role.csv 
2026-07-28 06:39:23,071 3244 INFO odoo18 odoo.modules.loading: loading crm_iap_mine/data/crm.iap.lead.seniority.csv 
2026-07-28 06:39:23,080 3244 INFO odoo18 odoo.modules.loading: loading crm_iap_mine/data/mail_template_data.xml 
2026-07-28 06:39:23,084 3244 INFO odoo18 odoo.modules.loading: loading crm_iap_mine/data/ir_sequence_data.xml 
2026-07-28 06:39:23,092 3244 INFO odoo18 odoo.modules.loading: loading crm_iap_mine/security/ir.model.access.csv 
2026-07-28 06:39:23,113 3244 INFO odoo18 odoo.modules.loading: loading crm_iap_mine/views/crm_lead_views.xml 
2026-07-28 06:39:23,178 3244 INFO odoo18 odoo.modules.loading: loading crm_iap_mine/views/crm_iap_lead_mining_request_views.xml 
2026-07-28 06:39:23,214 3244 INFO odoo18 odoo.modules.loading: loading crm_iap_mine/views/res_config_settings_views.xml 
2026-07-28 06:39:23,262 3244 INFO odoo18 odoo.modules.loading: loading crm_iap_mine/views/mail_templates.xml 
2026-07-28 06:39:23,279 3244 INFO odoo18 odoo.modules.loading: loading crm_iap_mine/views/crm_menus.xml 
2026-07-28 06:39:23,316 3244 INFO odoo18 odoo.modules.loading: Module crm_iap_mine loaded in 0.61s, 295 queries (+295 other) 
2026-07-28 06:39:23,317 3244 INFO odoo18 odoo.modules.loading: 35 modules loaded in 27.33s, 15482 queries (+15482 extra) 
2026-07-28 06:39:23,703 3244 INFO odoo18 odoo.modules.loading: Model iap.autocomplete.api is declared but cannot be loaded! (Perhaps a module was partially removed or renamed) 
2026-07-28 06:39:23,703 3244 INFO odoo18 odoo.modules.loading: Model res.partner.autocomplete.sync is declared but cannot be loaded! (Perhaps a module was partially removed or renamed) 
2026-07-28 06:39:24,216 3244 INFO odoo18 odoo.modules.loading: Modules loaded. 
2026-07-28 06:39:24,221 3244 INFO odoo18 odoo.modules.registry: Registry changed, signaling through the database 
2026-07-28 06:39:24,223 3244 INFO odoo18 odoo.modules.registry: Registry loaded in 32.612s 
2026-07-28 06:39:24,223 3244 INFO odoo18 odoo.service.server: Initiating shutdown 
2026-07-28 06:39:24,223 3244 INFO odoo18 odoo.service.server: Hit CTRL-C again or send a second signal to force the shutdown. 
2026-07-28 06:39:24,224 3244 INFO odoo18 odoo.sql_db: ConnectionPool(read/write;used=0/count=0/max=64): Closed 1 connections  
2026-07-28 06:39:24,722 2396 INFO ? odoo.modules.registry: Reloading the model registry after database signaling. 
2026-07-28 06:39:24,741 2396 INFO ? odoo.modules.loading: loading 1 modules... 
2026-07-28 06:39:24,750 2396 INFO ? odoo.modules.loading: 1 modules loaded in 0.01s, 0 queries (+0 extra) 
2026-07-28 06:39:24,760 2396 INFO ? odoo.modules.loading: loading 35 modules... 
2026-07-28 06:39:24,801 2396 INFO ? odoo.modules.loading: 35 modules loaded in 0.04s, 0 queries (+0 extra) 
2026-07-28 06:39:24,908 2396 INFO ? odoo.modules.loading: Modules loaded. 
2026-07-28 06:39:24,911 2396 INFO ? odoo.modules.registry: Registry loaded in 0.189s 
2026-07-28 06:39:24,912 2396 INFO odoo18 odoo.addons.base.models.ir_http: Generating routing map for key None 
2026-07-28 06:39:25,578 2396 INFO odoo18 werkzeug: 127.0.0.1 - - [28/Jul/2026 06:39:25] "POST /mcp HTTP/1.1" 404 - 100 0.074 0.784
2026-07-28 06:39:25,596 2396 INFO odoo18 werkzeug: 127.0.0.1 - - [28/Jul/2026 06:39:25] "GET /.well-known/oauth-protected-resource/mcp HTTP/1.1" 404 - 9 0.004 0.012
2026-07-28 06:39:25,611 2396 INFO odoo18 werkzeug: 127.0.0.1 - - [28/Jul/2026 06:39:25] "GET /.well-known/oauth-protected-resource HTTP/1.1" 404 - 9 0.002 0.011
2026-07-28 06:39:32,172 10228 INFO ? odoo: Odoo version 18.0 
2026-07-28 06:39:32,172 10228 INFO ? odoo: Using configuration file at D:\odoo-mcp\odoo.conf 
2026-07-28 06:39:32,172 10228 INFO ? odoo: addons paths: ['D:\\Odoo\\odoo\\odoo\\addons', 'd:\\odoo\\data\\addons\\18.0', 'd:\\odoo\\odoo\\addons', 'd:\\odoo\\addons', 'd:\\odoo-mcp\\custom_addons', 'd:\\odoo\\odoo\\odoo\\addons'] 
2026-07-28 06:39:32,172 10228 INFO ? odoo: database: odoo@localhost:5432 
2026-07-28 06:39:32,434 10228 INFO ? odoo.addons.base.models.ir_actions_report: You need Wkhtmltopdf to print a pdf version of the reports. 
2026-07-28 06:39:32,447 10228 INFO ? odoo.addons.base.models.ir_actions_report: You need Wkhtmltoimage to generate images from html. 
2026-07-28 06:39:33,719 10228 INFO ? odoo.service.server: HTTP service (werkzeug) running on Annu:8069 
2026-07-28 06:40:45,966 2668 INFO odoo18 odoo.modules.registry: Reloading the model registry after database signaling. 
2026-07-28 06:40:46,048 2668 INFO odoo18 odoo.modules.loading: loading 1 modules... 
2026-07-28 06:40:46,057 2668 INFO odoo18 odoo.modules.loading: 1 modules loaded in 0.01s, 0 queries (+0 extra) 
2026-07-28 06:40:46,064 2668 INFO odoo18 odoo.modules.loading: loading 35 modules... 
2026-07-28 06:40:46,097 2668 INFO odoo18 odoo.modules.loading: 35 modules loaded in 0.03s, 0 queries (+0 extra) 
2026-07-28 06:40:46,213 2668 INFO odoo18 odoo.modules.loading: Modules loaded. 
2026-07-28 06:40:46,220 2668 INFO odoo18 odoo.modules.registry: Registry loaded in 0.253s 
2026-07-28 06:40:46,260 2668 INFO odoo18 odoo.addons.base.models.ir_cron: Job 'Base: Auto-vacuum internal data' (21) starting 
2026-07-28 06:40:46,318 2668 INFO odoo18 odoo.addons.base.models.ir_attachment: filestore gc 6 checked, 0 removed 
2026-07-28 06:40:46,403 2668 INFO odoo18 odoo.addons.base.models.res_users: GC'd 0 user log entries 
2026-07-28 06:40:46,419 2668 INFO odoo18 odoo.addons.base.models.res_users: GC 'res.users.apikeys' delete 0 entries 
2026-07-28 06:40:46,431 2668 INFO odoo18 odoo.addons.base.models.res_device: GC device logs delete 0 entries 
2026-07-28 06:40:46,435 2668 INFO odoo18 odoo.addons.base.models.res_device: GC device logs delete 0 entries 
2026-07-28 06:40:46,465 2668 INFO odoo18 odoo.addons.base.models.res_users: GC 'auth_totp.device' delete 0 entries 
2026-07-28 06:40:46,664 2668 INFO odoo18 odoo.addons.base.models.ir_cron: Job 'Base: Auto-vacuum internal data' (21) done in 0.404s 
2026-07-28 06:40:46,667 2668 INFO odoo18 odoo.addons.base.models.ir_cron: Job 'Base: Auto-vacuum internal data' (21) processed 0 records, 0 records remaining 
2026-07-28 06:40:46,684 2668 INFO odoo18 odoo.addons.base.models.ir_cron: Job 'Base: Auto-vacuum internal data' (21) completed 
2026-07-28 06:40:51,084 2668 INFO odoo18 odoo.service.server: Initiating shutdown 
2026-07-28 06:40:51,084 2668 INFO odoo18 odoo.service.server: Hit CTRL-C again or send a second signal to force the shutdown. 
2026-07-28 06:40:51,222 2668 INFO odoo18 odoo.sql_db: ConnectionPool(read/write;used=0/count=0/max=64): Closed 5 connections  
2026-07-28 06:40:57,289 336 INFO ? odoo: Odoo version 18.0 
2026-07-28 06:40:57,289 336 INFO ? odoo: Using configuration file at D:\odoo-mcp\odoo.conf 
2026-07-28 06:40:57,290 336 INFO ? odoo: addons paths: ['D:\\Odoo\\odoo\\odoo\\addons', 'd:\\odoo\\data\\addons\\18.0', 'd:\\odoo\\odoo\\addons', 'd:\\odoo\\addons', 'd:\\odoo-mcp\\custom_addons', 'd:\\odoo\\odoo\\odoo\\addons'] 
2026-07-28 06:40:57,290 336 INFO ? odoo: database: odoo@localhost:5432 
2026-07-28 06:40:57,614 336 INFO ? odoo.addons.base.models.ir_actions_report: You need Wkhtmltopdf to print a pdf version of the reports. 
2026-07-28 06:40:57,629 336 INFO ? odoo.addons.base.models.ir_actions_report: You need Wkhtmltoimage to generate images from html. 
2026-07-28 06:40:58,974 336 INFO ? odoo.service.server: HTTP service (werkzeug) running on Annu:8069 
2026-07-28 06:40:59,088 336 INFO odoo18 odoo.modules.loading: loading 1 modules... 
2026-07-28 06:40:59,097 336 INFO odoo18 odoo.modules.loading: 1 modules loaded in 0.01s, 0 queries (+0 extra) 
2026-07-28 06:40:59,139 336 INFO odoo18 odoo.modules.loading: updating modules list 
2026-07-28 06:40:59,145 336 INFO odoo18 odoo.addons.base.models.ir_module: ALLOW access to module.update_list on [] to user __system__ #1 via n/a 
2026-07-28 06:40:59,241 336 WARNING odoo18 odoo.modules.module: addons path does not exist: d:\odoo\addons 
2026-07-28 06:41:01,950 336 INFO odoo18 odoo.modules.loading: loading 35 modules... 
2026-07-28 06:41:03,005 336 INFO odoo18 odoo.modules.loading: 35 modules loaded in 1.05s, 0 queries (+0 extra) 
2026-07-28 06:41:03,845 336 INFO odoo18 odoo.modules.loading: Modules loaded. 
2026-07-28 06:41:03,855 336 INFO odoo18 odoo.modules.registry: Registry changed, signaling through the database 
2026-07-28 06:41:03,856 336 INFO odoo18 odoo.modules.registry: Registry loaded in 4.878s 
2026-07-28 06:41:51,963 336 INFO odoo18 odoo.service.server: Initiating shutdown 
2026-07-28 06:41:51,964 336 INFO odoo18 odoo.service.server: Hit CTRL-C again or send a second signal to force the shutdown. 
2026-07-28 06:41:52,408 336 INFO odoo18 odoo.sql_db: ConnectionPool(read/write;used=0/count=0/max=64): Closed 3 connections  
2026-07-28 06:42:37,654 2396 INFO ? odoo.modules.registry: Reloading the model registry after database signaling. 
2026-07-28 06:42:37,662 2396 INFO ? odoo.modules.loading: loading 1 modules... 
2026-07-28 06:42:37,672 2396 INFO ? odoo.modules.loading: 1 modules loaded in 0.01s, 0 queries (+0 extra) 
2026-07-28 06:42:37,678 2396 INFO ? odoo.modules.loading: loading 35 modules... 
2026-07-28 06:42:37,710 2396 INFO ? odoo.modules.loading: 35 modules loaded in 0.03s, 0 queries (+0 extra) 
2026-07-28 06:42:37,811 2396 INFO ? odoo.modules.loading: Modules loaded. 
2026-07-28 06:42:37,814 2396 INFO ? odoo.modules.registry: Registry loaded in 0.160s 
2026-07-28 06:42:37,814 2396 INFO odoo18 odoo.addons.base.models.ir_http: Generating routing map for key None 
2026-07-28 06:42:37,877 2396 ERROR odoo18 odoo.addons.base.models.ir_model: Missing model twilio.call.log 
2026-07-28 06:42:37,878 2396 ERROR odoo18 odoo.addons.base.models.ir_model: Missing model mcp.enabled.model 
2026-07-28 06:42:37,878 2396 ERROR odoo18 odoo.addons.base.models.ir_model: Missing model twilio.auto.dialer 
2026-07-28 06:42:37,878 2396 ERROR odoo18 odoo.addons.base.models.ir_model: Missing model mcp.log 
2026-07-28 06:42:37,879 2396 ERROR odoo18 odoo.addons.base.models.ir_model: Missing model mcp.oauth.client 
2026-07-28 06:42:37,879 2396 ERROR odoo18 odoo.addons.base.models.ir_model: Missing model mcp.oauth.token 
2026-07-28 06:42:37,880 2396 ERROR odoo18 odoo.addons.base.models.ir_model: Missing model mcp.custom.tool 
2026-07-28 06:42:37,902 2396 INFO odoo18 odoo.addons.base.models.ir_attachment: _read_file reading d:\odoo\data\filestore\odoo18\b6/b6b80ab26f20f0e18980e06707a78cf44c0a7e7e 
Traceback (most recent call last):
  File "D:\Odoo\odoo\odoo\tools\cache.py", line 103, in lookup
    r = d[key]
        ~^^^^^
  File "D:\Odoo\venv\Lib\site-packages\decorator.py", line 232, in fun
    return caller(func, *(extras + args), **kw)
           ^^^^^^^^^^^^^^^^^^^^^^^^^^^^^^^^^^^^
  File "D:\Odoo\odoo\odoo\tools\func.py", line 97, in locked
    return func(inst, *args, **kwargs)
           ^^^^^^^^^^^^^^^^^^^^^^^^^^^
  File "D:\Odoo\odoo\odoo\tools\lru.py", line 33, in __getitem__
    a = self.d[obj]
        ~~~~~~^^^^^
KeyError: ('ir.ui.menu', <function IrUiMenu.load_menus at 0x000001A1B8132C00>, 2, '1', ('en_US',))

During handling of the above exception, another exception occurred:

Traceback (most recent call last):
  File "D:\Odoo\odoo\odoo\addons\base\models\ir_attachment.py", line 127, in _file_read
    with open(full_path, 'rb') as f:
         ^^^^^^^^^^^^^^^^^^^^^
FileNotFoundError: [Errno 2] No such file or directory: 'd:\\odoo\\data\\filestore\\odoo18\\b6/b6b80ab26f20f0e18980e06707a78cf44c0a7e7e'
2026-07-28 06:42:39,776 2396 INFO odoo18 werkzeug: 127.0.0.1 - - [28/Jul/2026 06:42:39] "GET /odoo/apps?debug=1 HTTP/1.1" 200 - 120 0.062 2.063
2026-07-28 06:42:40,161 2396 INFO odoo18 werkzeug: 127.0.0.1 - - [28/Jul/2026 06:42:40] "GET /web/webclient/translations/4385049a5976cc5f836221b40576602d93b36aa0?lang=en_US HTTP/1.1" 200 - 1 0.003 0.023
2026-07-28 06:42:40,193 2396 INFO odoo18 werkzeug: 127.0.0.1 - - [28/Jul/2026 06:42:40] "GET /web/manifest.webmanifest HTTP/1.1" 200 - 9 0.025 0.032
2026-07-28 06:42:40,794 2396 INFO odoo18 werkzeug: 127.0.0.1 - - [28/Jul/2026 06:42:40] "GET /web/webclient/load_menus/acd79f668ad0bf5c55088de2db41904ce9d668c75c036267eeb8a700629419ff HTTP/1.1" 200 - 121 0.557 0.104
2026-07-28 06:42:51,482 2396 INFO odoo18 werkzeug: 127.0.0.1 - - [28/Jul/2026 06:42:51] "GET /web/manifest.webmanifest HTTP/1.1" 200 - 7 0.044 0.090
2026-07-28 06:42:51,580 2396 INFO odoo18 odoo.addons.base.models.assetsbundle: Generating a new asset bundle attachment /web/assets/e126dd8/web.assets_web.min.css (id:357) 
2026-07-28 06:42:51,644 2396 INFO odoo18 werkzeug: 127.0.0.1 - - [28/Jul/2026 06:42:51] "GET /web/assets/e126dd8/web.assets_web.min.css HTTP/1.1" 200 - 15 0.086 11.745
2026-07-28 06:42:54,044 2396 INFO odoo18 werkzeug: 127.0.0.1 - - [28/Jul/2026 06:42:54] "GET /.well-known/appspecific/com.chrome.devtools.json HTTP/1.1" 404 - 67 0.260 2.403
2026-07-28 06:43:06,094 2396 INFO odoo18 odoo.addons.base.models.assetsbundle: Generating a new asset bundle attachment /web/assets/d437b6b/web.assets_web_print.min.css (id:358) 
2026-07-28 06:43:06,125 2396 INFO odoo18 werkzeug: 127.0.0.1 - - [28/Jul/2026 06:43:06] "GET /web/assets/d437b6b/web.assets_web_print.min.css HTTP/1.1" 200 - 8 0.069 14.085
2026-07-28 06:43:08,489 2396 INFO odoo18 odoo.addons.base.models.assetsbundle: Generating a new asset bundle attachment /web/assets/9f20094/web.assets_web.min.js (id:359) 
2026-07-28 06:43:08,654 2396 INFO odoo18 werkzeug: 127.0.0.1 - - [28/Jul/2026 06:43:08] "GET /web/assets/9f20094/web.assets_web.min.js HTTP/1.1" 200 - 11 0.019 28.504
2026-07-28 06:43:09,503 2396 INFO odoo18 werkzeug: 127.0.0.1 - - [28/Jul/2026 06:43:09] "GET /web/webclient/translations/4385049a5976cc5f836221b40576602d93b36aa0?lang=en_US HTTP/1.1" 200 - 1 0.001 0.003
2026-07-28 06:43:09,647 2396 ERROR ? odoo.http: Exception during request handling. 
Traceback (most recent call last):
  File "D:\Odoo\odoo\odoo\http.py", line 2572, in __call__
    if self.get_static_file(httprequest.path):
       ^^^^^^^^^^^^^^^^^^^^^^^^^^^^^^^^^^^^^^
  File "D:\Odoo\odoo\odoo\http.py", line 2471, in get_static_file
    if (static != 'static' or not resource or module not in self.statics):
                                                            ^^^^^^^^^^^^
  File "D:\Odoo\odoo\odoo\tools\func.py", line 42, in __get__
    value = self.fget(obj)
            ^^^^^^^^^^^^^^
  File "D:\Odoo\odoo\odoo\http.py", line 2440, in statics
    for module in os.listdir(addons_path):
                  ^^^^^^^^^^^^^^^^^^^^^^^
FileNotFoundError: [WinError 3] The system cannot find the path specified: 'd:\\odoo\\addons'
2026-07-28 06:43:09,648 2396 INFO ? werkzeug: 127.0.0.1 - - [28/Jul/2026 06:43:09] "GET /web/static/img/favicon.ico HTTP/1.1" 500 - 0 0.000 0.128
2026-07-28 06:43:09,907 2396 ERROR ? odoo.http: Exception during request handling. 
Traceback (most recent call last):
  File "D:\Odoo\odoo\odoo\http.py", line 2572, in __call__
    if self.get_static_file(httprequest.path):
       ^^^^^^^^^^^^^^^^^^^^^^^^^^^^^^^^^^^^^^
  File "D:\Odoo\odoo\odoo\http.py", line 2471, in get_static_file
    if (static != 'static' or not resource or module not in self.statics):
                                                            ^^^^^^^^^^^^
  File "D:\Odoo\odoo\odoo\tools\func.py", line 42, in __get__
    value = self.fget(obj)
            ^^^^^^^^^^^^^^
  File "D:\Odoo\odoo\odoo\http.py", line 2440, in statics
    for module in os.listdir(addons_path):
                  ^^^^^^^^^^^^^^^^^^^^^^^
FileNotFoundError: [WinError 3] The system cannot find the path specified: 'd:\\odoo\\addons'
2026-07-28 06:43:09,909 2396 INFO ? werkzeug: 127.0.0.1 - - [28/Jul/2026 06:43:09] "GET /web/static/lib/odoo_ui_icons/fonts/odoo_ui_icons.woff2 HTTP/1.1" 500 - 0 0.000 0.143
2026-07-28 06:43:09,981 2396 ERROR ? odoo.http: Exception during request handling. 
Traceback (most recent call last):
  File "D:\Odoo\odoo\odoo\http.py", line 2572, in __call__
    if self.get_static_file(httprequest.path):
       ^^^^^^^^^^^^^^^^^^^^^^^^^^^^^^^^^^^^^^
  File "D:\Odoo\odoo\odoo\http.py", line 2471, in get_static_file
    if (static != 'static' or not resource or module not in self.statics):
                                                            ^^^^^^^^^^^^
  File "D:\Odoo\odoo\odoo\tools\func.py", line 42, in __get__
    value = self.fget(obj)
            ^^^^^^^^^^^^^^
  File "D:\Odoo\odoo\odoo\http.py", line 2440, in statics
    for module in os.listdir(addons_path):
                  ^^^^^^^^^^^^^^^^^^^^^^^
FileNotFoundError: [WinError 3] The system cannot find the path specified: 'd:\\odoo\\addons'
2026-07-28 06:43:09,983 2396 INFO ? werkzeug: 127.0.0.1 - - [28/Jul/2026 06:43:09] "GET /web/static/src/libs/fontawesome/fonts/fontawesome-webfont.woff2?v=4.7.0 HTTP/1.1" 500 - 0 0.000 0.152
2026-07-28 06:43:10,018 2396 INFO odoo18 werkzeug: 127.0.0.1 - - [28/Jul/2026 06:43:10] "POST /web/action/load HTTP/1.1" 200 - 11 0.015 0.018
2026-07-28 06:43:10,045 2396 INFO odoo18 werkzeug: 127.0.0.1 - - [28/Jul/2026 06:43:10] "GET /web/image?model=res.users&field=avatar_128&id=2 HTTP/1.1" 304 - 16 0.033 0.023
2026-07-28 06:43:10,062 2396 INFO odoo18 werkzeug: 127.0.0.1 - - [28/Jul/2026 06:43:10] "POST /mail/data HTTP/1.1" 200 - 34 0.045 0.030
2026-07-28 06:43:10,167 2396 ERROR ? odoo.http: Exception during request handling. 
Traceback (most recent call last):
  File "D:\Odoo\odoo\odoo\http.py", line 2572, in __call__
    if self.get_static_file(httprequest.path):
       ^^^^^^^^^^^^^^^^^^^^^^^^^^^^^^^^^^^^^^
  File "D:\Odoo\odoo\odoo\http.py", line 2471, in get_static_file
    if (static != 'static' or not resource or module not in self.statics):
                                                            ^^^^^^^^^^^^
  File "D:\Odoo\odoo\odoo\tools\func.py", line 42, in __get__
    value = self.fget(obj)
            ^^^^^^^^^^^^^^
  File "D:\Odoo\odoo\odoo\http.py", line 2440, in statics
    for module in os.listdir(addons_path):
                  ^^^^^^^^^^^^^^^^^^^^^^^
FileNotFoundError: [WinError 3] The system cannot find the path specified: 'd:\\odoo\\addons'
2026-07-28 06:43:10,168 2396 INFO ? werkzeug: 127.0.0.1 - - [28/Jul/2026 06:43:10] "GET /web/static/lib/odoo_ui_icons/fonts/odoo_ui_icons.woff HTTP/1.1" 500 - 0 0.000 0.196
2026-07-28 06:43:10,403 2396 INFO odoo18 odoo.addons.base.models.assetsbundle: Generating a new asset bundle attachment /web/assets/b33ebda/bus.websocket_worker_assets.min.js (id:360) 
2026-07-28 06:43:10,432 2396 INFO odoo18 werkzeug: 127.0.0.1 - - [28/Jul/2026 06:43:10] "POST /web/dataset/call_kw/ir.module.module/get_views HTTP/1.1" 200 - 57 0.057 0.073
2026-07-28 06:43:10,443 2396 INFO odoo18 werkzeug: 127.0.0.1 - - [28/Jul/2026 06:43:10] "GET /bus/websocket_worker_bundle?v=18.0-7 HTTP/1.1" 200 - 8 0.015 0.092
2026-07-28 06:43:10,444 2396 ERROR ? odoo.http: Exception during request handling. 
Traceback (most recent call last):
  File "D:\Odoo\odoo\odoo\http.py", line 2572, in __call__
    if self.get_static_file(httprequest.path):
       ^^^^^^^^^^^^^^^^^^^^^^^^^^^^^^^^^^^^^^
  File "D:\Odoo\odoo\odoo\http.py", line 2471, in get_static_file
    if (static != 'static' or not resource or module not in self.statics):
                                                            ^^^^^^^^^^^^
  File "D:\Odoo\odoo\odoo\tools\func.py", line 42, in __get__
    value = self.fget(obj)
            ^^^^^^^^^^^^^^
  File "D:\Odoo\odoo\odoo\http.py", line 2440, in statics
    for module in os.listdir(addons_path):
                  ^^^^^^^^^^^^^^^^^^^^^^^
FileNotFoundError: [WinError 3] The system cannot find the path specified: 'd:\\odoo\\addons'
2026-07-28 06:43:10,446 2396 INFO ? werkzeug: 127.0.0.1 - - [28/Jul/2026 06:43:10] "GET /web/static/src/libs/fontawesome/fonts/fontawesome-webfont.woff?v=4.7.0 HTTP/1.1" 500 - 0 0.000 0.223
2026-07-28 06:43:10,768 2396 INFO odoo18 werkzeug: 127.0.0.1 - - [28/Jul/2026 06:43:10] "POST /web/dataset/call_kw/ir.module.module/search_panel_select_range HTTP/1.1" 200 - 1 0.001 0.007
2026-07-28 06:43:10,785 2396 INFO odoo18 werkzeug: 127.0.0.1 - - [28/Jul/2026 06:43:10] "GET /websocket?version=18.0-7 HTTP/1.1" 101 - 1 0.001 0.011
2026-07-28 06:43:10,846 2396 INFO odoo18 werkzeug: 127.0.0.1 - - [28/Jul/2026 06:43:10] "POST /web/dataset/call_kw/ir.module.module/search_panel_select_range HTTP/1.1" 200 - 60 0.048 0.036
2026-07-28 06:43:10,867 2396 INFO odoo18 werkzeug: 127.0.0.1 - - [28/Jul/2026 06:43:10] "POST /web/dataset/call_kw/ir.module.module/web_search_read HTTP/1.1" 200 - 4 0.008 0.096
2026-07-28 06:43:11,113 2396 INFO ? odoo.addons.bus.models.bus: Bus.loop listen imbus on db postgres 
2026-07-28 06:43:12,010 2396 ERROR ? odoo.http: Exception during request handling. 
Traceback (most recent call last):
  File "D:\Odoo\odoo\odoo\http.py", line 2572, in __call__
    if self.get_static_file(httprequest.path):
       ^^^^^^^^^^^^^^^^^^^^^^^^^^^^^^^^^^^^^^
  File "D:\Odoo\odoo\odoo\http.py", line 2471, in get_static_file
    if (static != 'static' or not resource or module not in self.statics):
                                                            ^^^^^^^^^^^^
  File "D:\Odoo\odoo\odoo\tools\func.py", line 42, in __get__
    value = self.fget(obj)
            ^^^^^^^^^^^^^^
  File "D:\Odoo\odoo\odoo\http.py", line 2440, in statics
    for module in os.listdir(addons_path):
                  ^^^^^^^^^^^^^^^^^^^^^^^
FileNotFoundError: [WinError 3] The system cannot find the path specified: 'd:\\odoo\\addons'
2026-07-28 06:43:12,012 2396 ERROR ? odoo.http: Exception during request handling. 
Traceback (most recent call last):
  File "D:\Odoo\odoo\odoo\http.py", line 2572, in __call__
    if self.get_static_file(httprequest.path):
       ^^^^^^^^^^^^^^^^^^^^^^^^^^^^^^^^^^^^^^
  File "D:\Odoo\odoo\odoo\http.py", line 2471, in get_static_file
    if (static != 'static' or not resource or module not in self.statics):
                                                            ^^^^^^^^^^^^
  File "D:\Odoo\odoo\odoo\tools\func.py", line 42, in __get__
    value = self.fget(obj)
            ^^^^^^^^^^^^^^
  File "D:\Odoo\odoo\odoo\http.py", line 2440, in statics
    for module in os.listdir(addons_path):
                  ^^^^^^^^^^^^^^^^^^^^^^^
FileNotFoundError: [WinError 3] The system cannot find the path specified: 'd:\\odoo\\addons'
2026-07-28 06:43:12,012 2396 INFO ? werkzeug: 127.0.0.1 - - [28/Jul/2026 06:43:12] "GET /point_of_sale/static/description/icon.png HTTP/1.1" 500 - 0 0.000 0.541
2026-07-28 06:43:12,015 2396 INFO ? werkzeug: 127.0.0.1 - - [28/Jul/2026 06:43:12] "GET /base/static/img/icons/account_accountant.png HTTP/1.1" 500 - 0 0.000 0.545
2026-07-28 06:43:12,041 2396 ERROR ? odoo.http: Exception during request handling. 
Traceback (most recent call last):
  File "D:\Odoo\odoo\odoo\http.py", line 2572, in __call__
    if self.get_static_file(httprequest.path):
       ^^^^^^^^^^^^^^^^^^^^^^^^^^^^^^^^^^^^^^
  File "D:\Odoo\odoo\odoo\http.py", line 2471, in get_static_file
    if (static != 'static' or not resource or module not in self.statics):
                                                            ^^^^^^^^^^^^
  File "D:\Odoo\odoo\odoo\tools\func.py", line 42, in __get__
    value = self.fget(obj)
            ^^^^^^^^^^^^^^
  File "D:\Odoo\odoo\odoo\http.py", line 2440, in statics
    for module in os.listdir(addons_path):
                  ^^^^^^^^^^^^^^^^^^^^^^^
FileNotFoundError: [WinError 3] The system cannot find the path specified: 'd:\\odoo\\addons'
2026-07-28 06:43:12,043 2396 INFO ? werkzeug: 127.0.0.1 - - [28/Jul/2026 06:43:12] "GET /base/static/img/icons/knowledge.png HTTP/1.1" 500 - 0 0.000 0.574
2026-07-28 06:43:12,051 2396 ERROR ? odoo.http: Exception during request handling. 
Traceback (most recent call last):
  File "D:\Odoo\odoo\odoo\http.py", line 2572, in __call__
    if self.get_static_file(httprequest.path):
       ^^^^^^^^^^^^^^^^^^^^^^^^^^^^^^^^^^^^^^
  File "D:\Odoo\odoo\odoo\http.py", line 2471, in get_static_file
    if (static != 'static' or not resource or module not in self.statics):
                                                            ^^^^^^^^^^^^
  File "D:\Odoo\odoo\odoo\tools\func.py", line 42, in __get__
    value = self.fget(obj)
            ^^^^^^^^^^^^^^
  File "D:\Odoo\odoo\odoo\http.py", line 2440, in statics
    for module in os.listdir(addons_path):
                  ^^^^^^^^^^^^^^^^^^^^^^^
FileNotFoundError: [WinError 3] The system cannot find the path specified: 'd:\\odoo\\addons'
2026-07-28 06:43:12,054 2396 INFO ? werkzeug: 127.0.0.1 - - [28/Jul/2026 06:43:12] "GET /project/static/description/icon.png HTTP/1.1" 500 - 0 0.000 0.581
2026-07-28 06:43:12,058 2396 ERROR ? odoo.http: Exception during request handling. 
Traceback (most recent call last):
  File "D:\Odoo\odoo\odoo\http.py", line 2572, in __call__
    if self.get_static_file(httprequest.path):
       ^^^^^^^^^^^^^^^^^^^^^^^^^^^^^^^^^^^^^^
  File "D:\Odoo\odoo\odoo\http.py", line 2471, in get_static_file
    if (static != 'static' or not resource or module not in self.statics):
                                                            ^^^^^^^^^^^^
  File "D:\Odoo\odoo\odoo\tools\func.py", line 42, in __get__
    value = self.fget(obj)
            ^^^^^^^^^^^^^^
  File "D:\Odoo\odoo\odoo\http.py", line 2440, in statics
    for module in os.listdir(addons_path):
                  ^^^^^^^^^^^^^^^^^^^^^^^
FileNotFoundError: [WinError 3] The system cannot find the path specified: 'd:\\odoo\\addons'
2026-07-28 06:43:12,059 2396 ERROR ? odoo.http: Exception during request handling. 
Traceback (most recent call last):
  File "D:\Odoo\odoo\odoo\http.py", line 2572, in __call__
    if self.get_static_file(httprequest.path):
       ^^^^^^^^^^^^^^^^^^^^^^^^^^^^^^^^^^^^^^
  File "D:\Odoo\odoo\odoo\http.py", line 2471, in get_static_file
    if (static != 'static' or not resource or module not in self.statics):
                                                            ^^^^^^^^^^^^
  File "D:\Odoo\odoo\odoo\tools\func.py", line 42, in __get__
    value = self.fget(obj)
            ^^^^^^^^^^^^^^
  File "D:\Odoo\odoo\odoo\http.py", line 2440, in statics
    for module in os.listdir(addons_path):
                  ^^^^^^^^^^^^^^^^^^^^^^^
FileNotFoundError: [WinError 3] The system cannot find the path specified: 'd:\\odoo\\addons'
2026-07-28 06:43:12,060 2396 INFO ? werkzeug: 127.0.0.1 - - [28/Jul/2026 06:43:12] "GET /sale_management/static/description/icon.png HTTP/1.1" 500 - 0 0.000 0.576
2026-07-28 06:43:12,061 2396 INFO ? werkzeug: 127.0.0.1 - - [28/Jul/2026 06:43:12] "GET /purchase/static/description/icon.png HTTP/1.1" 500 - 0 0.000 0.593
2026-07-28 06:43:12,783 2396 ERROR ? odoo.http: Exception during request handling. 
Traceback (most recent call last):
  File "D:\Odoo\odoo\odoo\http.py", line 2572, in __call__
    if self.get_static_file(httprequest.path):
       ^^^^^^^^^^^^^^^^^^^^^^^^^^^^^^^^^^^^^^
  File "D:\Odoo\odoo\odoo\http.py", line 2471, in get_static_file
    if (static != 'static' or not resource or module not in self.statics):
                                                            ^^^^^^^^^^^^
  File "D:\Odoo\odoo\odoo\tools\func.py", line 42, in __get__
    value = self.fget(obj)
            ^^^^^^^^^^^^^^
  File "D:\Odoo\odoo\odoo\http.py", line 2440, in statics
    for module in os.listdir(addons_path):
                  ^^^^^^^^^^^^^^^^^^^^^^^
FileNotFoundError: [WinError 3] The system cannot find the path specified: 'd:\\odoo\\addons'
2026-07-28 06:43:12,786 2396 INFO ? werkzeug: 127.0.0.1 - - [28/Jul/2026 06:43:12] "GET /pos_restaurant/static/description/icon.png HTTP/1.1" 500 - 0 0.000 0.450
2026-07-28 06:43:12,799 2396 ERROR ? odoo.http: Exception during request handling. 
Traceback (most recent call last):
  File "D:\Odoo\odoo\odoo\http.py", line 2572, in __call__
    if self.get_static_file(httprequest.path):
       ^^^^^^^^^^^^^^^^^^^^^^^^^^^^^^^^^^^^^^
  File "D:\Odoo\odoo\odoo\http.py", line 2471, in get_static_file
    if (static != 'static' or not resource or module not in self.statics):
                                                            ^^^^^^^^^^^^
  File "D:\Odoo\odoo\odoo\tools\func.py", line 42, in __get__
    value = self.fget(obj)
            ^^^^^^^^^^^^^^
  File "D:\Odoo\odoo\odoo\http.py", line 2440, in statics
    for module in os.listdir(addons_path):
                  ^^^^^^^^^^^^^^^^^^^^^^^
FileNotFoundError: [WinError 3] The system cannot find the path specified: 'd:\\odoo\\addons'
2026-07-28 06:43:12,802 2396 INFO ? werkzeug: 127.0.0.1 - - [28/Jul/2026 06:43:12] "GET /account/static/description/icon.png HTTP/1.1" 500 - 0 0.000 0.466
2026-07-28 06:43:12,843 2396 ERROR ? odoo.http: Exception during request handling. 
Traceback (most recent call last):
  File "D:\Odoo\odoo\odoo\http.py", line 2572, in __call__
    if self.get_static_file(httprequest.path):
       ^^^^^^^^^^^^^^^^^^^^^^^^^^^^^^^^^^^^^^
  File "D:\Odoo\odoo\odoo\http.py", line 2471, in get_static_file
    if (static != 'static' or not resource or module not in self.statics):
                                                            ^^^^^^^^^^^^
  File "D:\Odoo\odoo\odoo\tools\func.py", line 42, in __get__
    value = self.fget(obj)
            ^^^^^^^^^^^^^^
  File "D:\Odoo\odoo\odoo\http.py", line 2440, in statics
    for module in os.listdir(addons_path):
                  ^^^^^^^^^^^^^^^^^^^^^^^
FileNotFoundError: [WinError 3] The system cannot find the path specified: 'd:\\odoo\\addons'
2026-07-28 06:43:12,845 2396 INFO ? werkzeug: 127.0.0.1 - - [28/Jul/2026 06:43:12] "GET /base/static/img/icons/mrp_workorder.png HTTP/1.1" 500 - 0 0.000 0.494
2026-07-28 06:43:12,879 2396 ERROR ? odoo.http: Exception during request handling. 
Traceback (most recent call last):
  File "D:\Odoo\odoo\odoo\http.py", line 2572, in __call__
    if self.get_static_file(httprequest.path):
       ^^^^^^^^^^^^^^^^^^^^^^^^^^^^^^^^^^^^^^
  File "D:\Odoo\odoo\odoo\http.py", line 2471, in get_static_file
    if (static != 'static' or not resource or module not in self.statics):
                                                            ^^^^^^^^^^^^
  File "D:\Odoo\odoo\odoo\tools\func.py", line 42, in __get__
    value = self.fget(obj)
            ^^^^^^^^^^^^^^
  File "D:\Odoo\odoo\odoo\http.py", line 2440, in statics
    for module in os.listdir(addons_path):
                  ^^^^^^^^^^^^^^^^^^^^^^^
FileNotFoundError: [WinError 3] The system cannot find the path specified: 'd:\\odoo\\addons'
2026-07-28 06:43:12,881 2396 INFO ? werkzeug: 127.0.0.1 - - [28/Jul/2026 06:43:12] "GET /website/static/description/icon.png HTTP/1.1" 500 - 0 0.000 0.515
2026-07-28 06:43:12,889 2396 ERROR ? odoo.http: Exception during request handling. 
Traceback (most recent call last):
  File "D:\Odoo\odoo\odoo\http.py", line 2572, in __call__
    if self.get_static_file(httprequest.path):
       ^^^^^^^^^^^^^^^^^^^^^^^^^^^^^^^^^^^^^^
  File "D:\Odoo\odoo\odoo\http.py", line 2471, in get_static_file
    if (static != 'static' or not resource or module not in self.statics):
                                                            ^^^^^^^^^^^^
  File "D:\Odoo\odoo\odoo\tools\func.py", line 42, in __get__
    value = self.fget(obj)
            ^^^^^^^^^^^^^^
  File "D:\Odoo\odoo\odoo\http.py", line 2440, in statics
    for module in os.listdir(addons_path):
                  ^^^^^^^^^^^^^^^^^^^^^^^
FileNotFoundError: [WinError 3] The system cannot find the path specified: 'd:\\odoo\\addons'
2026-07-28 06:43:12,890 2396 INFO ? werkzeug: 127.0.0.1 - - [28/Jul/2026 06:43:12] "GET /stock/static/description/icon.png HTTP/1.1" 500 - 0 0.000 0.522
2026-07-28 06:43:12,891 2396 ERROR ? odoo.http: Exception during request handling. 
Traceback (most recent call last):
  File "D:\Odoo\odoo\odoo\http.py", line 2572, in __call__
    if self.get_static_file(httprequest.path):
       ^^^^^^^^^^^^^^^^^^^^^^^^^^^^^^^^^^^^^^
  File "D:\Odoo\odoo\odoo\http.py", line 2471, in get_static_file
    if (static != 'static' or not resource or module not in self.statics):
                                                            ^^^^^^^^^^^^
  File "D:\Odoo\odoo\odoo\tools\func.py", line 42, in __get__
    value = self.fget(obj)
            ^^^^^^^^^^^^^^
  File "D:\Odoo\odoo\odoo\http.py", line 2440, in statics
    for module in os.listdir(addons_path):
                  ^^^^^^^^^^^^^^^^^^^^^^^
FileNotFoundError: [WinError 3] The system cannot find the path specified: 'd:\\odoo\\addons'
2026-07-28 06:43:12,892 2396 INFO ? werkzeug: 127.0.0.1 - - [28/Jul/2026 06:43:12] "GET /website_sale/static/description/icon.png HTTP/1.1" 500 - 0 0.000 0.509
2026-07-28 06:43:13,377 2396 ERROR ? odoo.http: Exception during request handling. 
Traceback (most recent call last):
  File "D:\Odoo\odoo\odoo\http.py", line 2572, in __call__
    if self.get_static_file(httprequest.path):
       ^^^^^^^^^^^^^^^^^^^^^^^^^^^^^^^^^^^^^^
  File "D:\Odoo\odoo\odoo\http.py", line 2471, in get_static_file
    if (static != 'static' or not resource or module not in self.statics):
                                                            ^^^^^^^^^^^^
  File "D:\Odoo\odoo\odoo\tools\func.py", line 42, in __get__
    value = self.fget(obj)
            ^^^^^^^^^^^^^^
  File "D:\Odoo\odoo\odoo\http.py", line 2440, in statics
    for module in os.listdir(addons_path):
                  ^^^^^^^^^^^^^^^^^^^^^^^
FileNotFoundError: [WinError 3] The system cannot find the path specified: 'd:\\odoo\\addons'
2026-07-28 06:43:13,380 2396 INFO ? werkzeug: 127.0.0.1 - - [28/Jul/2026 06:43:13] "GET /mrp/static/description/icon.png HTTP/1.1" 500 - 0 0.000 0.281
2026-07-28 06:43:13,436 2396 ERROR ? odoo.http: Exception during request handling. 
Traceback (most recent call last):
  File "D:\Odoo\odoo\odoo\http.py", line 2572, in __call__
    if self.get_static_file(httprequest.path):
       ^^^^^^^^^^^^^^^^^^^^^^^^^^^^^^^^^^^^^^
  File "D:\Odoo\odoo\odoo\http.py", line 2471, in get_static_file
    if (static != 'static' or not resource or module not in self.statics):
                                                            ^^^^^^^^^^^^
  File "D:\Odoo\odoo\odoo\tools\func.py", line 42, in __get__
    value = self.fget(obj)
            ^^^^^^^^^^^^^^
  File "D:\Odoo\odoo\odoo\http.py", line 2440, in statics
    for module in os.listdir(addons_path):
                  ^^^^^^^^^^^^^^^^^^^^^^^
FileNotFoundError: [WinError 3] The system cannot find the path specified: 'd:\\odoo\\addons'
2026-07-28 06:43:13,437 2396 INFO ? werkzeug: 127.0.0.1 - - [28/Jul/2026 06:43:13] "GET /mass_mailing/static/description/icon.png HTTP/1.1" 500 - 0 0.000 0.323
2026-07-28 06:43:13,550 2396 ERROR ? odoo.http: Exception during request handling. 
Traceback (most recent call last):
  File "D:\Odoo\odoo\odoo\http.py", line 2572, in __call__
    if self.get_static_file(httprequest.path):
       ^^^^^^^^^^^^^^^^^^^^^^^^^^^^^^^^^^^^^^
  File "D:\Odoo\odoo\odoo\http.py", line 2471, in get_static_file
    if (static != 'static' or not resource or module not in self.statics):
                                                            ^^^^^^^^^^^^
  File "D:\Odoo\odoo\odoo\tools\func.py", line 42, in __get__
    value = self.fget(obj)
            ^^^^^^^^^^^^^^
  File "D:\Odoo\odoo\odoo\http.py", line 2440, in statics
    for module in os.listdir(addons_path):
                  ^^^^^^^^^^^^^^^^^^^^^^^
FileNotFoundError: [WinError 3] The system cannot find the path specified: 'd:\\odoo\\addons'
2026-07-28 06:43:13,553 2396 INFO ? werkzeug: 127.0.0.1 - - [28/Jul/2026 06:43:13] "GET /base/static/img/icons/timesheet_grid.png HTTP/1.1" 500 - 0 0.000 0.389
2026-07-28 06:43:13,613 2396 ERROR ? odoo.http: Exception during request handling. 
Traceback (most recent call last):
  File "D:\Odoo\odoo\odoo\http.py", line 2572, in __call__
    if self.get_static_file(httprequest.path):
       ^^^^^^^^^^^^^^^^^^^^^^^^^^^^^^^^^^^^^^
  File "D:\Odoo\odoo\odoo\http.py", line 2471, in get_static_file
    if (static != 'static' or not resource or module not in self.statics):
                                                            ^^^^^^^^^^^^
  File "D:\Odoo\odoo\odoo\tools\func.py", line 42, in __get__
    value = self.fget(obj)
            ^^^^^^^^^^^^^^
  File "D:\Odoo\odoo\odoo\http.py", line 2440, in statics
    for module in os.listdir(addons_path):
                  ^^^^^^^^^^^^^^^^^^^^^^^
FileNotFoundError: [WinError 3] The system cannot find the path specified: 'd:\\odoo\\addons'
2026-07-28 06:43:13,614 2396 INFO ? werkzeug: 127.0.0.1 - - [28/Jul/2026 06:43:13] "GET /hr_expense/static/description/icon.png HTTP/1.1" 500 - 0 0.000 0.419
2026-07-28 06:43:13,631 2396 ERROR ? odoo.http: Exception during request handling. 
Traceback (most recent call last):
  File "D:\Odoo\odoo\odoo\http.py", line 2572, in __call__
    if self.get_static_file(httprequest.path):
       ^^^^^^^^^^^^^^^^^^^^^^^^^^^^^^^^^^^^^^
  File "D:\Odoo\odoo\odoo\http.py", line 2471, in get_static_file
    if (static != 'static' or not resource or module not in self.statics):
                                                            ^^^^^^^^^^^^
  File "D:\Odoo\odoo\odoo\tools\func.py", line 42, in __get__
    value = self.fget(obj)
            ^^^^^^^^^^^^^^
  File "D:\Odoo\odoo\odoo\http.py", line 2440, in statics
    for module in os.listdir(addons_path):
                  ^^^^^^^^^^^^^^^^^^^^^^^
FileNotFoundError: [WinError 3] The system cannot find the path specified: 'd:\\odoo\\addons'
2026-07-28 06:43:13,632 2396 INFO ? werkzeug: 127.0.0.1 - - [28/Jul/2026 06:43:13] "GET /hr_holidays/static/description/icon.png HTTP/1.1" 500 - 0 0.000 0.419
2026-07-28 06:43:13,636 2396 ERROR ? odoo.http: Exception during request handling. 
Traceback (most recent call last):
  File "D:\Odoo\odoo\odoo\http.py", line 2572, in __call__
    if self.get_static_file(httprequest.path):
       ^^^^^^^^^^^^^^^^^^^^^^^^^^^^^^^^^^^^^^
  File "D:\Odoo\odoo\odoo\http.py", line 2471, in get_static_file
    if (static != 'static' or not resource or module not in self.statics):
                                                            ^^^^^^^^^^^^
  File "D:\Odoo\odoo\odoo\tools\func.py", line 42, in __get__
    value = self.fget(obj)
            ^^^^^^^^^^^^^^
  File "D:\Odoo\odoo\odoo\http.py", line 2440, in statics
    for module in os.listdir(addons_path):
                  ^^^^^^^^^^^^^^^^^^^^^^^
FileNotFoundError: [WinError 3] The system cannot find the path specified: 'd:\\odoo\\addons'
2026-07-28 06:43:13,638 2396 INFO ? werkzeug: 127.0.0.1 - - [28/Jul/2026 06:43:13] "GET /base/static/img/icons/web_studio.png HTTP/1.1" 500 - 0 0.000 0.426
2026-07-28 06:43:13,851 2396 ERROR ? odoo.http: Exception during request handling. 
Traceback (most recent call last):
  File "D:\Odoo\odoo\odoo\http.py", line 2572, in __call__
    if self.get_static_file(httprequest.path):
       ^^^^^^^^^^^^^^^^^^^^^^^^^^^^^^^^^^^^^^
  File "D:\Odoo\odoo\odoo\http.py", line 2471, in get_static_file
    if (static != 'static' or not resource or module not in self.statics):
                                                            ^^^^^^^^^^^^
  File "D:\Odoo\odoo\odoo\tools\func.py", line 42, in __get__
    value = self.fget(obj)
            ^^^^^^^^^^^^^^
  File "D:\Odoo\odoo\odoo\http.py", line 2440, in statics
    for module in os.listdir(addons_path):
                  ^^^^^^^^^^^^^^^^^^^^^^^
FileNotFoundError: [WinError 3] The system cannot find the path specified: 'd:\\odoo\\addons'
2026-07-28 06:43:13,853 2396 INFO ? werkzeug: 127.0.0.1 - - [28/Jul/2026 06:43:13] "GET /hr_recruitment/static/description/icon.png HTTP/1.1" 500 - 0 0.000 0.153
2026-07-28 06:43:13,915 2396 ERROR ? odoo.http: Exception during request handling. 
Traceback (most recent call last):
  File "D:\Odoo\odoo\odoo\http.py", line 2572, in __call__
    if self.get_static_file(httprequest.path):
       ^^^^^^^^^^^^^^^^^^^^^^^^^^^^^^^^^^^^^^
  File "D:\Odoo\odoo\odoo\http.py", line 2471, in get_static_file
    if (static != 'static' or not resource or module not in self.statics):
                                                            ^^^^^^^^^^^^
  File "D:\Odoo\odoo\odoo\tools\func.py", line 42, in __get__
    value = self.fget(obj)
            ^^^^^^^^^^^^^^
  File "D:\Odoo\odoo\odoo\http.py", line 2440, in statics
    for module in os.listdir(addons_path):
                  ^^^^^^^^^^^^^^^^^^^^^^^
FileNotFoundError: [WinError 3] The system cannot find the path specified: 'd:\\odoo\\addons'
2026-07-28 06:43:13,917 2396 INFO ? werkzeug: 127.0.0.1 - - [28/Jul/2026 06:43:13] "GET /base/static/img/icons/industry_fsm.png HTTP/1.1" 500 - 0 0.000 0.171
2026-07-28 06:43:14,084 2396 ERROR ? odoo.http: Exception during request handling. 
Traceback (most recent call last):
  File "D:\Odoo\odoo\odoo\http.py", line 2572, in __call__
    if self.get_static_file(httprequest.path):
       ^^^^^^^^^^^^^^^^^^^^^^^^^^^^^^^^^^^^^^
  File "D:\Odoo\odoo\odoo\http.py", line 2471, in get_static_file
    if (static != 'static' or not resource or module not in self.statics):
                                                            ^^^^^^^^^^^^
  File "D:\Odoo\odoo\odoo\tools\func.py", line 42, in __get__
    value = self.fget(obj)
            ^^^^^^^^^^^^^^
  File "D:\Odoo\odoo\odoo\http.py", line 2440, in statics
    for module in os.listdir(addons_path):
                  ^^^^^^^^^^^^^^^^^^^^^^^
FileNotFoundError: [WinError 3] The system cannot find the path specified: 'd:\\odoo\\addons'
2026-07-28 06:43:14,086 2396 INFO ? werkzeug: 127.0.0.1 - - [28/Jul/2026 06:43:14] "GET /hr/static/description/icon.png HTTP/1.1" 500 - 0 0.000 0.228
2026-07-28 06:43:14,175 2396 ERROR ? odoo.http: Exception during request handling. 
Traceback (most recent call last):
  File "D:\Odoo\odoo\odoo\http.py", line 2572, in __call__
    if self.get_static_file(httprequest.path):
       ^^^^^^^^^^^^^^^^^^^^^^^^^^^^^^^^^^^^^^
  File "D:\Odoo\odoo\odoo\http.py", line 2471, in get_static_file
    if (static != 'static' or not resource or module not in self.statics):
                                                            ^^^^^^^^^^^^
  File "D:\Odoo\odoo\odoo\tools\func.py", line 42, in __get__
    value = self.fget(obj)
            ^^^^^^^^^^^^^^
  File "D:\Odoo\odoo\odoo\http.py", line 2440, in statics
    for module in os.listdir(addons_path):
                  ^^^^^^^^^^^^^^^^^^^^^^^
FileNotFoundError: [WinError 3] The system cannot find the path specified: 'd:\\odoo\\addons'
2026-07-28 06:43:14,177 2396 INFO ? werkzeug: 127.0.0.1 - - [28/Jul/2026 06:43:14] "GET /data_recycle/static/description/icon.png HTTP/1.1" 500 - 0 0.000 0.256
2026-07-28 06:43:14,233 2396 ERROR ? odoo.http: Exception during request handling. 
Traceback (most recent call last):
  File "D:\Odoo\odoo\odoo\http.py", line 2572, in __call__
    if self.get_static_file(httprequest.path):
       ^^^^^^^^^^^^^^^^^^^^^^^^^^^^^^^^^^^^^^
  File "D:\Odoo\odoo\odoo\http.py", line 2471, in get_static_file
    if (static != 'static' or not resource or module not in self.statics):
                                                            ^^^^^^^^^^^^
  File "D:\Odoo\odoo\odoo\tools\func.py", line 42, in __get__
    value = self.fget(obj)
            ^^^^^^^^^^^^^^
  File "D:\Odoo\odoo\odoo\http.py", line 2440, in statics
    for module in os.listdir(addons_path):
                  ^^^^^^^^^^^^^^^^^^^^^^^
FileNotFoundError: [WinError 3] The system cannot find the path specified: 'd:\\odoo\\addons'
2026-07-28 06:43:14,236 2396 INFO ? werkzeug: 127.0.0.1 - - [28/Jul/2026 06:43:14] "GET /marketing_card/static/description/icon.png HTTP/1.1" 500 - 0 0.000 0.282
2026-07-28 06:43:14,239 2396 ERROR ? odoo.http: Exception during request handling. 
Traceback (most recent call last):
  File "D:\Odoo\odoo\odoo\http.py", line 2572, in __call__
    if self.get_static_file(httprequest.path):
       ^^^^^^^^^^^^^^^^^^^^^^^^^^^^^^^^^^^^^^
  File "D:\Odoo\odoo\odoo\http.py", line 2471, in get_static_file
    if (static != 'static' or not resource or module not in self.statics):
                                                            ^^^^^^^^^^^^
  File "D:\Odoo\odoo\odoo\tools\func.py", line 42, in __get__
    value = self.fget(obj)
            ^^^^^^^^^^^^^^
  File "D:\Odoo\odoo\odoo\http.py", line 2440, in statics
    for module in os.listdir(addons_path):
                  ^^^^^^^^^^^^^^^^^^^^^^^
FileNotFoundError: [WinError 3] The system cannot find the path specified: 'd:\\odoo\\addons'
2026-07-28 06:43:14,242 2396 INFO ? werkzeug: 127.0.0.1 - - [28/Jul/2026 06:43:14] "GET /maintenance/static/description/icon.png HTTP/1.1" 500 - 0 0.000 0.290
2026-07-28 06:43:14,369 2396 ERROR ? odoo.http: Exception during request handling. 
Traceback (most recent call last):
  File "D:\Odoo\odoo\odoo\http.py", line 2572, in __call__
    if self.get_static_file(httprequest.path):
       ^^^^^^^^^^^^^^^^^^^^^^^^^^^^^^^^^^^^^^
  File "D:\Odoo\odoo\odoo\http.py", line 2471, in get_static_file
    if (static != 'static' or not resource or module not in self.statics):
                                                            ^^^^^^^^^^^^
  File "D:\Odoo\odoo\odoo\tools\func.py", line 42, in __get__
    value = self.fget(obj)
            ^^^^^^^^^^^^^^
  File "D:\Odoo\odoo\odoo\http.py", line 2440, in statics
    for module in os.listdir(addons_path):
                  ^^^^^^^^^^^^^^^^^^^^^^^
FileNotFoundError: [WinError 3] The system cannot find the path specified: 'd:\\odoo\\addons'
2026-07-28 06:43:14,370 2396 INFO ? werkzeug: 127.0.0.1 - - [28/Jul/2026 06:43:14] "GET /mcp_connector/static/description/icon.png HTTP/1.1" 500 - 0 0.000 0.197
2026-07-28 06:43:14,402 2396 ERROR ? odoo.http: Exception during request handling. 
Traceback (most recent call last):
  File "D:\Odoo\odoo\odoo\http.py", line 2572, in __call__
    if self.get_static_file(httprequest.path):
       ^^^^^^^^^^^^^^^^^^^^^^^^^^^^^^^^^^^^^^
  File "D:\Odoo\odoo\odoo\http.py", line 2471, in get_static_file
    if (static != 'static' or not resource or module not in self.statics):
                                                            ^^^^^^^^^^^^
  File "D:\Odoo\odoo\odoo\tools\func.py", line 42, in __get__
    value = self.fget(obj)
            ^^^^^^^^^^^^^^
  File "D:\Odoo\odoo\odoo\http.py", line 2440, in statics
    for module in os.listdir(addons_path):
                  ^^^^^^^^^^^^^^^^^^^^^^^
FileNotFoundError: [WinError 3] The system cannot find the path specified: 'd:\\odoo\\addons'
2026-07-28 06:43:14,403 2396 INFO ? werkzeug: 127.0.0.1 - - [28/Jul/2026 06:43:14] "GET /base/static/description/icon.png HTTP/1.1" 500 - 0 0.000 0.167
2026-07-28 06:43:14,543 2396 ERROR ? odoo.http: Exception during request handling. 
Traceback (most recent call last):
  File "D:\Odoo\odoo\odoo\http.py", line 2572, in __call__
    if self.get_static_file(httprequest.path):
       ^^^^^^^^^^^^^^^^^^^^^^^^^^^^^^^^^^^^^^
  File "D:\Odoo\odoo\odoo\http.py", line 2471, in get_static_file
    if (static != 'static' or not resource or module not in self.statics):
                                                            ^^^^^^^^^^^^
  File "D:\Odoo\odoo\odoo\tools\func.py", line 42, in __get__
    value = self.fget(obj)
            ^^^^^^^^^^^^^^
  File "D:\Odoo\odoo\odoo\http.py", line 2440, in statics
    for module in os.listdir(addons_path):
                  ^^^^^^^^^^^^^^^^^^^^^^^
FileNotFoundError: [WinError 3] The system cannot find the path specified: 'd:\\odoo\\addons'
2026-07-28 06:43:14,545 2396 INFO ? werkzeug: 127.0.0.1 - - [28/Jul/2026 06:43:14] "GET /base/static/img/icons/sign.png HTTP/1.1" 500 - 0 0.000 0.140
2026-07-28 06:43:14,694 2396 ERROR ? odoo.http: Exception during request handling. 
Traceback (most recent call last):
  File "D:\Odoo\odoo\odoo\http.py", line 2572, in __call__
    if self.get_static_file(httprequest.path):
       ^^^^^^^^^^^^^^^^^^^^^^^^^^^^^^^^^^^^^^
  File "D:\Odoo\odoo\odoo\http.py", line 2471, in get_static_file
    if (static != 'static' or not resource or module not in self.statics):
                                                            ^^^^^^^^^^^^
  File "D:\Odoo\odoo\odoo\tools\func.py", line 42, in __get__
    value = self.fget(obj)
            ^^^^^^^^^^^^^^
  File "D:\Odoo\odoo\odoo\http.py", line 2440, in statics
    for module in os.listdir(addons_path):
                  ^^^^^^^^^^^^^^^^^^^^^^^
FileNotFoundError: [WinError 3] The system cannot find the path specified: 'd:\\odoo\\addons'
2026-07-28 06:43:14,696 2396 INFO ? werkzeug: 127.0.0.1 - - [28/Jul/2026 06:43:14] "GET /base/static/img/icons/helpdesk.png HTTP/1.1" 500 - 0 0.000 0.211
2026-07-28 06:43:14,798 2396 ERROR ? odoo.http: Exception during request handling. 
Traceback (most recent call last):
  File "D:\Odoo\odoo\odoo\http.py", line 2572, in __call__
    if self.get_static_file(httprequest.path):
       ^^^^^^^^^^^^^^^^^^^^^^^^^^^^^^^^^^^^^^
  File "D:\Odoo\odoo\odoo\http.py", line 2471, in get_static_file
    if (static != 'static' or not resource or module not in self.statics):
                                                            ^^^^^^^^^^^^
  File "D:\Odoo\odoo\odoo\tools\func.py", line 42, in __get__
    value = self.fget(obj)
            ^^^^^^^^^^^^^^
  File "D:\Odoo\odoo\odoo\http.py", line 2440, in statics
    for module in os.listdir(addons_path):
                  ^^^^^^^^^^^^^^^^^^^^^^^
FileNotFoundError: [WinError 3] The system cannot find the path specified: 'd:\\odoo\\addons'
2026-07-28 06:43:14,800 2396 INFO ? werkzeug: 127.0.0.1 - - [28/Jul/2026 06:43:14] "GET /base/static/img/icons/sale_subscription.png HTTP/1.1" 500 - 0 0.000 0.253
2026-07-28 06:43:14,806 2396 ERROR ? odoo.http: Exception during request handling. 
Traceback (most recent call last):
  File "D:\Odoo\odoo\odoo\http.py", line 2572, in __call__
    if self.get_static_file(httprequest.path):
       ^^^^^^^^^^^^^^^^^^^^^^^^^^^^^^^^^^^^^^
  File "D:\Odoo\odoo\odoo\http.py", line 2471, in get_static_file
    if (static != 'static' or not resource or module not in self.statics):
                                                            ^^^^^^^^^^^^
  File "D:\Odoo\odoo\odoo\tools\func.py", line 42, in __get__
    value = self.fget(obj)
            ^^^^^^^^^^^^^^
  File "D:\Odoo\odoo\odoo\http.py", line 2440, in statics
    for module in os.listdir(addons_path):
                  ^^^^^^^^^^^^^^^^^^^^^^^
FileNotFoundError: [WinError 3] The system cannot find the path specified: 'd:\\odoo\\addons'
2026-07-28 06:43:14,808 2396 INFO ? werkzeug: 127.0.0.1 - - [28/Jul/2026 06:43:14] "GET /base/static/img/icons/quality_control.png HTTP/1.1" 500 - 0 0.000 0.258
2026-07-28 06:43:14,925 2396 ERROR ? odoo.http: Exception during request handling. 
Traceback (most recent call last):
  File "D:\Odoo\odoo\odoo\http.py", line 2572, in __call__
    if self.get_static_file(httprequest.path):
       ^^^^^^^^^^^^^^^^^^^^^^^^^^^^^^^^^^^^^^
  File "D:\Odoo\odoo\odoo\http.py", line 2471, in get_static_file
    if (static != 'static' or not resource or module not in self.statics):
                                                            ^^^^^^^^^^^^
  File "D:\Odoo\odoo\odoo\tools\func.py", line 42, in __get__
    value = self.fget(obj)
            ^^^^^^^^^^^^^^
  File "D:\Odoo\odoo\odoo\http.py", line 2440, in statics
    for module in os.listdir(addons_path):
                  ^^^^^^^^^^^^^^^^^^^^^^^
FileNotFoundError: [WinError 3] The system cannot find the path specified: 'd:\\odoo\\addons'
2026-07-28 06:43:14,927 2396 INFO ? werkzeug: 127.0.0.1 - - [28/Jul/2026 06:43:14] "GET /website_slides/static/description/icon.png HTTP/1.1" 500 - 0 0.000 0.236
2026-07-28 06:43:14,956 2396 ERROR ? odoo.http: Exception during request handling. 
Traceback (most recent call last):
  File "D:\Odoo\odoo\odoo\http.py", line 2572, in __call__
    if self.get_static_file(httprequest.path):
       ^^^^^^^^^^^^^^^^^^^^^^^^^^^^^^^^^^^^^^
  File "D:\Odoo\odoo\odoo\http.py", line 2471, in get_static_file
    if (static != 'static' or not resource or module not in self.statics):
                                                            ^^^^^^^^^^^^
  File "D:\Odoo\odoo\odoo\tools\func.py", line 42, in __get__
    value = self.fget(obj)
            ^^^^^^^^^^^^^^
  File "D:\Odoo\odoo\odoo\http.py", line 2440, in statics
    for module in os.listdir(addons_path):
                  ^^^^^^^^^^^^^^^^^^^^^^^
FileNotFoundError: [WinError 3] The system cannot find the path specified: 'd:\\odoo\\addons'
2026-07-28 06:43:14,957 2396 INFO ? werkzeug: 127.0.0.1 - - [28/Jul/2026 06:43:14] "GET /base/static/img/icons/planning.png HTTP/1.1" 500 - 0 0.000 0.233
2026-07-28 06:43:15,039 2396 ERROR ? odoo.http: Exception during request handling. 
Traceback (most recent call last):
  File "D:\Odoo\odoo\odoo\http.py", line 2572, in __call__
    if self.get_static_file(httprequest.path):
       ^^^^^^^^^^^^^^^^^^^^^^^^^^^^^^^^^^^^^^
  File "D:\Odoo\odoo\odoo\http.py", line 2471, in get_static_file
    if (static != 'static' or not resource or module not in self.statics):
                                                            ^^^^^^^^^^^^
  File "D:\Odoo\odoo\odoo\tools\func.py", line 42, in __get__
    value = self.fget(obj)
            ^^^^^^^^^^^^^^
  File "D:\Odoo\odoo\odoo\http.py", line 2440, in statics
    for module in os.listdir(addons_path):
                  ^^^^^^^^^^^^^^^^^^^^^^^
FileNotFoundError: [WinError 3] The system cannot find the path specified: 'd:\\odoo\\addons'
2026-07-28 06:43:15,040 2396 INFO ? werkzeug: 127.0.0.1 - - [28/Jul/2026 06:43:15] "GET /website_event/static/description/icon.png HTTP/1.1" 500 - 0 0.000 0.177
2026-07-28 06:43:15,200 2396 ERROR ? odoo.http: Exception during request handling. 
Traceback (most recent call last):
  File "D:\Odoo\odoo\odoo\http.py", line 2572, in __call__
    if self.get_static_file(httprequest.path):
       ^^^^^^^^^^^^^^^^^^^^^^^^^^^^^^^^^^^^^^
  File "D:\Odoo\odoo\odoo\http.py", line 2471, in get_static_file
    if (static != 'static' or not resource or module not in self.statics):
                                                            ^^^^^^^^^^^^
  File "D:\Odoo\odoo\odoo\tools\func.py", line 42, in __get__
    value = self.fget(obj)
            ^^^^^^^^^^^^^^
  File "D:\Odoo\odoo\odoo\http.py", line 2440, in statics
    for module in os.listdir(addons_path):
                  ^^^^^^^^^^^^^^^^^^^^^^^
FileNotFoundError: [WinError 3] The system cannot find the path specified: 'd:\\odoo\\addons'
2026-07-28 06:43:15,202 2396 INFO ? werkzeug: 127.0.0.1 - - [28/Jul/2026 06:43:15] "GET /mail/static/description/icon.png HTTP/1.1" 500 - 0 0.000 0.196
2026-07-28 06:43:15,371 2396 ERROR ? odoo.http: Exception during request handling. 
Traceback (most recent call last):
  File "D:\Odoo\odoo\odoo\http.py", line 2572, in __call__
    if self.get_static_file(httprequest.path):
       ^^^^^^^^^^^^^^^^^^^^^^^^^^^^^^^^^^^^^^
  File "D:\Odoo\odoo\odoo\http.py", line 2471, in get_static_file
    if (static != 'static' or not resource or module not in self.statics):
                                                            ^^^^^^^^^^^^
  File "D:\Odoo\odoo\odoo\tools\func.py", line 42, in __get__
    value = self.fget(obj)
            ^^^^^^^^^^^^^^
  File "D:\Odoo\odoo\odoo\http.py", line 2440, in statics
    for module in os.listdir(addons_path):
                  ^^^^^^^^^^^^^^^^^^^^^^^
FileNotFoundError: [WinError 3] The system cannot find the path specified: 'd:\\odoo\\addons'
2026-07-28 06:43:15,374 2396 INFO ? werkzeug: 127.0.0.1 - - [28/Jul/2026 06:43:15] "GET /contacts/static/description/icon.png HTTP/1.1" 500 - 0 0.000 0.259
2026-07-28 06:43:15,411 2396 ERROR ? odoo.http: Exception during request handling. 
Traceback (most recent call last):
  File "D:\Odoo\odoo\odoo\http.py", line 2572, in __call__
    if self.get_static_file(httprequest.path):
       ^^^^^^^^^^^^^^^^^^^^^^^^^^^^^^^^^^^^^^
  File "D:\Odoo\odoo\odoo\http.py", line 2471, in get_static_file
    if (static != 'static' or not resource or module not in self.statics):
                                                            ^^^^^^^^^^^^
  File "D:\Odoo\odoo\odoo\tools\func.py", line 42, in __get__
    value = self.fget(obj)
            ^^^^^^^^^^^^^^
  File "D:\Odoo\odoo\odoo\http.py", line 2440, in statics
    for module in os.listdir(addons_path):
                  ^^^^^^^^^^^^^^^^^^^^^^^
FileNotFoundError: [WinError 3] The system cannot find the path specified: 'd:\\odoo\\addons'
2026-07-28 06:43:15,413 2396 INFO ? werkzeug: 127.0.0.1 - - [28/Jul/2026 06:43:15] "GET /base/static/img/icons/mrp_plm.png HTTP/1.1" 500 - 0 0.000 0.298
2026-07-28 06:43:15,518 2396 ERROR ? odoo.http: Exception during request handling. 
Traceback (most recent call last):
  File "D:\Odoo\odoo\odoo\http.py", line 2572, in __call__
    if self.get_static_file(httprequest.path):
       ^^^^^^^^^^^^^^^^^^^^^^^^^^^^^^^^^^^^^^
  File "D:\Odoo\odoo\odoo\http.py", line 2471, in get_static_file
    if (static != 'static' or not resource or module not in self.statics):
                                                            ^^^^^^^^^^^^
  File "D:\Odoo\odoo\odoo\tools\func.py", line 42, in __get__
    value = self.fget(obj)
            ^^^^^^^^^^^^^^
  File "D:\Odoo\odoo\odoo\http.py", line 2440, in statics
    for module in os.listdir(addons_path):
                  ^^^^^^^^^^^^^^^^^^^^^^^
FileNotFoundError: [WinError 3] The system cannot find the path specified: 'd:\\odoo\\addons'
2026-07-28 06:43:15,520 2396 INFO ? werkzeug: 127.0.0.1 - - [28/Jul/2026 06:43:15] "GET /base/static/img/icons/social.png HTTP/1.1" 500 - 0 0.000 0.280
2026-07-28 06:43:15,565 2396 ERROR ? odoo.http: Exception during request handling. 
Traceback (most recent call last):
  File "D:\Odoo\odoo\odoo\http.py", line 2572, in __call__
    if self.get_static_file(httprequest.path):
       ^^^^^^^^^^^^^^^^^^^^^^^^^^^^^^^^^^^^^^
  File "D:\Odoo\odoo\odoo\http.py", line 2471, in get_static_file
    if (static != 'static' or not resource or module not in self.statics):
                                                            ^^^^^^^^^^^^
  File "D:\Odoo\odoo\odoo\tools\func.py", line 42, in __get__
    value = self.fget(obj)
            ^^^^^^^^^^^^^^
  File "D:\Odoo\odoo\odoo\http.py", line 2440, in statics
    for module in os.listdir(addons_path):
                  ^^^^^^^^^^^^^^^^^^^^^^^
FileNotFoundError: [WinError 3] The system cannot find the path specified: 'd:\\odoo\\addons'
2026-07-28 06:43:15,566 2396 INFO ? werkzeug: 127.0.0.1 - - [28/Jul/2026 06:43:15] "GET /base/static/img/icons/hr_appraisal.png HTTP/1.1" 500 - 0 0.000 0.295
2026-07-28 06:43:15,604 2396 ERROR ? odoo.http: Exception during request handling. 
Traceback (most recent call last):
  File "D:\Odoo\odoo\odoo\http.py", line 2572, in __call__
    if self.get_static_file(httprequest.path):
       ^^^^^^^^^^^^^^^^^^^^^^^^^^^^^^^^^^^^^^
  File "D:\Odoo\odoo\odoo\http.py", line 2471, in get_static_file
    if (static != 'static' or not resource or module not in self.statics):
                                                            ^^^^^^^^^^^^
  File "D:\Odoo\odoo\odoo\tools\func.py", line 42, in __get__
    value = self.fget(obj)
            ^^^^^^^^^^^^^^
  File "D:\Odoo\odoo\odoo\http.py", line 2440, in statics
    for module in os.listdir(addons_path):
                  ^^^^^^^^^^^^^^^^^^^^^^^
FileNotFoundError: [WinError 3] The system cannot find the path specified: 'd:\\odoo\\addons'
2026-07-28 06:43:15,605 2396 INFO ? werkzeug: 127.0.0.1 - - [28/Jul/2026 06:43:15] "GET /fleet/static/description/icon.png HTTP/1.1" 500 - 0 0.000 0.254
2026-07-28 06:43:15,683 2396 ERROR ? odoo.http: Exception during request handling. 
Traceback (most recent call last):
  File "D:\Odoo\odoo\odoo\http.py", line 2572, in __call__
    if self.get_static_file(httprequest.path):
       ^^^^^^^^^^^^^^^^^^^^^^^^^^^^^^^^^^^^^^
  File "D:\Odoo\odoo\odoo\http.py", line 2471, in get_static_file
    if (static != 'static' or not resource or module not in self.statics):
                                                            ^^^^^^^^^^^^
  File "D:\Odoo\odoo\odoo\tools\func.py", line 42, in __get__
    value = self.fget(obj)
            ^^^^^^^^^^^^^^
  File "D:\Odoo\odoo\odoo\http.py", line 2440, in statics
    for module in os.listdir(addons_path):
                  ^^^^^^^^^^^^^^^^^^^^^^^
FileNotFoundError: [WinError 3] The system cannot find the path specified: 'd:\\odoo\\addons'
2026-07-28 06:43:15,685 2396 INFO ? werkzeug: 127.0.0.1 - - [28/Jul/2026 06:43:15] "GET /base/static/img/icons/marketing_automation.png HTTP/1.1" 500 - 0 0.000 0.163
2026-07-28 06:43:15,831 2396 ERROR ? odoo.http: Exception during request handling. 
Traceback (most recent call last):
  File "D:\Odoo\odoo\odoo\http.py", line 2572, in __call__
    if self.get_static_file(httprequest.path):
       ^^^^^^^^^^^^^^^^^^^^^^^^^^^^^^^^^^^^^^
  File "D:\Odoo\odoo\odoo\http.py", line 2471, in get_static_file
    if (static != 'static' or not resource or module not in self.statics):
                                                            ^^^^^^^^^^^^
  File "D:\Odoo\odoo\odoo\tools\func.py", line 42, in __get__
    value = self.fget(obj)
            ^^^^^^^^^^^^^^
  File "D:\Odoo\odoo\odoo\http.py", line 2440, in statics
    for module in os.listdir(addons_path):
                  ^^^^^^^^^^^^^^^^^^^^^^^
FileNotFoundError: [WinError 3] The system cannot find the path specified: 'd:\\odoo\\addons'
2026-07-28 06:43:15,832 2396 INFO ? werkzeug: 127.0.0.1 - - [28/Jul/2026 06:43:15] "GET /im_livechat/static/description/icon.png HTTP/1.1" 500 - 0 0.000 0.145
2026-07-28 06:43:15,883 2396 ERROR ? odoo.http: Exception during request handling. 
Traceback (most recent call last):
  File "D:\Odoo\odoo\odoo\http.py", line 2572, in __call__
    if self.get_static_file(httprequest.path):
       ^^^^^^^^^^^^^^^^^^^^^^^^^^^^^^^^^^^^^^
  File "D:\Odoo\odoo\odoo\http.py", line 2471, in get_static_file
    if (static != 'static' or not resource or module not in self.statics):
                                                            ^^^^^^^^^^^^
  File "D:\Odoo\odoo\odoo\tools\func.py", line 42, in __get__
    value = self.fget(obj)
            ^^^^^^^^^^^^^^
  File "D:\Odoo\odoo\odoo\http.py", line 2440, in statics
    for module in os.listdir(addons_path):
                  ^^^^^^^^^^^^^^^^^^^^^^^
FileNotFoundError: [WinError 3] The system cannot find the path specified: 'd:\\odoo\\addons'
2026-07-28 06:43:15,885 2396 INFO ? werkzeug: 127.0.0.1 - - [28/Jul/2026 06:43:15] "GET /base/static/img/icons/appointment.png HTTP/1.1" 500 - 0 0.000 0.160
2026-07-28 06:43:16,065 2396 ERROR ? odoo.http: Exception during request handling. 
Traceback (most recent call last):
  File "D:\Odoo\odoo\odoo\http.py", line 2572, in __call__
    if self.get_static_file(httprequest.path):
       ^^^^^^^^^^^^^^^^^^^^^^^^^^^^^^^^^^^^^^
  File "D:\Odoo\odoo\odoo\http.py", line 2471, in get_static_file
    if (static != 'static' or not resource or module not in self.statics):
                                                            ^^^^^^^^^^^^
  File "D:\Odoo\odoo\odoo\tools\func.py", line 42, in __get__
    value = self.fget(obj)
            ^^^^^^^^^^^^^^
  File "D:\Odoo\odoo\odoo\http.py", line 2440, in statics
    for module in os.listdir(addons_path):
                  ^^^^^^^^^^^^^^^^^^^^^^^
FileNotFoundError: [WinError 3] The system cannot find the path specified: 'd:\\odoo\\addons'
2026-07-28 06:43:16,069 2396 INFO ? werkzeug: 127.0.0.1 - - [28/Jul/2026 06:43:16] "GET /survey/static/description/icon.png HTTP/1.1" 500 - 0 0.000 0.235
2026-07-28 06:43:16,135 2396 ERROR ? odoo.http: Exception during request handling. 
Traceback (most recent call last):
  File "D:\Odoo\odoo\odoo\http.py", line 2572, in __call__
    if self.get_static_file(httprequest.path):
       ^^^^^^^^^^^^^^^^^^^^^^^^^^^^^^^^^^^^^^
  File "D:\Odoo\odoo\odoo\http.py", line 2471, in get_static_file
    if (static != 'static' or not resource or module not in self.statics):
                                                            ^^^^^^^^^^^^
  File "D:\Odoo\odoo\odoo\tools\func.py", line 42, in __get__
    value = self.fget(obj)
            ^^^^^^^^^^^^^^
  File "D:\Odoo\odoo\odoo\http.py", line 2440, in statics
    for module in os.listdir(addons_path):
                  ^^^^^^^^^^^^^^^^^^^^^^^
FileNotFoundError: [WinError 3] The system cannot find the path specified: 'd:\\odoo\\addons'
2026-07-28 06:43:16,137 2396 INFO ? werkzeug: 127.0.0.1 - - [28/Jul/2026 06:43:16] "GET /base/static/img/icons/web_mobile.png HTTP/1.1" 500 - 0 0.000 0.256
2026-07-28 06:43:16,188 2396 ERROR ? odoo.http: Exception during request handling. 
Traceback (most recent call last):
  File "D:\Odoo\odoo\odoo\http.py", line 2572, in __call__
    if self.get_static_file(httprequest.path):
       ^^^^^^^^^^^^^^^^^^^^^^^^^^^^^^^^^^^^^^
  File "D:\Odoo\odoo\odoo\http.py", line 2471, in get_static_file
    if (static != 'static' or not resource or module not in self.statics):
                                                            ^^^^^^^^^^^^
  File "D:\Odoo\odoo\odoo\tools\func.py", line 42, in __get__
    value = self.fget(obj)
            ^^^^^^^^^^^^^^
  File "D:\Odoo\odoo\odoo\http.py", line 2440, in statics
    for module in os.listdir(addons_path):
                  ^^^^^^^^^^^^^^^^^^^^^^^
FileNotFoundError: [WinError 3] The system cannot find the path specified: 'd:\\odoo\\addons'
2026-07-28 06:43:16,190 2396 INFO ? werkzeug: 127.0.0.1 - - [28/Jul/2026 06:43:16] "GET /repair/static/description/icon.png HTTP/1.1" 500 - 0 0.000 0.277
2026-07-28 06:43:16,271 2396 ERROR ? odoo.http: Exception during request handling. 
Traceback (most recent call last):
  File "D:\Odoo\odoo\odoo\http.py", line 2572, in __call__
    if self.get_static_file(httprequest.path):
       ^^^^^^^^^^^^^^^^^^^^^^^^^^^^^^^^^^^^^^
  File "D:\Odoo\odoo\odoo\http.py", line 2471, in get_static_file
    if (static != 'static' or not resource or module not in self.statics):
                                                            ^^^^^^^^^^^^
  File "D:\Odoo\odoo\odoo\tools\func.py", line 42, in __get__
    value = self.fget(obj)
            ^^^^^^^^^^^^^^
  File "D:\Odoo\odoo\odoo\http.py", line 2440, in statics
    for module in os.listdir(addons_path):
                  ^^^^^^^^^^^^^^^^^^^^^^^
FileNotFoundError: [WinError 3] The system cannot find the path specified: 'd:\\odoo\\addons'
2026-07-28 06:43:16,273 2396 INFO ? werkzeug: 127.0.0.1 - - [28/Jul/2026 06:43:16] "GET /hr_attendance/static/description/icon.png HTTP/1.1" 500 - 0 0.000 0.279
2026-07-28 06:43:16,359 2396 ERROR ? odoo.http: Exception during request handling. 
Traceback (most recent call last):
  File "D:\Odoo\odoo\odoo\http.py", line 2572, in __call__
    if self.get_static_file(httprequest.path):
       ^^^^^^^^^^^^^^^^^^^^^^^^^^^^^^^^^^^^^^
  File "D:\Odoo\odoo\odoo\http.py", line 2471, in get_static_file
    if (static != 'static' or not resource or module not in self.statics):
                                                            ^^^^^^^^^^^^
  File "D:\Odoo\odoo\odoo\tools\func.py", line 42, in __get__
    value = self.fget(obj)
            ^^^^^^^^^^^^^^
  File "D:\Odoo\odoo\odoo\http.py", line 2440, in statics
    for module in os.listdir(addons_path):
                  ^^^^^^^^^^^^^^^^^^^^^^^
FileNotFoundError: [WinError 3] The system cannot find the path specified: 'd:\\odoo\\addons'
2026-07-28 06:43:16,360 2396 INFO ? werkzeug: 127.0.0.1 - - [28/Jul/2026 06:43:16] "GET /mass_mailing_sms/static/description/icon.png HTTP/1.1" 500 - 0 0.000 0.220
2026-07-28 06:43:16,390 2396 ERROR ? odoo.http: Exception during request handling. 
Traceback (most recent call last):
  File "D:\Odoo\odoo\odoo\http.py", line 2572, in __call__
    if self.get_static_file(httprequest.path):
       ^^^^^^^^^^^^^^^^^^^^^^^^^^^^^^^^^^^^^^
  File "D:\Odoo\odoo\odoo\http.py", line 2471, in get_static_file
    if (static != 'static' or not resource or module not in self.statics):
                                                            ^^^^^^^^^^^^
  File "D:\Odoo\odoo\odoo\tools\func.py", line 42, in __get__
    value = self.fget(obj)
            ^^^^^^^^^^^^^^
  File "D:\Odoo\odoo\odoo\http.py", line 2440, in statics
    for module in os.listdir(addons_path):
                  ^^^^^^^^^^^^^^^^^^^^^^^
FileNotFoundError: [WinError 3] The system cannot find the path specified: 'd:\\odoo\\addons'
2026-07-28 06:43:16,392 2396 INFO ? werkzeug: 127.0.0.1 - - [28/Jul/2026 06:43:16] "GET /base/static/img/icons/stock_barcode.png HTTP/1.1" 500 - 0 0.000 0.200
2026-07-28 06:43:16,561 2396 ERROR ? odoo.http: Exception during request handling. 
Traceback (most recent call last):
  File "D:\Odoo\odoo\odoo\http.py", line 2572, in __call__
    if self.get_static_file(httprequest.path):
       ^^^^^^^^^^^^^^^^^^^^^^^^^^^^^^^^^^^^^^
  File "D:\Odoo\odoo\odoo\http.py", line 2471, in get_static_file
    if (static != 'static' or not resource or module not in self.statics):
                                                            ^^^^^^^^^^^^
  File "D:\Odoo\odoo\odoo\tools\func.py", line 42, in __get__
    value = self.fget(obj)
            ^^^^^^^^^^^^^^
  File "D:\Odoo\odoo\odoo\http.py", line 2440, in statics
    for module in os.listdir(addons_path):
                  ^^^^^^^^^^^^^^^^^^^^^^^
FileNotFoundError: [WinError 3] The system cannot find the path specified: 'd:\\odoo\\addons'
2026-07-28 06:43:16,563 2396 INFO ? werkzeug: 127.0.0.1 - - [28/Jul/2026 06:43:16] "GET /project_todo/static/description/icon.png HTTP/1.1" 500 - 0 0.000 0.178
2026-07-28 06:43:16,665 2396 ERROR ? odoo.http: Exception during request handling. 
Traceback (most recent call last):
  File "D:\Odoo\odoo\odoo\http.py", line 2572, in __call__
    if self.get_static_file(httprequest.path):
       ^^^^^^^^^^^^^^^^^^^^^^^^^^^^^^^^^^^^^^
  File "D:\Odoo\odoo\odoo\http.py", line 2471, in get_static_file
    if (static != 'static' or not resource or module not in self.statics):
                                                            ^^^^^^^^^^^^
  File "D:\Odoo\odoo\odoo\tools\func.py", line 42, in __get__
    value = self.fget(obj)
            ^^^^^^^^^^^^^^
  File "D:\Odoo\odoo\odoo\http.py", line 2440, in statics
    for module in os.listdir(addons_path):
                  ^^^^^^^^^^^^^^^^^^^^^^^
FileNotFoundError: [WinError 3] The system cannot find the path specified: 'd:\\odoo\\addons'
2026-07-28 06:43:16,667 2396 INFO ? werkzeug: 127.0.0.1 - - [28/Jul/2026 06:43:16] "GET /hr_skills/static/description/icon.png HTTP/1.1" 500 - 0 0.000 0.220
2026-07-28 06:43:16,784 2396 ERROR ? odoo.http: Exception during request handling. 
Traceback (most recent call last):
  File "D:\Odoo\odoo\odoo\http.py", line 2572, in __call__
    if self.get_static_file(httprequest.path):
       ^^^^^^^^^^^^^^^^^^^^^^^^^^^^^^^^^^^^^^
  File "D:\Odoo\odoo\odoo\http.py", line 2471, in get_static_file
    if (static != 'static' or not resource or module not in self.statics):
                                                            ^^^^^^^^^^^^
  File "D:\Odoo\odoo\odoo\tools\func.py", line 42, in __get__
    value = self.fget(obj)
            ^^^^^^^^^^^^^^
  File "D:\Odoo\odoo\odoo\http.py", line 2440, in statics
    for module in os.listdir(addons_path):
                  ^^^^^^^^^^^^^^^^^^^^^^^
FileNotFoundError: [WinError 3] The system cannot find the path specified: 'd:\\odoo\\addons'
2026-07-28 06:43:16,787 2396 INFO ? werkzeug: 127.0.0.1 - - [28/Jul/2026 06:43:16] "GET /base/static/img/icons/voip.png HTTP/1.1" 500 - 0 0.000 0.277
2026-07-28 06:43:16,877 2396 ERROR ? odoo.http: Exception during request handling. 
Traceback (most recent call last):
  File "D:\Odoo\odoo\odoo\http.py", line 2572, in __call__
    if self.get_static_file(httprequest.path):
       ^^^^^^^^^^^^^^^^^^^^^^^^^^^^^^^^^^^^^^
  File "D:\Odoo\odoo\odoo\http.py", line 2471, in get_static_file
    if (static != 'static' or not resource or module not in self.statics):
                                                            ^^^^^^^^^^^^
  File "D:\Odoo\odoo\odoo\tools\func.py", line 42, in __get__
    value = self.fget(obj)
            ^^^^^^^^^^^^^^
  File "D:\Odoo\odoo\odoo\http.py", line 2440, in statics
    for module in os.listdir(addons_path):
                  ^^^^^^^^^^^^^^^^^^^^^^^
FileNotFoundError: [WinError 3] The system cannot find the path specified: 'd:\\odoo\\addons'
2026-07-28 06:43:16,879 2396 INFO ? werkzeug: 127.0.0.1 - - [28/Jul/2026 06:43:16] "GET /lunch/static/description/icon.png HTTP/1.1" 500 - 0 0.000 0.290
2026-07-28 06:43:16,959 2396 ERROR ? odoo.http: Exception during request handling. 
Traceback (most recent call last):
  File "D:\Odoo\odoo\odoo\http.py", line 2572, in __call__
    if self.get_static_file(httprequest.path):
       ^^^^^^^^^^^^^^^^^^^^^^^^^^^^^^^^^^^^^^
  File "D:\Odoo\odoo\odoo\http.py", line 2471, in get_static_file
    if (static != 'static' or not resource or module not in self.statics):
                                                            ^^^^^^^^^^^^
  File "D:\Odoo\odoo\odoo\tools\func.py", line 42, in __get__
    value = self.fget(obj)
            ^^^^^^^^^^^^^^
  File "D:\Odoo\odoo\odoo\http.py", line 2440, in statics
    for module in os.listdir(addons_path):
                  ^^^^^^^^^^^^^^^^^^^^^^^
FileNotFoundError: [WinError 3] The system cannot find the path specified: 'd:\\odoo\\addons'
2026-07-28 06:43:16,961 2396 INFO ? werkzeug: 127.0.0.1 - - [28/Jul/2026 06:43:16] "GET /website_hr_recruitment/static/description/icon.png HTTP/1.1" 500 - 0 0.000 0.292
2026-07-28 06:43:16,985 2396 ERROR ? odoo.http: Exception during request handling. 
Traceback (most recent call last):
  File "D:\Odoo\odoo\odoo\http.py", line 2572, in __call__
    if self.get_static_file(httprequest.path):
       ^^^^^^^^^^^^^^^^^^^^^^^^^^^^^^^^^^^^^^
  File "D:\Odoo\odoo\odoo\http.py", line 2471, in get_static_file
    if (static != 'static' or not resource or module not in self.statics):
                                                            ^^^^^^^^^^^^
  File "D:\Odoo\odoo\odoo\tools\func.py", line 42, in __get__
    value = self.fget(obj)
            ^^^^^^^^^^^^^^
  File "D:\Odoo\odoo\odoo\http.py", line 2440, in statics
    for module in os.listdir(addons_path):
                  ^^^^^^^^^^^^^^^^^^^^^^^
FileNotFoundError: [WinError 3] The system cannot find the path specified: 'd:\\odoo\\addons'
2026-07-28 06:43:16,986 2396 INFO ? werkzeug: 127.0.0.1 - - [28/Jul/2026 06:43:16] "GET /base/static/img/icons/sale_amazon.png HTTP/1.1" 500 - 0 0.000 0.286
2026-07-28 06:43:17,069 2396 ERROR ? odoo.http: Exception during request handling. 
Traceback (most recent call last):
  File "D:\Odoo\odoo\odoo\http.py", line 2572, in __call__
    if self.get_static_file(httprequest.path):
       ^^^^^^^^^^^^^^^^^^^^^^^^^^^^^^^^^^^^^^
  File "D:\Odoo\odoo\odoo\http.py", line 2471, in get_static_file
    if (static != 'static' or not resource or module not in self.statics):
                                                            ^^^^^^^^^^^^
  File "D:\Odoo\odoo\odoo\tools\func.py", line 42, in __get__
    value = self.fget(obj)
            ^^^^^^^^^^^^^^
  File "D:\Odoo\odoo\odoo\http.py", line 2440, in statics
    for module in os.listdir(addons_path):
                  ^^^^^^^^^^^^^^^^^^^^^^^
FileNotFoundError: [WinError 3] The system cannot find the path specified: 'd:\\odoo\\addons'
2026-07-28 06:43:17,070 2396 INFO ? werkzeug: 127.0.0.1 - - [28/Jul/2026 06:43:17] "GET /hr_contract/static/description/icon.png HTTP/1.1" 500 - 0 0.000 0.198
2026-07-28 06:45:33,470 2396 INFO odoo18 werkzeug: 127.0.0.1 - - [28/Jul/2026 06:45:33] "POST /mcp HTTP/1.1" 404 - 10 0.005 0.010
2026-07-28 06:45:33,495 2396 INFO odoo18 werkzeug: 127.0.0.1 - - [28/Jul/2026 06:45:33] "GET /.well-known/oauth-protected-resource/mcp HTTP/1.1" 404 - 9 0.007 0.015
2026-07-28 06:45:33,516 2396 INFO odoo18 werkzeug: 127.0.0.1 - - [28/Jul/2026 06:45:33] "GET /.well-known/oauth-protected-resource HTTP/1.1" 404 - 9 0.007 0.011
2026-07-28 06:45:57,466 2396 INFO odoo18 werkzeug: 127.0.0.1 - - [28/Jul/2026 06:45:57] "POST /web/dataset/call_kw/ir.module.module/search_panel_select_range HTTP/1.1" 200 - 58 0.035 0.028
2026-07-28 06:45:57,514 2396 INFO odoo18 werkzeug: 127.0.0.1 - - [28/Jul/2026 06:45:57] "POST /web/dataset/call_kw/ir.module.module/web_search_read HTTP/1.1" 200 - 4 0.010 0.102
2026-07-28 06:45:57,917 2396 ERROR ? odoo.http: Exception during request handling. 
Traceback (most recent call last):
  File "D:\Odoo\odoo\odoo\http.py", line 2572, in __call__
    if self.get_static_file(httprequest.path):
       ^^^^^^^^^^^^^^^^^^^^^^^^^^^^^^^^^^^^^^
  File "D:\Odoo\odoo\odoo\http.py", line 2471, in get_static_file
    if (static != 'static' or not resource or module not in self.statics):
                                                            ^^^^^^^^^^^^
  File "D:\Odoo\odoo\odoo\tools\func.py", line 42, in __get__
    value = self.fget(obj)
            ^^^^^^^^^^^^^^
  File "D:\Odoo\odoo\odoo\http.py", line 2440, in statics
    for module in os.listdir(addons_path):
                  ^^^^^^^^^^^^^^^^^^^^^^^
FileNotFoundError: [WinError 3] The system cannot find the path specified: 'd:\\odoo\\addons'
2026-07-28 06:45:57,918 2396 INFO ? werkzeug: 127.0.0.1 - - [28/Jul/2026 06:45:57] "GET /sale_management/static/description/icon.png HTTP/1.1" 500 - 0 0.000 0.145
2026-07-28 06:45:58,538 2396 ERROR ? odoo.http: Exception during request handling. 
Traceback (most recent call last):
  File "D:\Odoo\odoo\odoo\http.py", line 2572, in __call__
    if self.get_static_file(httprequest.path):
       ^^^^^^^^^^^^^^^^^^^^^^^^^^^^^^^^^^^^^^
  File "D:\Odoo\odoo\odoo\http.py", line 2471, in get_static_file
    if (static != 'static' or not resource or module not in self.statics):
                                                            ^^^^^^^^^^^^
  File "D:\Odoo\odoo\odoo\tools\func.py", line 42, in __get__
    value = self.fget(obj)
            ^^^^^^^^^^^^^^
  File "D:\Odoo\odoo\odoo\http.py", line 2440, in statics
    for module in os.listdir(addons_path):
                  ^^^^^^^^^^^^^^^^^^^^^^^
FileNotFoundError: [WinError 3] The system cannot find the path specified: 'd:\\odoo\\addons'
2026-07-28 06:45:58,540 2396 INFO ? werkzeug: 127.0.0.1 - - [28/Jul/2026 06:45:58] "GET /project/static/description/icon.png HTTP/1.1" 500 - 0 0.000 0.445
2026-07-28 06:45:58,548 2396 ERROR ? odoo.http: Exception during request handling. 
Traceback (most recent call last):
  File "D:\Odoo\odoo\odoo\http.py", line 2572, in __call__
    if self.get_static_file(httprequest.path):
       ^^^^^^^^^^^^^^^^^^^^^^^^^^^^^^^^^^^^^^
  File "D:\Odoo\odoo\odoo\http.py", line 2471, in get_static_file
    if (static != 'static' or not resource or module not in self.statics):
                                                            ^^^^^^^^^^^^
  File "D:\Odoo\odoo\odoo\tools\func.py", line 42, in __get__
    value = self.fget(obj)
            ^^^^^^^^^^^^^^
  File "D:\Odoo\odoo\odoo\http.py", line 2440, in statics
    for module in os.listdir(addons_path):
                  ^^^^^^^^^^^^^^^^^^^^^^^
FileNotFoundError: [WinError 3] The system cannot find the path specified: 'd:\\odoo\\addons'
2026-07-28 06:45:58,551 2396 INFO ? werkzeug: 127.0.0.1 - - [28/Jul/2026 06:45:58] "GET /point_of_sale/static/description/icon.png HTTP/1.1" 500 - 0 0.000 0.457
2026-07-28 06:45:58,605 2396 ERROR ? odoo.http: Exception during request handling. 
Traceback (most recent call last):
  File "D:\Odoo\odoo\odoo\http.py", line 2572, in __call__
    if self.get_static_file(httprequest.path):
       ^^^^^^^^^^^^^^^^^^^^^^^^^^^^^^^^^^^^^^
  File "D:\Odoo\odoo\odoo\http.py", line 2471, in get_static_file
    if (static != 'static' or not resource or module not in self.statics):
                                                            ^^^^^^^^^^^^
  File "D:\Odoo\odoo\odoo\tools\func.py", line 42, in __get__
    value = self.fget(obj)
            ^^^^^^^^^^^^^^
  File "D:\Odoo\odoo\odoo\http.py", line 2440, in statics
    for module in os.listdir(addons_path):
                  ^^^^^^^^^^^^^^^^^^^^^^^
FileNotFoundError: [WinError 3] The system cannot find the path specified: 'd:\\odoo\\addons'
2026-07-28 06:45:58,607 2396 INFO ? werkzeug: 127.0.0.1 - - [28/Jul/2026 06:45:58] "GET /base/static/img/icons/account_accountant.png HTTP/1.1" 500 - 0 0.000 0.510
2026-07-28 06:45:58,614 2396 ERROR ? odoo.http: Exception during request handling. 
Traceback (most recent call last):
  File "D:\Odoo\odoo\odoo\http.py", line 2572, in __call__
    if self.get_static_file(httprequest.path):
       ^^^^^^^^^^^^^^^^^^^^^^^^^^^^^^^^^^^^^^
  File "D:\Odoo\odoo\odoo\http.py", line 2471, in get_static_file
    if (static != 'static' or not resource or module not in self.statics):
                                                            ^^^^^^^^^^^^
  File "D:\Odoo\odoo\odoo\tools\func.py", line 42, in __get__
    value = self.fget(obj)
            ^^^^^^^^^^^^^^
  File "D:\Odoo\odoo\odoo\http.py", line 2440, in statics
    for module in os.listdir(addons_path):
                  ^^^^^^^^^^^^^^^^^^^^^^^
FileNotFoundError: [WinError 3] The system cannot find the path specified: 'd:\\odoo\\addons'
2026-07-28 06:45:58,617 2396 INFO ? werkzeug: 127.0.0.1 - - [28/Jul/2026 06:45:58] "GET /base/static/img/icons/knowledge.png HTTP/1.1" 500 - 0 0.000 0.521
2026-07-28 06:45:58,628 2396 ERROR ? odoo.http: Exception during request handling. 
Traceback (most recent call last):
  File "D:\Odoo\odoo\odoo\http.py", line 2572, in __call__
    if self.get_static_file(httprequest.path):
       ^^^^^^^^^^^^^^^^^^^^^^^^^^^^^^^^^^^^^^
  File "D:\Odoo\odoo\odoo\http.py", line 2471, in get_static_file
    if (static != 'static' or not resource or module not in self.statics):
                                                            ^^^^^^^^^^^^
  File "D:\Odoo\odoo\odoo\tools\func.py", line 42, in __get__
    value = self.fget(obj)
            ^^^^^^^^^^^^^^
  File "D:\Odoo\odoo\odoo\http.py", line 2440, in statics
    for module in os.listdir(addons_path):
                  ^^^^^^^^^^^^^^^^^^^^^^^
FileNotFoundError: [WinError 3] The system cannot find the path specified: 'd:\\odoo\\addons'
2026-07-28 06:45:58,630 2396 INFO ? werkzeug: 127.0.0.1 - - [28/Jul/2026 06:45:58] "GET /purchase/static/description/icon.png HTTP/1.1" 500 - 0 0.000 0.536
2026-07-28 06:45:58,666 2396 ERROR ? odoo.http: Exception during request handling. 
Traceback (most recent call last):
  File "D:\Odoo\odoo\odoo\http.py", line 2572, in __call__
    if self.get_static_file(httprequest.path):
       ^^^^^^^^^^^^^^^^^^^^^^^^^^^^^^^^^^^^^^
  File "D:\Odoo\odoo\odoo\http.py", line 2471, in get_static_file
    if (static != 'static' or not resource or module not in self.statics):
                                                            ^^^^^^^^^^^^
  File "D:\Odoo\odoo\odoo\tools\func.py", line 42, in __get__
    value = self.fget(obj)
            ^^^^^^^^^^^^^^
  File "D:\Odoo\odoo\odoo\http.py", line 2440, in statics
    for module in os.listdir(addons_path):
                  ^^^^^^^^^^^^^^^^^^^^^^^
FileNotFoundError: [WinError 3] The system cannot find the path specified: 'd:\\odoo\\addons'
2026-07-28 06:45:58,667 2396 INFO ? werkzeug: 127.0.0.1 - - [28/Jul/2026 06:45:58] "GET /pos_restaurant/static/description/icon.png HTTP/1.1" 500 - 0 0.000 0.433
2026-07-28 06:45:59,231 2396 INFO odoo18 werkzeug: 127.0.0.1 - - [28/Jul/2026 06:45:59] "POST /web/dataset/call_kw/ir.module.module/search_panel_select_range HTTP/1.1" 200 - 58 0.087 0.169
2026-07-28 06:45:59,341 2396 ERROR ? odoo.http: Exception during request handling. 
Traceback (most recent call last):
  File "D:\Odoo\odoo\odoo\http.py", line 2572, in __call__
    if self.get_static_file(httprequest.path):
       ^^^^^^^^^^^^^^^^^^^^^^^^^^^^^^^^^^^^^^
  File "D:\Odoo\odoo\odoo\http.py", line 2471, in get_static_file
    if (static != 'static' or not resource or module not in self.statics):
                                                            ^^^^^^^^^^^^
  File "D:\Odoo\odoo\odoo\tools\func.py", line 42, in __get__
    value = self.fget(obj)
            ^^^^^^^^^^^^^^
  File "D:\Odoo\odoo\odoo\http.py", line 2440, in statics
    for module in os.listdir(addons_path):
                  ^^^^^^^^^^^^^^^^^^^^^^^
FileNotFoundError: [WinError 3] The system cannot find the path specified: 'd:\\odoo\\addons'
2026-07-28 06:45:59,344 2396 INFO ? werkzeug: 127.0.0.1 - - [28/Jul/2026 06:45:59] "GET /account/static/description/icon.png HTTP/1.1" 500 - 0 0.000 0.495
2026-07-28 06:45:59,397 2396 ERROR ? odoo.http: Exception during request handling. 
Traceback (most recent call last):
  File "D:\Odoo\odoo\odoo\http.py", line 2572, in __call__
    if self.get_static_file(httprequest.path):
       ^^^^^^^^^^^^^^^^^^^^^^^^^^^^^^^^^^^^^^
  File "D:\Odoo\odoo\odoo\http.py", line 2471, in get_static_file
    if (static != 'static' or not resource or module not in self.statics):
                                                            ^^^^^^^^^^^^
  File "D:\Odoo\odoo\odoo\tools\func.py", line 42, in __get__
    value = self.fget(obj)
            ^^^^^^^^^^^^^^
  File "D:\Odoo\odoo\odoo\http.py", line 2440, in statics
    for module in os.listdir(addons_path):
                  ^^^^^^^^^^^^^^^^^^^^^^^
FileNotFoundError: [WinError 3] The system cannot find the path specified: 'd:\\odoo\\addons'
2026-07-28 06:45:59,399 2396 INFO ? werkzeug: 127.0.0.1 - - [28/Jul/2026 06:45:59] "GET /base/static/img/icons/mrp_workorder.png HTTP/1.1" 500 - 0 0.000 0.534
2026-07-28 06:45:59,460 2396 ERROR ? odoo.http: Exception during request handling. 
Traceback (most recent call last):
  File "D:\Odoo\odoo\odoo\http.py", line 2572, in __call__
    if self.get_static_file(httprequest.path):
       ^^^^^^^^^^^^^^^^^^^^^^^^^^^^^^^^^^^^^^
  File "D:\Odoo\odoo\odoo\http.py", line 2471, in get_static_file
    if (static != 'static' or not resource or module not in self.statics):
                                                            ^^^^^^^^^^^^
  File "D:\Odoo\odoo\odoo\tools\func.py", line 42, in __get__
    value = self.fget(obj)
            ^^^^^^^^^^^^^^
  File "D:\Odoo\odoo\odoo\http.py", line 2440, in statics
    for module in os.listdir(addons_path):
                  ^^^^^^^^^^^^^^^^^^^^^^^
FileNotFoundError: [WinError 3] The system cannot find the path specified: 'd:\\odoo\\addons'
2026-07-28 06:45:59,463 2396 INFO ? werkzeug: 127.0.0.1 - - [28/Jul/2026 06:45:59] "GET /website/static/description/icon.png HTTP/1.1" 500 - 0 0.000 0.550
2026-07-28 06:45:59,477 2396 ERROR ? odoo.http: Exception during request handling. 
Traceback (most recent call last):
  File "D:\Odoo\odoo\odoo\http.py", line 2572, in __call__
    if self.get_static_file(httprequest.path):
       ^^^^^^^^^^^^^^^^^^^^^^^^^^^^^^^^^^^^^^
  File "D:\Odoo\odoo\odoo\http.py", line 2471, in get_static_file
    if (static != 'static' or not resource or module not in self.statics):
                                                            ^^^^^^^^^^^^
  File "D:\Odoo\odoo\odoo\tools\func.py", line 42, in __get__
    value = self.fget(obj)
            ^^^^^^^^^^^^^^
  File "D:\Odoo\odoo\odoo\http.py", line 2440, in statics
    for module in os.listdir(addons_path):
                  ^^^^^^^^^^^^^^^^^^^^^^^
FileNotFoundError: [WinError 3] The system cannot find the path specified: 'd:\\odoo\\addons'
2026-07-28 06:45:59,479 2396 INFO ? werkzeug: 127.0.0.1 - - [28/Jul/2026 06:45:59] "GET /stock/static/description/icon.png HTTP/1.1" 500 - 0 0.000 0.551
2026-07-28 06:45:59,493 2396 ERROR ? odoo.http: Exception during request handling. 
Traceback (most recent call last):
  File "D:\Odoo\odoo\odoo\http.py", line 2572, in __call__
    if self.get_static_file(httprequest.path):
       ^^^^^^^^^^^^^^^^^^^^^^^^^^^^^^^^^^^^^^
  File "D:\Odoo\odoo\odoo\http.py", line 2471, in get_static_file
    if (static != 'static' or not resource or module not in self.statics):
                                                            ^^^^^^^^^^^^
  File "D:\Odoo\odoo\odoo\tools\func.py", line 42, in __get__
    value = self.fget(obj)
            ^^^^^^^^^^^^^^
  File "D:\Odoo\odoo\odoo\http.py", line 2440, in statics
    for module in os.listdir(addons_path):
                  ^^^^^^^^^^^^^^^^^^^^^^^
FileNotFoundError: [WinError 3] The system cannot find the path specified: 'd:\\odoo\\addons'
2026-07-28 06:45:59,495 2396 INFO ? werkzeug: 127.0.0.1 - - [28/Jul/2026 06:45:59] "GET /website_sale/static/description/icon.png HTTP/1.1" 500 - 0 0.000 0.552
2026-07-28 06:45:59,555 2396 INFO odoo18 werkzeug: 127.0.0.1 - - [28/Jul/2026 06:45:59] "POST /web/dataset/call_kw/ir.module.module/web_search_read HTTP/1.1" 200 - 3 0.008 0.008
2026-07-28 06:45:59,843 2396 ERROR ? odoo.http: Exception during request handling. 
Traceback (most recent call last):
  File "D:\Odoo\odoo\odoo\http.py", line 2572, in __call__
    if self.get_static_file(httprequest.path):
       ^^^^^^^^^^^^^^^^^^^^^^^^^^^^^^^^^^^^^^
  File "D:\Odoo\odoo\odoo\http.py", line 2471, in get_static_file
    if (static != 'static' or not resource or module not in self.statics):
                                                            ^^^^^^^^^^^^
  File "D:\Odoo\odoo\odoo\tools\func.py", line 42, in __get__
    value = self.fget(obj)
            ^^^^^^^^^^^^^^
  File "D:\Odoo\odoo\odoo\http.py", line 2440, in statics
    for module in os.listdir(addons_path):
                  ^^^^^^^^^^^^^^^^^^^^^^^
FileNotFoundError: [WinError 3] The system cannot find the path specified: 'd:\\odoo\\addons'
2026-07-28 06:45:59,845 2396 INFO ? werkzeug: 127.0.0.1 - - [28/Jul/2026 06:45:59] "GET /muk_mcp/static/description/icon.png HTTP/1.1" 500 - 0 0.000 0.181
2026-07-28 06:45:59,988 2396 ERROR ? odoo.http: Exception during request handling. 
Traceback (most recent call last):
  File "D:\Odoo\odoo\odoo\http.py", line 2572, in __call__
    if self.get_static_file(httprequest.path):
       ^^^^^^^^^^^^^^^^^^^^^^^^^^^^^^^^^^^^^^
  File "D:\Odoo\odoo\odoo\http.py", line 2471, in get_static_file
    if (static != 'static' or not resource or module not in self.statics):
                                                            ^^^^^^^^^^^^
  File "D:\Odoo\odoo\odoo\tools\func.py", line 42, in __get__
    value = self.fget(obj)
            ^^^^^^^^^^^^^^
  File "D:\Odoo\odoo\odoo\http.py", line 2440, in statics
    for module in os.listdir(addons_path):
                  ^^^^^^^^^^^^^^^^^^^^^^^
FileNotFoundError: [WinError 3] The system cannot find the path specified: 'd:\\odoo\\addons'
2026-07-28 06:45:59,991 2396 INFO ? werkzeug: 127.0.0.1 - - [28/Jul/2026 06:45:59] "GET /llm_mcp_server/static/description/icon.png HTTP/1.1" 500 - 0 0.000 0.280
2026-07-28 06:46:00,137 2396 ERROR ? odoo.http: Exception during request handling. 
Traceback (most recent call last):
  File "D:\Odoo\odoo\odoo\http.py", line 2572, in __call__
    if self.get_static_file(httprequest.path):
       ^^^^^^^^^^^^^^^^^^^^^^^^^^^^^^^^^^^^^^
  File "D:\Odoo\odoo\odoo\http.py", line 2471, in get_static_file
    if (static != 'static' or not resource or module not in self.statics):
                                                            ^^^^^^^^^^^^
  File "D:\Odoo\odoo\odoo\tools\func.py", line 42, in __get__
    value = self.fget(obj)
            ^^^^^^^^^^^^^^
  File "D:\Odoo\odoo\odoo\http.py", line 2440, in statics
    for module in os.listdir(addons_path):
                  ^^^^^^^^^^^^^^^^^^^^^^^
FileNotFoundError: [WinError 3] The system cannot find the path specified: 'd:\\odoo\\addons'
2026-07-28 06:46:00,139 2396 INFO ? werkzeug: 127.0.0.1 - - [28/Jul/2026 06:46:00] "GET /mcp_connector/static/description/icon.png HTTP/1.1" 500 - 0 0.000 0.364
2026-07-28 06:46:00,169 2396 ERROR ? odoo.http: Exception during request handling. 
Traceback (most recent call last):
  File "D:\Odoo\odoo\odoo\http.py", line 2572, in __call__
    if self.get_static_file(httprequest.path):
       ^^^^^^^^^^^^^^^^^^^^^^^^^^^^^^^^^^^^^^
  File "D:\Odoo\odoo\odoo\http.py", line 2471, in get_static_file
    if (static != 'static' or not resource or module not in self.statics):
                                                            ^^^^^^^^^^^^
  File "D:\Odoo\odoo\odoo\tools\func.py", line 42, in __get__
    value = self.fget(obj)
            ^^^^^^^^^^^^^^
  File "D:\Odoo\odoo\odoo\http.py", line 2440, in statics
    for module in os.listdir(addons_path):
                  ^^^^^^^^^^^^^^^^^^^^^^^
FileNotFoundError: [WinError 3] The system cannot find the path specified: 'd:\\odoo\\addons'
2026-07-28 06:46:00,171 2396 INFO ? werkzeug: 127.0.0.1 - - [28/Jul/2026 06:46:00] "GET /mrp/static/description/icon.png HTTP/1.1" 500 - 0 0.000 0.379
2026-07-28 06:46:00,188 2396 ERROR ? odoo.http: Exception during request handling. 
Traceback (most recent call last):
  File "D:\Odoo\odoo\odoo\http.py", line 2572, in __call__
    if self.get_static_file(httprequest.path):
       ^^^^^^^^^^^^^^^^^^^^^^^^^^^^^^^^^^^^^^
  File "D:\Odoo\odoo\odoo\http.py", line 2471, in get_static_file
    if (static != 'static' or not resource or module not in self.statics):
                                                            ^^^^^^^^^^^^
  File "D:\Odoo\odoo\odoo\tools\func.py", line 42, in __get__
    value = self.fget(obj)
            ^^^^^^^^^^^^^^
  File "D:\Odoo\odoo\odoo\http.py", line 2440, in statics
    for module in os.listdir(addons_path):
                  ^^^^^^^^^^^^^^^^^^^^^^^
FileNotFoundError: [WinError 3] The system cannot find the path specified: 'd:\\odoo\\addons'
2026-07-28 06:46:00,190 2396 INFO ? werkzeug: 127.0.0.1 - - [28/Jul/2026 06:46:00] "GET /mass_mailing/static/description/icon.png HTTP/1.1" 500 - 0 0.000 0.382
2026-07-28 06:46:00,222 2396 ERROR ? odoo.http: Exception during request handling. 
Traceback (most recent call last):
  File "D:\Odoo\odoo\odoo\http.py", line 2572, in __call__
    if self.get_static_file(httprequest.path):
       ^^^^^^^^^^^^^^^^^^^^^^^^^^^^^^^^^^^^^^
  File "D:\Odoo\odoo\odoo\http.py", line 2471, in get_static_file
    if (static != 'static' or not resource or module not in self.statics):
                                                            ^^^^^^^^^^^^
  File "D:\Odoo\odoo\odoo\tools\func.py", line 42, in __get__
    value = self.fget(obj)
            ^^^^^^^^^^^^^^
  File "D:\Odoo\odoo\odoo\http.py", line 2440, in statics
    for module in os.listdir(addons_path):
                  ^^^^^^^^^^^^^^^^^^^^^^^
FileNotFoundError: [WinError 3] The system cannot find the path specified: 'd:\\odoo\\addons'
2026-07-28 06:46:00,224 2396 INFO ? werkzeug: 127.0.0.1 - - [28/Jul/2026 06:46:00] "GET /base/static/img/icons/timesheet_grid.png HTTP/1.1" 500 - 0 0.000 0.353
2026-07-28 06:46:00,327 2396 ERROR ? odoo.http: Exception during request handling. 
Traceback (most recent call last):
  File "D:\Odoo\odoo\odoo\http.py", line 2572, in __call__
    if self.get_static_file(httprequest.path):
       ^^^^^^^^^^^^^^^^^^^^^^^^^^^^^^^^^^^^^^
  File "D:\Odoo\odoo\odoo\http.py", line 2471, in get_static_file
    if (static != 'static' or not resource or module not in self.statics):
                                                            ^^^^^^^^^^^^
  File "D:\Odoo\odoo\odoo\tools\func.py", line 42, in __get__
    value = self.fget(obj)
            ^^^^^^^^^^^^^^
  File "D:\Odoo\odoo\odoo\http.py", line 2440, in statics
    for module in os.listdir(addons_path):
                  ^^^^^^^^^^^^^^^^^^^^^^^
FileNotFoundError: [WinError 3] The system cannot find the path specified: 'd:\\odoo\\addons'
2026-07-28 06:46:00,329 2396 INFO ? werkzeug: 127.0.0.1 - - [28/Jul/2026 06:46:00] "GET /hr_expense/static/description/icon.png HTTP/1.1" 500 - 0 0.000 0.175
2026-07-28 06:46:00,472 2396 ERROR ? odoo.http: Exception during request handling. 
Traceback (most recent call last):
  File "D:\Odoo\odoo\odoo\http.py", line 2572, in __call__
    if self.get_static_file(httprequest.path):
       ^^^^^^^^^^^^^^^^^^^^^^^^^^^^^^^^^^^^^^
  File "D:\Odoo\odoo\odoo\http.py", line 2471, in get_static_file
    if (static != 'static' or not resource or module not in self.statics):
                                                            ^^^^^^^^^^^^
  File "D:\Odoo\odoo\odoo\tools\func.py", line 42, in __get__
    value = self.fget(obj)
            ^^^^^^^^^^^^^^
  File "D:\Odoo\odoo\odoo\http.py", line 2440, in statics
    for module in os.listdir(addons_path):
                  ^^^^^^^^^^^^^^^^^^^^^^^
FileNotFoundError: [WinError 3] The system cannot find the path specified: 'd:\\odoo\\addons'
2026-07-28 06:46:00,475 2396 INFO ? werkzeug: 127.0.0.1 - - [28/Jul/2026 06:46:00] "GET /base/static/img/icons/web_studio.png HTTP/1.1" 500 - 0 0.000 0.180
2026-07-28 06:46:00,726 2396 ERROR ? odoo.http: Exception during request handling. 
Traceback (most recent call last):
  File "D:\Odoo\odoo\odoo\http.py", line 2572, in __call__
    if self.get_static_file(httprequest.path):
       ^^^^^^^^^^^^^^^^^^^^^^^^^^^^^^^^^^^^^^
  File "D:\Odoo\odoo\odoo\http.py", line 2471, in get_static_file
    if (static != 'static' or not resource or module not in self.statics):
                                                            ^^^^^^^^^^^^
  File "D:\Odoo\odoo\odoo\tools\func.py", line 42, in __get__
    value = self.fget(obj)
            ^^^^^^^^^^^^^^
  File "D:\Odoo\odoo\odoo\http.py", line 2440, in statics
    for module in os.listdir(addons_path):
                  ^^^^^^^^^^^^^^^^^^^^^^^
FileNotFoundError: [WinError 3] The system cannot find the path specified: 'd:\\odoo\\addons'
2026-07-28 06:46:00,729 2396 INFO ? werkzeug: 127.0.0.1 - - [28/Jul/2026 06:46:00] "GET /hr_holidays/static/description/icon.png HTTP/1.1" 500 - 0 0.000 0.276
2026-07-28 06:46:00,770 2396 ERROR ? odoo.http: Exception during request handling. 
Traceback (most recent call last):
  File "D:\Odoo\odoo\odoo\http.py", line 2572, in __call__
    if self.get_static_file(httprequest.path):
       ^^^^^^^^^^^^^^^^^^^^^^^^^^^^^^^^^^^^^^
  File "D:\Odoo\odoo\odoo\http.py", line 2471, in get_static_file
    if (static != 'static' or not resource or module not in self.statics):
                                                            ^^^^^^^^^^^^
  File "D:\Odoo\odoo\odoo\tools\func.py", line 42, in __get__
    value = self.fget(obj)
            ^^^^^^^^^^^^^^
  File "D:\Odoo\odoo\odoo\http.py", line 2440, in statics
    for module in os.listdir(addons_path):
                  ^^^^^^^^^^^^^^^^^^^^^^^
FileNotFoundError: [WinError 3] The system cannot find the path specified: 'd:\\odoo\\addons'
2026-07-28 06:46:00,773 2396 INFO ? werkzeug: 127.0.0.1 - - [28/Jul/2026 06:46:00] "GET /hr_recruitment/static/description/icon.png HTTP/1.1" 500 - 0 0.000 0.295
2026-07-28 06:46:00,817 2396 ERROR ? odoo.http: Exception during request handling. 
Traceback (most recent call last):
  File "D:\Odoo\odoo\odoo\http.py", line 2572, in __call__
    if self.get_static_file(httprequest.path):
       ^^^^^^^^^^^^^^^^^^^^^^^^^^^^^^^^^^^^^^
  File "D:\Odoo\odoo\odoo\http.py", line 2471, in get_static_file
    if (static != 'static' or not resource or module not in self.statics):
                                                            ^^^^^^^^^^^^
  File "D:\Odoo\odoo\odoo\tools\func.py", line 42, in __get__
    value = self.fget(obj)
            ^^^^^^^^^^^^^^
  File "D:\Odoo\odoo\odoo\http.py", line 2440, in statics
    for module in os.listdir(addons_path):
                  ^^^^^^^^^^^^^^^^^^^^^^^
FileNotFoundError: [WinError 3] The system cannot find the path specified: 'd:\\odoo\\addons'
2026-07-28 06:46:00,819 2396 INFO ? werkzeug: 127.0.0.1 - - [28/Jul/2026 06:46:00] "GET /base/static/img/icons/industry_fsm.png HTTP/1.1" 500 - 0 0.000 0.318
2026-07-28 06:46:00,856 2396 ERROR ? odoo.http: Exception during request handling. 
Traceback (most recent call last):
  File "D:\Odoo\odoo\odoo\http.py", line 2572, in __call__
    if self.get_static_file(httprequest.path):
       ^^^^^^^^^^^^^^^^^^^^^^^^^^^^^^^^^^^^^^
  File "D:\Odoo\odoo\odoo\http.py", line 2471, in get_static_file
    if (static != 'static' or not resource or module not in self.statics):
                                                            ^^^^^^^^^^^^
  File "D:\Odoo\odoo\odoo\tools\func.py", line 42, in __get__
    value = self.fget(obj)
            ^^^^^^^^^^^^^^
  File "D:\Odoo\odoo\odoo\http.py", line 2440, in statics
    for module in os.listdir(addons_path):
                  ^^^^^^^^^^^^^^^^^^^^^^^
FileNotFoundError: [WinError 3] The system cannot find the path specified: 'd:\\odoo\\addons'
2026-07-28 06:46:00,858 2396 INFO ? werkzeug: 127.0.0.1 - - [28/Jul/2026 06:46:00] "GET /hr/static/description/icon.png HTTP/1.1" 500 - 0 0.000 0.325
2026-07-28 06:46:00,943 2396 ERROR ? odoo.http: Exception during request handling. 
Traceback (most recent call last):
  File "D:\Odoo\odoo\odoo\http.py", line 2572, in __call__
    if self.get_static_file(httprequest.path):
       ^^^^^^^^^^^^^^^^^^^^^^^^^^^^^^^^^^^^^^
  File "D:\Odoo\odoo\odoo\http.py", line 2471, in get_static_file
    if (static != 'static' or not resource or module not in self.statics):
                                                            ^^^^^^^^^^^^
  File "D:\Odoo\odoo\odoo\tools\func.py", line 42, in __get__
    value = self.fget(obj)
            ^^^^^^^^^^^^^^
  File "D:\Odoo\odoo\odoo\http.py", line 2440, in statics
    for module in os.listdir(addons_path):
                  ^^^^^^^^^^^^^^^^^^^^^^^
FileNotFoundError: [WinError 3] The system cannot find the path specified: 'd:\\odoo\\addons'
2026-07-28 06:46:00,945 2396 INFO ? werkzeug: 127.0.0.1 - - [28/Jul/2026 06:46:00] "GET /data_recycle/static/description/icon.png HTTP/1.1" 500 - 0 0.000 0.253
2026-07-28 06:46:00,981 2396 ERROR ? odoo.http: Exception during request handling. 
Traceback (most recent call last):
  File "D:\Odoo\odoo\odoo\http.py", line 2572, in __call__
    if self.get_static_file(httprequest.path):
       ^^^^^^^^^^^^^^^^^^^^^^^^^^^^^^^^^^^^^^
  File "D:\Odoo\odoo\odoo\http.py", line 2471, in get_static_file
    if (static != 'static' or not resource or module not in self.statics):
                                                            ^^^^^^^^^^^^
  File "D:\Odoo\odoo\odoo\tools\func.py", line 42, in __get__
    value = self.fget(obj)
            ^^^^^^^^^^^^^^
  File "D:\Odoo\odoo\odoo\http.py", line 2440, in statics
    for module in os.listdir(addons_path):
                  ^^^^^^^^^^^^^^^^^^^^^^^
FileNotFoundError: [WinError 3] The system cannot find the path specified: 'd:\\odoo\\addons'
2026-07-28 06:46:00,982 2396 INFO ? werkzeug: 127.0.0.1 - - [28/Jul/2026 06:46:00] "GET /maintenance/static/description/icon.png HTTP/1.1" 500 - 0 0.000 0.195
2026-07-28 06:46:01,047 2396 INFO odoo18 odoo.addons.base.models.ir_module: ALLOW access to module.button_immediate_install on ['MCP Connector'] to user admin #2 via 127.0.0.1 
2026-07-28 06:46:01,047 2396 INFO odoo18 odoo.addons.base.models.ir_module: User #2 triggered module installation 
2026-07-28 06:46:01,048 2396 INFO odoo18 odoo.addons.base.models.ir_module: ALLOW access to module.button_install on ['MCP Connector'] to user admin #2 via 127.0.0.1 
2026-07-28 06:46:01,163 2396 INFO odoo18 odoo.modules.loading: loading 1 modules... 
2026-07-28 06:46:01,174 2396 INFO odoo18 odoo.modules.loading: 1 modules loaded in 0.01s, 0 queries (+0 extra) 
2026-07-28 06:46:01,213 2396 INFO odoo18 odoo.modules.loading: updating modules list 
2026-07-28 06:46:01,216 2396 INFO odoo18 odoo.addons.base.models.ir_module: ALLOW access to module.update_list on [] to user __system__ #1 via 127.0.0.1 
2026-07-28 06:46:01,542 2396 ERROR ? odoo.http: Exception during request handling. 
Traceback (most recent call last):
  File "D:\Odoo\odoo\odoo\http.py", line 2572, in __call__
    if self.get_static_file(httprequest.path):
       ^^^^^^^^^^^^^^^^^^^^^^^^^^^^^^^^^^^^^^
  File "D:\Odoo\odoo\odoo\http.py", line 2471, in get_static_file
    if (static != 'static' or not resource or module not in self.statics):
                                                            ^^^^^^^^^^^^
  File "D:\Odoo\odoo\odoo\tools\func.py", line 42, in __get__
    value = self.fget(obj)
            ^^^^^^^^^^^^^^
  File "D:\Odoo\odoo\odoo\http.py", line 2440, in statics
    for module in os.listdir(addons_path):
                  ^^^^^^^^^^^^^^^^^^^^^^^
FileNotFoundError: [WinError 3] The system cannot find the path specified: 'd:\\odoo\\addons'
2026-07-28 06:46:01,545 2396 INFO ? werkzeug: 127.0.0.1 - - [28/Jul/2026 06:46:01] "GET /marketing_card/static/description/icon.png HTTP/1.1" 500 - 0 0.000 0.454
2026-07-28 06:46:01,574 2396 ERROR ? odoo.http: Exception during request handling. 
Traceback (most recent call last):
  File "D:\Odoo\odoo\odoo\http.py", line 2572, in __call__
    if self.get_static_file(httprequest.path):
       ^^^^^^^^^^^^^^^^^^^^^^^^^^^^^^^^^^^^^^
  File "D:\Odoo\odoo\odoo\http.py", line 2471, in get_static_file
    if (static != 'static' or not resource or module not in self.statics):
                                                            ^^^^^^^^^^^^
  File "D:\Odoo\odoo\odoo\tools\func.py", line 42, in __get__
    value = self.fget(obj)
            ^^^^^^^^^^^^^^
  File "D:\Odoo\odoo\odoo\http.py", line 2440, in statics
    for module in os.listdir(addons_path):
                  ^^^^^^^^^^^^^^^^^^^^^^^
FileNotFoundError: [WinError 3] The system cannot find the path specified: 'd:\\odoo\\addons'
2026-07-28 06:46:01,577 2396 INFO ? werkzeug: 127.0.0.1 - - [28/Jul/2026 06:46:01] "GET /base/static/description/icon.png HTTP/1.1" 500 - 0 0.000 0.441
2026-07-28 06:46:01,630 2396 ERROR ? odoo.http: Exception during request handling. 
Traceback (most recent call last):
  File "D:\Odoo\odoo\odoo\http.py", line 2572, in __call__
    if self.get_static_file(httprequest.path):
       ^^^^^^^^^^^^^^^^^^^^^^^^^^^^^^^^^^^^^^
  File "D:\Odoo\odoo\odoo\http.py", line 2471, in get_static_file
    if (static != 'static' or not resource or module not in self.statics):
                                                            ^^^^^^^^^^^^
  File "D:\Odoo\odoo\odoo\tools\func.py", line 42, in __get__
    value = self.fget(obj)
            ^^^^^^^^^^^^^^
  File "D:\Odoo\odoo\odoo\http.py", line 2440, in statics
    for module in os.listdir(addons_path):
                  ^^^^^^^^^^^^^^^^^^^^^^^
FileNotFoundError: [WinError 3] The system cannot find the path specified: 'd:\\odoo\\addons'
2026-07-28 06:46:01,632 2396 WARNING odoo18 odoo.modules.module: addons path does not exist: d:\odoo\addons 
2026-07-28 06:46:01,632 2396 INFO ? werkzeug: 127.0.0.1 - - [28/Jul/2026 06:46:01] "GET /base/static/img/icons/sign.png HTTP/1.1" 500 - 0 0.000 0.449
2026-07-28 06:46:01,679 2396 ERROR ? odoo.http: Exception during request handling. 
Traceback (most recent call last):
  File "D:\Odoo\odoo\odoo\http.py", line 2572, in __call__
    if self.get_static_file(httprequest.path):
       ^^^^^^^^^^^^^^^^^^^^^^^^^^^^^^^^^^^^^^
  File "D:\Odoo\odoo\odoo\http.py", line 2471, in get_static_file
    if (static != 'static' or not resource or module not in self.statics):
                                                            ^^^^^^^^^^^^
  File "D:\Odoo\odoo\odoo\tools\func.py", line 42, in __get__
    value = self.fget(obj)
            ^^^^^^^^^^^^^^
  File "D:\Odoo\odoo\odoo\http.py", line 2440, in statics
    for module in os.listdir(addons_path):
                  ^^^^^^^^^^^^^^^^^^^^^^^
FileNotFoundError: [WinError 3] The system cannot find the path specified: 'd:\\odoo\\addons'
2026-07-28 06:46:01,680 2396 INFO ? werkzeug: 127.0.0.1 - - [28/Jul/2026 06:46:01] "GET /base/static/img/icons/helpdesk.png HTTP/1.1" 500 - 0 0.000 0.417
2026-07-28 06:46:01,713 2396 ERROR ? odoo.http: Exception during request handling. 
Traceback (most recent call last):
  File "D:\Odoo\odoo\odoo\http.py", line 2572, in __call__
    if self.get_static_file(httprequest.path):
       ^^^^^^^^^^^^^^^^^^^^^^^^^^^^^^^^^^^^^^
  File "D:\Odoo\odoo\odoo\http.py", line 2471, in get_static_file
    if (static != 'static' or not resource or module not in self.statics):
                                                            ^^^^^^^^^^^^
  File "D:\Odoo\odoo\odoo\tools\func.py", line 42, in __get__
    value = self.fget(obj)
            ^^^^^^^^^^^^^^
  File "D:\Odoo\odoo\odoo\http.py", line 2440, in statics
    for module in os.listdir(addons_path):
                  ^^^^^^^^^^^^^^^^^^^^^^^
FileNotFoundError: [WinError 3] The system cannot find the path specified: 'd:\\odoo\\addons'
2026-07-28 06:46:01,715 2396 INFO ? werkzeug: 127.0.0.1 - - [28/Jul/2026 06:46:01] "GET /base/static/img/icons/sale_subscription.png HTTP/1.1" 500 - 0 0.000 0.420
2026-07-28 06:46:02,199 2396 ERROR ? odoo.http: Exception during request handling. 
Traceback (most recent call last):
  File "D:\Odoo\odoo\odoo\http.py", line 2572, in __call__
    if self.get_static_file(httprequest.path):
       ^^^^^^^^^^^^^^^^^^^^^^^^^^^^^^^^^^^^^^
  File "D:\Odoo\odoo\odoo\http.py", line 2471, in get_static_file
    if (static != 'static' or not resource or module not in self.statics):
                                                            ^^^^^^^^^^^^
  File "D:\Odoo\odoo\odoo\tools\func.py", line 42, in __get__
    value = self.fget(obj)
            ^^^^^^^^^^^^^^
  File "D:\Odoo\odoo\odoo\http.py", line 2440, in statics
    for module in os.listdir(addons_path):
                  ^^^^^^^^^^^^^^^^^^^^^^^
FileNotFoundError: [WinError 3] The system cannot find the path specified: 'd:\\odoo\\addons'
2026-07-28 06:46:02,202 2396 INFO ? werkzeug: 127.0.0.1 - - [28/Jul/2026 06:46:02] "GET /base/static/img/icons/quality_control.png HTTP/1.1" 500 - 0 0.000 0.346
2026-07-28 06:46:02,280 2396 ERROR ? odoo.http: Exception during request handling. 
Traceback (most recent call last):
  File "D:\Odoo\odoo\odoo\http.py", line 2572, in __call__
    if self.get_static_file(httprequest.path):
       ^^^^^^^^^^^^^^^^^^^^^^^^^^^^^^^^^^^^^^
  File "D:\Odoo\odoo\odoo\http.py", line 2471, in get_static_file
    if (static != 'static' or not resource or module not in self.statics):
                                                            ^^^^^^^^^^^^
  File "D:\Odoo\odoo\odoo\tools\func.py", line 42, in __get__
    value = self.fget(obj)
            ^^^^^^^^^^^^^^
  File "D:\Odoo\odoo\odoo\http.py", line 2440, in statics
    for module in os.listdir(addons_path):
                  ^^^^^^^^^^^^^^^^^^^^^^^
FileNotFoundError: [WinError 3] The system cannot find the path specified: 'd:\\odoo\\addons'
2026-07-28 06:46:02,283 2396 INFO ? werkzeug: 127.0.0.1 - - [28/Jul/2026 06:46:02] "GET /website_slides/static/description/icon.png HTTP/1.1" 500 - 0 0.000 0.395
2026-07-28 06:46:02,382 2396 ERROR ? odoo.http: Exception during request handling. 
Traceback (most recent call last):
  File "D:\Odoo\odoo\odoo\http.py", line 2572, in __call__
    if self.get_static_file(httprequest.path):
       ^^^^^^^^^^^^^^^^^^^^^^^^^^^^^^^^^^^^^^
  File "D:\Odoo\odoo\odoo\http.py", line 2471, in get_static_file
    if (static != 'static' or not resource or module not in self.statics):
                                                            ^^^^^^^^^^^^
  File "D:\Odoo\odoo\odoo\tools\func.py", line 42, in __get__
    value = self.fget(obj)
            ^^^^^^^^^^^^^^
  File "D:\Odoo\odoo\odoo\http.py", line 2440, in statics
    for module in os.listdir(addons_path):
                  ^^^^^^^^^^^^^^^^^^^^^^^
FileNotFoundError: [WinError 3] The system cannot find the path specified: 'd:\\odoo\\addons'
2026-07-28 06:46:02,384 2396 INFO ? werkzeug: 127.0.0.1 - - [28/Jul/2026 06:46:02] "GET /base/static/img/icons/planning.png HTTP/1.1" 500 - 0 0.000 0.434
2026-07-28 06:46:02,438 2396 ERROR ? odoo.http: Exception during request handling. 
Traceback (most recent call last):
  File "D:\Odoo\odoo\odoo\http.py", line 2572, in __call__
    if self.get_static_file(httprequest.path):
       ^^^^^^^^^^^^^^^^^^^^^^^^^^^^^^^^^^^^^^
  File "D:\Odoo\odoo\odoo\http.py", line 2471, in get_static_file
    if (static != 'static' or not resource or module not in self.statics):
                                                            ^^^^^^^^^^^^
  File "D:\Odoo\odoo\odoo\tools\func.py", line 42, in __get__
    value = self.fget(obj)
            ^^^^^^^^^^^^^^
  File "D:\Odoo\odoo\odoo\http.py", line 2440, in statics
    for module in os.listdir(addons_path):
                  ^^^^^^^^^^^^^^^^^^^^^^^
FileNotFoundError: [WinError 3] The system cannot find the path specified: 'd:\\odoo\\addons'
2026-07-28 06:46:02,440 2396 INFO ? werkzeug: 127.0.0.1 - - [28/Jul/2026 06:46:02] "GET /website_event/static/description/icon.png HTTP/1.1" 500 - 0 0.000 0.441
2026-07-28 06:46:02,460 2396 ERROR ? odoo.http: Exception during request handling. 
Traceback (most recent call last):
  File "D:\Odoo\odoo\odoo\http.py", line 2572, in __call__
    if self.get_static_file(httprequest.path):
       ^^^^^^^^^^^^^^^^^^^^^^^^^^^^^^^^^^^^^^
  File "D:\Odoo\odoo\odoo\http.py", line 2471, in get_static_file
    if (static != 'static' or not resource or module not in self.statics):
                                                            ^^^^^^^^^^^^
  File "D:\Odoo\odoo\odoo\tools\func.py", line 42, in __get__
    value = self.fget(obj)
            ^^^^^^^^^^^^^^
  File "D:\Odoo\odoo\odoo\http.py", line 2440, in statics
    for module in os.listdir(addons_path):
                  ^^^^^^^^^^^^^^^^^^^^^^^
FileNotFoundError: [WinError 3] The system cannot find the path specified: 'd:\\odoo\\addons'
2026-07-28 06:46:02,462 2396 INFO ? werkzeug: 127.0.0.1 - - [28/Jul/2026 06:46:02] "GET /mail/static/description/icon.png HTTP/1.1" 500 - 0 0.000 0.431
2026-07-28 06:46:02,806 2396 ERROR ? odoo.http: Exception during request handling. 
Traceback (most recent call last):
  File "D:\Odoo\odoo\odoo\http.py", line 2572, in __call__
    if self.get_static_file(httprequest.path):
       ^^^^^^^^^^^^^^^^^^^^^^^^^^^^^^^^^^^^^^
  File "D:\Odoo\odoo\odoo\http.py", line 2471, in get_static_file
    if (static != 'static' or not resource or module not in self.statics):
                                                            ^^^^^^^^^^^^
  File "D:\Odoo\odoo\odoo\tools\func.py", line 42, in __get__
    value = self.fget(obj)
            ^^^^^^^^^^^^^^
  File "D:\Odoo\odoo\odoo\http.py", line 2440, in statics
    for module in os.listdir(addons_path):
                  ^^^^^^^^^^^^^^^^^^^^^^^
FileNotFoundError: [WinError 3] The system cannot find the path specified: 'd:\\odoo\\addons'
2026-07-28 06:46:02,809 2396 INFO ? werkzeug: 127.0.0.1 - - [28/Jul/2026 06:46:02] "GET /contacts/static/description/icon.png HTTP/1.1" 500 - 0 0.000 0.292
2026-07-28 06:46:03,000 2396 ERROR ? odoo.http: Exception during request handling. 
Traceback (most recent call last):
  File "D:\Odoo\odoo\odoo\http.py", line 2572, in __call__
    if self.get_static_file(httprequest.path):
       ^^^^^^^^^^^^^^^^^^^^^^^^^^^^^^^^^^^^^^
  File "D:\Odoo\odoo\odoo\http.py", line 2471, in get_static_file
    if (static != 'static' or not resource or module not in self.statics):
                                                            ^^^^^^^^^^^^
  File "D:\Odoo\odoo\odoo\tools\func.py", line 42, in __get__
    value = self.fget(obj)
            ^^^^^^^^^^^^^^
  File "D:\Odoo\odoo\odoo\http.py", line 2440, in statics
    for module in os.listdir(addons_path):
                  ^^^^^^^^^^^^^^^^^^^^^^^
FileNotFoundError: [WinError 3] The system cannot find the path specified: 'd:\\odoo\\addons'
2026-07-28 06:46:03,003 2396 INFO ? werkzeug: 127.0.0.1 - - [28/Jul/2026 06:46:03] "GET /base/static/img/icons/mrp_plm.png HTTP/1.1" 500 - 0 0.000 0.405
2026-07-28 06:46:03,146 2396 ERROR ? odoo.http: Exception during request handling. 
Traceback (most recent call last):
  File "D:\Odoo\odoo\odoo\http.py", line 2572, in __call__
    if self.get_static_file(httprequest.path):
       ^^^^^^^^^^^^^^^^^^^^^^^^^^^^^^^^^^^^^^
  File "D:\Odoo\odoo\odoo\http.py", line 2471, in get_static_file
    if (static != 'static' or not resource or module not in self.statics):
                                                            ^^^^^^^^^^^^
  File "D:\Odoo\odoo\odoo\tools\func.py", line 42, in __get__
    value = self.fget(obj)
            ^^^^^^^^^^^^^^
  File "D:\Odoo\odoo\odoo\http.py", line 2440, in statics
    for module in os.listdir(addons_path):
                  ^^^^^^^^^^^^^^^^^^^^^^^
FileNotFoundError: [WinError 3] The system cannot find the path specified: 'd:\\odoo\\addons'
2026-07-28 06:46:03,149 2396 INFO ? werkzeug: 127.0.0.1 - - [28/Jul/2026 06:46:03] "GET /base/static/img/icons/social.png HTTP/1.1" 500 - 0 0.000 0.455
2026-07-28 06:46:03,243 2396 ERROR ? odoo.http: Exception during request handling. 
Traceback (most recent call last):
  File "D:\Odoo\odoo\odoo\http.py", line 2572, in __call__
    if self.get_static_file(httprequest.path):
       ^^^^^^^^^^^^^^^^^^^^^^^^^^^^^^^^^^^^^^
  File "D:\Odoo\odoo\odoo\http.py", line 2471, in get_static_file
    if (static != 'static' or not resource or module not in self.statics):
                                                            ^^^^^^^^^^^^
  File "D:\Odoo\odoo\odoo\tools\func.py", line 42, in __get__
    value = self.fget(obj)
            ^^^^^^^^^^^^^^
  File "D:\Odoo\odoo\odoo\http.py", line 2440, in statics
    for module in os.listdir(addons_path):
                  ^^^^^^^^^^^^^^^^^^^^^^^
FileNotFoundError: [WinError 3] The system cannot find the path specified: 'd:\\odoo\\addons'
2026-07-28 06:46:03,245 2396 INFO ? werkzeug: 127.0.0.1 - - [28/Jul/2026 06:46:03] "GET /base/static/img/icons/hr_appraisal.png HTTP/1.1" 500 - 0 0.000 0.484
2026-07-28 06:46:03,247 2396 ERROR ? odoo.http: Exception during request handling. 
Traceback (most recent call last):
  File "D:\Odoo\odoo\odoo\http.py", line 2572, in __call__
    if self.get_static_file(httprequest.path):
       ^^^^^^^^^^^^^^^^^^^^^^^^^^^^^^^^^^^^^^
  File "D:\Odoo\odoo\odoo\http.py", line 2471, in get_static_file
    if (static != 'static' or not resource or module not in self.statics):
                                                            ^^^^^^^^^^^^
  File "D:\Odoo\odoo\odoo\tools\func.py", line 42, in __get__
    value = self.fget(obj)
            ^^^^^^^^^^^^^^
  File "D:\Odoo\odoo\odoo\http.py", line 2440, in statics
    for module in os.listdir(addons_path):
                  ^^^^^^^^^^^^^^^^^^^^^^^
FileNotFoundError: [WinError 3] The system cannot find the path specified: 'd:\\odoo\\addons'
2026-07-28 06:46:03,251 2396 INFO ? werkzeug: 127.0.0.1 - - [28/Jul/2026 06:46:03] "GET /fleet/static/description/icon.png HTTP/1.1" 500 - 0 0.000 0.478
2026-07-28 06:46:03,324 2396 INFO odoo18 odoo.modules.loading: loading 35 modules... 
2026-07-28 06:46:03,360 2396 INFO odoo18 odoo.modules.loading: 35 modules loaded in 0.04s, 0 queries (+0 extra) 
2026-07-28 06:46:03,363 2396 INFO odoo18 odoo.modules.loading: loading 36 modules... 
2026-07-28 06:46:03,363 2396 INFO odoo18 odoo.modules.loading: Loading module mcp_connector (9/36) 
2026-07-28 06:46:03,463 2396 ERROR ? odoo.http: Exception during request handling. 
Traceback (most recent call last):
  File "D:\Odoo\odoo\odoo\http.py", line 2572, in __call__
    if self.get_static_file(httprequest.path):
       ^^^^^^^^^^^^^^^^^^^^^^^^^^^^^^^^^^^^^^
  File "D:\Odoo\odoo\odoo\http.py", line 2471, in get_static_file
    if (static != 'static' or not resource or module not in self.statics):
                                                            ^^^^^^^^^^^^
  File "D:\Odoo\odoo\odoo\tools\func.py", line 42, in __get__
    value = self.fget(obj)
            ^^^^^^^^^^^^^^
  File "D:\Odoo\odoo\odoo\http.py", line 2440, in statics
    for module in os.listdir(addons_path):
                  ^^^^^^^^^^^^^^^^^^^^^^^
FileNotFoundError: [WinError 3] The system cannot find the path specified: 'd:\\odoo\\addons'
2026-07-28 06:46:03,465 2396 INFO ? werkzeug: 127.0.0.1 - - [28/Jul/2026 06:46:03] "GET /base/static/img/icons/marketing_automation.png HTTP/1.1" 500 - 0 0.000 0.347
2026-07-28 06:46:03,601 2396 ERROR ? odoo.http: Exception during request handling. 
Traceback (most recent call last):
  File "D:\Odoo\odoo\odoo\http.py", line 2572, in __call__
    if self.get_static_file(httprequest.path):
       ^^^^^^^^^^^^^^^^^^^^^^^^^^^^^^^^^^^^^^
  File "D:\Odoo\odoo\odoo\http.py", line 2471, in get_static_file
    if (static != 'static' or not resource or module not in self.statics):
                                                            ^^^^^^^^^^^^
  File "D:\Odoo\odoo\odoo\tools\func.py", line 42, in __get__
    value = self.fget(obj)
            ^^^^^^^^^^^^^^
  File "D:\Odoo\odoo\odoo\http.py", line 2440, in statics
    for module in os.listdir(addons_path):
                  ^^^^^^^^^^^^^^^^^^^^^^^
FileNotFoundError: [WinError 3] The system cannot find the path specified: 'd:\\odoo\\addons'
2026-07-28 06:46:03,604 2396 INFO ? werkzeug: 127.0.0.1 - - [28/Jul/2026 06:46:03] "GET /im_livechat/static/description/icon.png HTTP/1.1" 500 - 0 0.000 0.281
2026-07-28 06:46:03,835 2396 INFO odoo18 odoo.modules.registry: module mcp_connector: creating or updating database tables 
2026-07-28 06:46:03,860 2396 ERROR ? odoo.http: Exception during request handling. 
Traceback (most recent call last):
  File "D:\Odoo\odoo\odoo\http.py", line 2572, in __call__
    if self.get_static_file(httprequest.path):
       ^^^^^^^^^^^^^^^^^^^^^^^^^^^^^^^^^^^^^^
  File "D:\Odoo\odoo\odoo\http.py", line 2471, in get_static_file
    if (static != 'static' or not resource or module not in self.statics):
                                                            ^^^^^^^^^^^^
  File "D:\Odoo\odoo\odoo\tools\func.py", line 42, in __get__
    value = self.fget(obj)
            ^^^^^^^^^^^^^^
  File "D:\Odoo\odoo\odoo\http.py", line 2440, in statics
    for module in os.listdir(addons_path):
                  ^^^^^^^^^^^^^^^^^^^^^^^
FileNotFoundError: [WinError 3] The system cannot find the path specified: 'd:\\odoo\\addons'
2026-07-28 06:46:03,863 2396 INFO ? werkzeug: 127.0.0.1 - - [28/Jul/2026 06:46:03] "GET /base/static/img/icons/appointment.png HTTP/1.1" 500 - 0 0.000 0.400
2026-07-28 06:46:03,999 2396 ERROR ? odoo.http: Exception during request handling. 
Traceback (most recent call last):
  File "D:\Odoo\odoo\odoo\http.py", line 2572, in __call__
    if self.get_static_file(httprequest.path):
       ^^^^^^^^^^^^^^^^^^^^^^^^^^^^^^^^^^^^^^
  File "D:\Odoo\odoo\odoo\http.py", line 2471, in get_static_file
    if (static != 'static' or not resource or module not in self.statics):
                                                            ^^^^^^^^^^^^
  File "D:\Odoo\odoo\odoo\tools\func.py", line 42, in __get__
    value = self.fget(obj)
            ^^^^^^^^^^^^^^
  File "D:\Odoo\odoo\odoo\http.py", line 2440, in statics
    for module in os.listdir(addons_path):
                  ^^^^^^^^^^^^^^^^^^^^^^^
FileNotFoundError: [WinError 3] The system cannot find the path specified: 'd:\\odoo\\addons'
2026-07-28 06:46:04,002 2396 INFO ? werkzeug: 127.0.0.1 - - [28/Jul/2026 06:46:04] "GET /survey/static/description/icon.png HTTP/1.1" 500 - 0 0.000 0.445
2026-07-28 06:46:04,013 2396 ERROR ? odoo.http: Exception during request handling. 
Traceback (most recent call last):
  File "D:\Odoo\odoo\odoo\http.py", line 2572, in __call__
    if self.get_static_file(httprequest.path):
       ^^^^^^^^^^^^^^^^^^^^^^^^^^^^^^^^^^^^^^
  File "D:\Odoo\odoo\odoo\http.py", line 2471, in get_static_file
    if (static != 'static' or not resource or module not in self.statics):
                                                            ^^^^^^^^^^^^
  File "D:\Odoo\odoo\odoo\tools\func.py", line 42, in __get__
    value = self.fget(obj)
            ^^^^^^^^^^^^^^
  File "D:\Odoo\odoo\odoo\http.py", line 2440, in statics
    for module in os.listdir(addons_path):
                  ^^^^^^^^^^^^^^^^^^^^^^^
FileNotFoundError: [WinError 3] The system cannot find the path specified: 'd:\\odoo\\addons'
2026-07-28 06:46:04,015 2396 INFO ? werkzeug: 127.0.0.1 - - [28/Jul/2026 06:46:04] "GET /base/static/img/icons/web_mobile.png HTTP/1.1" 500 - 0 0.000 0.455
2026-07-28 06:46:04,161 2396 ERROR odoo18 odoo.schema: Table 'mcp_oauth_client': unable to set NOT NULL on column 'name' 
2026-07-28 06:46:04,165 2396 ERROR ? odoo.http: Exception during request handling. 
Traceback (most recent call last):
  File "D:\Odoo\odoo\odoo\http.py", line 2572, in __call__
    if self.get_static_file(httprequest.path):
       ^^^^^^^^^^^^^^^^^^^^^^^^^^^^^^^^^^^^^^
  File "D:\Odoo\odoo\odoo\http.py", line 2471, in get_static_file
    if (static != 'static' or not resource or module not in self.statics):
                                                            ^^^^^^^^^^^^
  File "D:\Odoo\odoo\odoo\tools\func.py", line 42, in __get__
    value = self.fget(obj)
            ^^^^^^^^^^^^^^
  File "D:\Odoo\odoo\odoo\http.py", line 2440, in statics
    for module in os.listdir(addons_path):
                  ^^^^^^^^^^^^^^^^^^^^^^^
FileNotFoundError: [WinError 3] The system cannot find the path specified: 'd:\\odoo\\addons'
2026-07-28 06:46:04,167 2396 INFO ? werkzeug: 127.0.0.1 - - [28/Jul/2026 06:46:04] "GET /repair/static/description/icon.png HTTP/1.1" 500 - 0 0.000 0.359
2026-07-28 06:46:04,167 2396 ERROR odoo18 odoo.schema: Table 'mcp_oauth_token': unable to set NOT NULL on column 'client_id' 
2026-07-28 06:46:04,171 2396 ERROR odoo18 odoo.schema: Table 'mcp_oauth_token': unable to set NOT NULL on column 'access_token' 
2026-07-28 06:46:04,174 2396 ERROR odoo18 odoo.schema: Table 'mcp_oauth_token': unable to set NOT NULL on column 'expires_at' 
2026-07-28 06:46:04,216 2396 INFO odoo18 odoo.schema: Keep unexpected index mcp_oauth_client__create_date_index on table mcp_oauth_client 
2026-07-28 06:46:04,227 2396 INFO odoo18 odoo.schema: Keep unexpected index mcp_oauth_token__user_id_index on table mcp_oauth_token 
2026-07-28 06:46:04,228 2396 INFO odoo18 odoo.schema: Keep unexpected index mcp_oauth_token__revoked_index on table mcp_oauth_token 
2026-07-28 06:46:04,228 2396 INFO odoo18 odoo.schema: Keep unexpected index mcp_oauth_token__create_date_index on table mcp_oauth_token 
2026-07-28 06:46:04,237 2396 ERROR ? odoo.http: Exception during request handling. 
Traceback (most recent call last):
  File "D:\Odoo\odoo\odoo\http.py", line 2572, in __call__
    if self.get_static_file(httprequest.path):
       ^^^^^^^^^^^^^^^^^^^^^^^^^^^^^^^^^^^^^^
  File "D:\Odoo\odoo\odoo\http.py", line 2471, in get_static_file
    if (static != 'static' or not resource or module not in self.statics):
                                                            ^^^^^^^^^^^^
  File "D:\Odoo\odoo\odoo\tools\func.py", line 42, in __get__
    value = self.fget(obj)
            ^^^^^^^^^^^^^^
  File "D:\Odoo\odoo\odoo\http.py", line 2440, in statics
    for module in os.listdir(addons_path):
                  ^^^^^^^^^^^^^^^^^^^^^^^
FileNotFoundError: [WinError 3] The system cannot find the path specified: 'd:\\odoo\\addons'
2026-07-28 06:46:04,239 2396 INFO ? werkzeug: 127.0.0.1 - - [28/Jul/2026 06:46:04] "GET /hr_attendance/static/description/icon.png HTTP/1.1" 500 - 0 0.000 0.319
2026-07-28 06:46:04,351 2396 ERROR ? odoo.http: Exception during request handling. 
Traceback (most recent call last):
  File "D:\Odoo\odoo\odoo\http.py", line 2572, in __call__
    if self.get_static_file(httprequest.path):
       ^^^^^^^^^^^^^^^^^^^^^^^^^^^^^^^^^^^^^^
  File "D:\Odoo\odoo\odoo\http.py", line 2471, in get_static_file
    if (static != 'static' or not resource or module not in self.statics):
                                                            ^^^^^^^^^^^^
  File "D:\Odoo\odoo\odoo\tools\func.py", line 42, in __get__
    value = self.fget(obj)
            ^^^^^^^^^^^^^^
  File "D:\Odoo\odoo\odoo\http.py", line 2440, in statics
    for module in os.listdir(addons_path):
                  ^^^^^^^^^^^^^^^^^^^^^^^
FileNotFoundError: [WinError 3] The system cannot find the path specified: 'd:\\odoo\\addons'
2026-07-28 06:46:04,353 2396 INFO ? werkzeug: 127.0.0.1 - - [28/Jul/2026 06:46:04] "GET /mass_mailing_sms/static/description/icon.png HTTP/1.1" 500 - 0 0.000 0.185
2026-07-28 06:46:04,509 2396 ERROR ? odoo.http: Exception during request handling. 
Traceback (most recent call last):
  File "D:\Odoo\odoo\odoo\http.py", line 2572, in __call__
    if self.get_static_file(httprequest.path):
       ^^^^^^^^^^^^^^^^^^^^^^^^^^^^^^^^^^^^^^
  File "D:\Odoo\odoo\odoo\http.py", line 2471, in get_static_file
    if (static != 'static' or not resource or module not in self.statics):
                                                            ^^^^^^^^^^^^
  File "D:\Odoo\odoo\odoo\tools\func.py", line 42, in __get__
    value = self.fget(obj)
            ^^^^^^^^^^^^^^
  File "D:\Odoo\odoo\odoo\http.py", line 2440, in statics
    for module in os.listdir(addons_path):
                  ^^^^^^^^^^^^^^^^^^^^^^^
FileNotFoundError: [WinError 3] The system cannot find the path specified: 'd:\\odoo\\addons'
2026-07-28 06:46:04,511 2396 INFO ? werkzeug: 127.0.0.1 - - [28/Jul/2026 06:46:04] "GET /base/static/img/icons/stock_barcode.png HTTP/1.1" 500 - 0 0.000 0.199
2026-07-28 06:46:04,518 2396 INFO odoo18 odoo.modules.loading: loading mcp_connector/security/mcp_security.xml 
2026-07-28 06:46:04,524 2396 ERROR odoo18 odoo.tools.convert: The XML file 'd:\odoo-mcp\custom_addons\mcp_connector\security\mcp_security.xml' does not fit the required schema! 
Traceback (most recent call last):
  File "D:\Odoo\odoo\odoo\tools\convert.py", line 716, in convert_xml_import
    relaxng.assert_(doc)
  File "src\\lxml\\etree.pyx", line 3682, in lxml.etree._Validator.assert_
AssertionError: Element odoo has extra content: data, line 3
2026-07-28 06:46:04,527 2396 WARNING odoo18 odoo.tools.convert: file:/d:/odoo-mcp/custom_addons/mcp_connector/security/mcp_security.xml:3:0:ERROR:RELAXNGV:RELAXNG_ERR_EXTRACONTENT: Element odoo has extra content: data 
2026-07-28 06:46:04,527 2396 INFO odoo18 odoo.tools.convert: Install 'jingtrang' for more precise and useful validation messages. 
2026-07-28 06:46:04,535 2396 ERROR ? odoo.http: Exception during request handling. 
Traceback (most recent call last):
  File "D:\Odoo\odoo\odoo\http.py", line 2572, in __call__
    if self.get_static_file(httprequest.path):
       ^^^^^^^^^^^^^^^^^^^^^^^^^^^^^^^^^^^^^^
  File "D:\Odoo\odoo\odoo\http.py", line 2471, in get_static_file
    if (static != 'static' or not resource or module not in self.statics):
                                                            ^^^^^^^^^^^^
  File "D:\Odoo\odoo\odoo\tools\func.py", line 42, in __get__
    value = self.fget(obj)
            ^^^^^^^^^^^^^^
  File "D:\Odoo\odoo\odoo\http.py", line 2440, in statics
    for module in os.listdir(addons_path):
                  ^^^^^^^^^^^^^^^^^^^^^^^
FileNotFoundError: [WinError 3] The system cannot find the path specified: 'd:\\odoo\\addons'
2026-07-28 06:46:04,537 2396 INFO ? werkzeug: 127.0.0.1 - - [28/Jul/2026 06:46:04] "GET /project_todo/static/description/icon.png HTTP/1.1" 500 - 0 0.000 0.208
2026-07-28 06:46:04,586 2396 WARNING odoo18 odoo.modules.loading: Transient module states were reset 
2026-07-28 06:46:04,588 2396 ERROR odoo18 odoo.modules.registry: Failed to load registry 
2026-07-28 06:46:04,597 2396 INFO odoo18 odoo.modules.loading: loading 1 modules... 
2026-07-28 06:46:04,606 2396 INFO odoo18 odoo.modules.loading: 1 modules loaded in 0.01s, 0 queries (+0 extra) 
2026-07-28 06:46:04,613 2396 INFO odoo18 odoo.modules.loading: loading 35 modules... 
2026-07-28 06:46:04,649 2396 INFO odoo18 odoo.modules.loading: 35 modules loaded in 0.04s, 0 queries (+0 extra) 
2026-07-28 06:46:04,761 2396 INFO odoo18 odoo.modules.loading: Modules loaded. 
2026-07-28 06:46:04,765 2396 INFO odoo18 odoo.modules.registry: Registry loaded in 0.178s 
2026-07-28 06:46:04,780 2396 ERROR odoo18 odoo.http: Exception during request handling. 
Traceback (most recent call last):
  File "D:\Odoo\odoo\odoo\http.py", line 2577, in __call__
    response = request._serve_db()
               ^^^^^^^^^^^^^^^^^^^
  File "D:\Odoo\odoo\odoo\http.py", line 2104, in _serve_db
    return self._transactioning(
           ^^^^^^^^^^^^^^^^^^^^^
  File "D:\Odoo\odoo\odoo\http.py", line 2167, in _transactioning
    return service_model.retrying(func, env=self.env)
           ^^^^^^^^^^^^^^^^^^^^^^^^^^^^^^^^^^^^^^^^^^
  File "D:\Odoo\odoo\odoo\service\model.py", line 157, in retrying
    result = func()
             ^^^^^^
  File "D:\Odoo\odoo\odoo\http.py", line 2134, in _serve_ir_http
    response = self.dispatcher.dispatch(rule.endpoint, args)
               ^^^^^^^^^^^^^^^^^^^^^^^^^^^^^^^^^^^^^^^^^^^^^
  File "D:\Odoo\odoo\odoo\http.py", line 2382, in dispatch
    result = self.request.registry['ir.http']._dispatch(endpoint)
             ^^^^^^^^^^^^^^^^^^^^^^^^^^^^^^^^^^^^^^^^^^^^^^^^^^^^
  File "D:\Odoo\odoo\odoo\addons\base\models\ir_http.py", line 333, in _dispatch
    result = endpoint(**request.params)
             ^^^^^^^^^^^^^^^^^^^^^^^^^^
  File "D:\Odoo\odoo\odoo\http.py", line 754, in route_wrapper
    result = endpoint(self, *args, **params_ok)
             ^^^^^^^^^^^^^^^^^^^^^^^^^^^^^^^^^^
  File "d:\odoo\odoo\addons\web\controllers\dataset.py", line 42, in call_button
    action = call_kw(request.env[model], method, args, kwargs)
             ^^^^^^^^^^^^^^^^^^^^^^^^^^^^^^^^^^^^^^^^^^^^^^^^^
  File "D:\Odoo\odoo\odoo\api.py", line 535, in call_kw
    result = getattr(recs, name)(*args, **kwargs)
             ^^^^^^^^^^^^^^^^^^^^^^^^^^^^^^^^^^^^
  File "D:\Odoo\venv\Lib\site-packages\decorator.py", line 232, in fun
    return caller(func, *(extras + args), **kw)
           ^^^^^^^^^^^^^^^^^^^^^^^^^^^^^^^^^^^^
  File "D:\Odoo\odoo\odoo\addons\base\models\ir_module.py", line 77, in check_and_log
    return method(self, *args, **kwargs)
           ^^^^^^^^^^^^^^^^^^^^^^^^^^^^^
  File "D:\Odoo\odoo\odoo\addons\base\models\ir_module.py", line 500, in button_immediate_install
    return self._button_immediate_function(self.env.registry[self._name].button_install)
           ^^^^^^^^^^^^^^^^^^^^^^^^^^^^^^^^^^^^^^^^^^^^^^^^^^^^^^^^^^^^^^^^^^^^^^^^^^^^^
  File "D:\Odoo\odoo\odoo\addons\base\models\ir_module.py", line 624, in _button_immediate_function
    registry = modules.registry.Registry.new(self._cr.dbname, update_module=True)
               ^^^^^^^^^^^^^^^^^^^^^^^^^^^^^^^^^^^^^^^^^^^^^^^^^^^^^^^^^^^^^^^^^^
  File "D:\Odoo\venv\Lib\site-packages\decorator.py", line 232, in fun
    return caller(func, *(extras + args), **kw)
           ^^^^^^^^^^^^^^^^^^^^^^^^^^^^^^^^^^^^
  File "D:\Odoo\odoo\odoo\tools\func.py", line 97, in locked
    return func(inst, *args, **kwargs)
           ^^^^^^^^^^^^^^^^^^^^^^^^^^^
  File "D:\Odoo\odoo\odoo\modules\registry.py", line 115, in new
    odoo.modules.load_modules(registry, force_demo, status, update_module)
  File "D:\Odoo\odoo\odoo\modules\loading.py", line 489, in load_modules
    processed_modules += load_marked_modules(env, graph,
                         ^^^^^^^^^^^^^^^^^^^^^^^^^^^^^^^
  File "D:\Odoo\odoo\odoo\modules\loading.py", line 365, in load_marked_modules
    loaded, processed = load_module_graph(
                        ^^^^^^^^^^^^^^^^^^
  File "D:\Odoo\odoo\odoo\modules\loading.py", line 228, in load_module_graph
    load_data(env, idref, mode, kind='data', package=package)
  File "D:\Odoo\odoo\odoo\modules\loading.py", line 72, in load_data
    tools.convert_file(env, package.name, filename, idref, mode, noupdate, kind)
  File "D:\Odoo\odoo\odoo\tools\convert.py", line 662, in convert_file
    convert_xml_import(env, module, fp, idref, mode, noupdate)
  File "D:\Odoo\odoo\odoo\tools\convert.py", line 716, in convert_xml_import
    relaxng.assert_(doc)
  File "src\\lxml\\etree.pyx", line 3682, in lxml.etree._Validator.assert_
AssertionError: Element odoo has extra content: data, line 3
2026-07-28 06:46:04,786 2396 INFO odoo18 werkzeug: 127.0.0.1 - - [28/Jul/2026 06:46:04] "POST /web/dataset/call_button/ir.module.module/button_immediate_install HTTP/1.1" 200 - 2027 1.887 1.859
2026-07-28 06:46:04,953 2396 ERROR ? odoo.http: Exception during request handling. 
Traceback (most recent call last):
  File "D:\Odoo\odoo\odoo\http.py", line 2572, in __call__
    if self.get_static_file(httprequest.path):
       ^^^^^^^^^^^^^^^^^^^^^^^^^^^^^^^^^^^^^^
  File "D:\Odoo\odoo\odoo\http.py", line 2471, in get_static_file
    if (static != 'static' or not resource or module not in self.statics):
                                                            ^^^^^^^^^^^^
  File "D:\Odoo\odoo\odoo\tools\func.py", line 42, in __get__
    value = self.fget(obj)
            ^^^^^^^^^^^^^^
  File "D:\Odoo\odoo\odoo\http.py", line 2440, in statics
    for module in os.listdir(addons_path):
                  ^^^^^^^^^^^^^^^^^^^^^^^
FileNotFoundError: [WinError 3] The system cannot find the path specified: 'd:\\odoo\\addons'
2026-07-28 06:46:04,955 2396 INFO ? werkzeug: 127.0.0.1 - - [28/Jul/2026 06:46:04] "GET /hr_skills/static/description/icon.png HTTP/1.1" 500 - 0 0.000 0.471
2026-07-28 06:46:05,032 2396 ERROR ? odoo.http: Exception during request handling. 
Traceback (most recent call last):
  File "D:\Odoo\odoo\odoo\http.py", line 2572, in __call__
    if self.get_static_file(httprequest.path):
       ^^^^^^^^^^^^^^^^^^^^^^^^^^^^^^^^^^^^^^
  File "D:\Odoo\odoo\odoo\http.py", line 2471, in get_static_file
    if (static != 'static' or not resource or module not in self.statics):
                                                            ^^^^^^^^^^^^
  File "D:\Odoo\odoo\odoo\tools\func.py", line 42, in __get__
    value = self.fget(obj)
            ^^^^^^^^^^^^^^
  File "D:\Odoo\odoo\odoo\http.py", line 2440, in statics
    for module in os.listdir(addons_path):
                  ^^^^^^^^^^^^^^^^^^^^^^^
FileNotFoundError: [WinError 3] The system cannot find the path specified: 'd:\\odoo\\addons'
2026-07-28 06:46:05,035 2396 INFO ? werkzeug: 127.0.0.1 - - [28/Jul/2026 06:46:05] "GET /base/static/img/icons/voip.png HTTP/1.1" 500 - 0 0.000 0.487
2026-07-28 06:46:05,125 2396 ERROR ? odoo.http: Exception during request handling. 
Traceback (most recent call last):
  File "D:\Odoo\odoo\odoo\http.py", line 2572, in __call__
    if self.get_static_file(httprequest.path):
       ^^^^^^^^^^^^^^^^^^^^^^^^^^^^^^^^^^^^^^
  File "D:\Odoo\odoo\odoo\http.py", line 2471, in get_static_file
    if (static != 'static' or not resource or module not in self.statics):
                                                            ^^^^^^^^^^^^
  File "D:\Odoo\odoo\odoo\tools\func.py", line 42, in __get__
    value = self.fget(obj)
            ^^^^^^^^^^^^^^
  File "D:\Odoo\odoo\odoo\http.py", line 2440, in statics
    for module in os.listdir(addons_path):
                  ^^^^^^^^^^^^^^^^^^^^^^^
FileNotFoundError: [WinError 3] The system cannot find the path specified: 'd:\\odoo\\addons'
2026-07-28 06:46:05,126 2396 INFO ? werkzeug: 127.0.0.1 - - [28/Jul/2026 06:46:05] "GET /lunch/static/description/icon.png HTTP/1.1" 500 - 0 0.000 0.451
2026-07-28 06:46:05,175 2396 ERROR ? odoo.http: Exception during request handling. 
Traceback (most recent call last):
  File "D:\Odoo\odoo\odoo\http.py", line 2572, in __call__
    if self.get_static_file(httprequest.path):
       ^^^^^^^^^^^^^^^^^^^^^^^^^^^^^^^^^^^^^^
  File "D:\Odoo\odoo\odoo\http.py", line 2471, in get_static_file
    if (static != 'static' or not resource or module not in self.statics):
                                                            ^^^^^^^^^^^^
  File "D:\Odoo\odoo\odoo\tools\func.py", line 42, in __get__
    value = self.fget(obj)
            ^^^^^^^^^^^^^^
  File "D:\Odoo\odoo\odoo\http.py", line 2440, in statics
    for module in os.listdir(addons_path):
                  ^^^^^^^^^^^^^^^^^^^^^^^
FileNotFoundError: [WinError 3] The system cannot find the path specified: 'd:\\odoo\\addons'
2026-07-28 06:46:05,176 2396 INFO ? werkzeug: 127.0.0.1 - - [28/Jul/2026 06:46:05] "GET /website_hr_recruitment/static/description/icon.png HTTP/1.1" 500 - 0 0.000 0.358
2026-07-28 06:46:05,189 2396 ERROR ? odoo.http: Exception during request handling. 
Traceback (most recent call last):
  File "D:\Odoo\odoo\odoo\http.py", line 2572, in __call__
    if self.get_static_file(httprequest.path):
       ^^^^^^^^^^^^^^^^^^^^^^^^^^^^^^^^^^^^^^
  File "D:\Odoo\odoo\odoo\http.py", line 2471, in get_static_file
    if (static != 'static' or not resource or module not in self.statics):
                                                            ^^^^^^^^^^^^
  File "D:\Odoo\odoo\odoo\tools\func.py", line 42, in __get__
    value = self.fget(obj)
            ^^^^^^^^^^^^^^
  File "D:\Odoo\odoo\odoo\http.py", line 2440, in statics
    for module in os.listdir(addons_path):
                  ^^^^^^^^^^^^^^^^^^^^^^^
FileNotFoundError: [WinError 3] The system cannot find the path specified: 'd:\\odoo\\addons'
2026-07-28 06:46:05,190 2396 INFO ? werkzeug: 127.0.0.1 - - [28/Jul/2026 06:46:05] "GET /base/static/img/icons/sale_amazon.png HTTP/1.1" 500 - 0 0.000 0.339
2026-07-28 06:46:05,279 2396 ERROR ? odoo.http: Exception during request handling. 
Traceback (most recent call last):
  File "D:\Odoo\odoo\odoo\http.py", line 2572, in __call__
    if self.get_static_file(httprequest.path):
       ^^^^^^^^^^^^^^^^^^^^^^^^^^^^^^^^^^^^^^
  File "D:\Odoo\odoo\odoo\http.py", line 2471, in get_static_file
    if (static != 'static' or not resource or module not in self.statics):
                                                            ^^^^^^^^^^^^
  File "D:\Odoo\odoo\odoo\tools\func.py", line 42, in __get__
    value = self.fget(obj)
            ^^^^^^^^^^^^^^
  File "D:\Odoo\odoo\odoo\http.py", line 2440, in statics
    for module in os.listdir(addons_path):
                  ^^^^^^^^^^^^^^^^^^^^^^^
FileNotFoundError: [WinError 3] The system cannot find the path specified: 'd:\\odoo\\addons'
2026-07-28 06:46:05,280 2396 INFO ? werkzeug: 127.0.0.1 - - [28/Jul/2026 06:46:05] "GET /hr_contract/static/description/icon.png HTTP/1.1" 500 - 0 0.000 0.180
2026-07-28 06:46:40,950 2396 ERROR ? odoo.http: Exception during request handling. 
Traceback (most recent call last):
  File "D:\Odoo\odoo\odoo\http.py", line 2572, in __call__
    if self.get_static_file(httprequest.path):
       ^^^^^^^^^^^^^^^^^^^^^^^^^^^^^^^^^^^^^^
  File "D:\Odoo\odoo\odoo\http.py", line 2471, in get_static_file
    if (static != 'static' or not resource or module not in self.statics):
                                                            ^^^^^^^^^^^^
  File "D:\Odoo\odoo\odoo\tools\func.py", line 42, in __get__
    value = self.fget(obj)
            ^^^^^^^^^^^^^^
  File "D:\Odoo\odoo\odoo\http.py", line 2440, in statics
    for module in os.listdir(addons_path):
                  ^^^^^^^^^^^^^^^^^^^^^^^
FileNotFoundError: [WinError 3] The system cannot find the path specified: 'd:\\odoo\\addons'
2026-07-28 06:46:40,952 2396 INFO ? werkzeug: 127.0.0.1 - - [28/Jul/2026 06:46:40] "GET /web/static/img/favicon.ico HTTP/1.1" 500 - 0 0.000 0.127
2026-07-28 06:46:43,134 2396 ERROR ? odoo.http: Exception during request handling. 
Traceback (most recent call last):
  File "D:\Odoo\odoo\odoo\http.py", line 2572, in __call__
    if self.get_static_file(httprequest.path):
       ^^^^^^^^^^^^^^^^^^^^^^^^^^^^^^^^^^^^^^
  File "D:\Odoo\odoo\odoo\http.py", line 2471, in get_static_file
    if (static != 'static' or not resource or module not in self.statics):
                                                            ^^^^^^^^^^^^
  File "D:\Odoo\odoo\odoo\tools\func.py", line 42, in __get__
    value = self.fget(obj)
            ^^^^^^^^^^^^^^
  File "D:\Odoo\odoo\odoo\http.py", line 2440, in statics
    for module in os.listdir(addons_path):
                  ^^^^^^^^^^^^^^^^^^^^^^^
FileNotFoundError: [WinError 3] The system cannot find the path specified: 'd:\\odoo\\addons'
2026-07-28 06:46:43,136 2396 INFO ? werkzeug: 127.0.0.1 - - [28/Jul/2026 06:46:43] "GET /base/static/description/icon.png HTTP/1.1" 500 - 0 0.000 0.132
2026-07-28 06:46:45,295 2396 ERROR ? odoo.http: Exception during request handling. 
Traceback (most recent call last):
  File "D:\Odoo\odoo\odoo\http.py", line 2572, in __call__
    if self.get_static_file(httprequest.path):
       ^^^^^^^^^^^^^^^^^^^^^^^^^^^^^^^^^^^^^^
  File "D:\Odoo\odoo\odoo\http.py", line 2471, in get_static_file
    if (static != 'static' or not resource or module not in self.statics):
                                                            ^^^^^^^^^^^^
  File "D:\Odoo\odoo\odoo\tools\func.py", line 42, in __get__
    value = self.fget(obj)
            ^^^^^^^^^^^^^^
  File "D:\Odoo\odoo\odoo\http.py", line 2440, in statics
    for module in os.listdir(addons_path):
                  ^^^^^^^^^^^^^^^^^^^^^^^
FileNotFoundError: [WinError 3] The system cannot find the path specified: 'd:\\odoo\\addons'
2026-07-28 06:46:45,297 2396 INFO ? werkzeug: 127.0.0.1 - - [28/Jul/2026 06:46:45] "GET /mcp_connector/static/description/icon.png HTTP/1.1" 500 - 0 0.000 0.134
